0.6134,-0.3522,0.8319,-0.2768,-1.1966,-1.2200,-1.7288,-0.1910,-0.6950,0.4422
-1.2941,-0.1986,0.2903,-1.3777,-0.7193,-0.3161,-1.3930,1.0075,-1.6504,0.9455
0.7669,1.2081,1.3749,0.6948,1.0640,1.1829,-1.3006,-0.3987,-1.5217,-1.4795
1.1680,-0.4928,-0.0615,0.2002,-0.8177,-1.3110,1.6906,-1.5564,-0.4862,-1.3928
0.4244,0.6806,-0.5477,-0.9916,1.3983,1.2582,1.3797,-1.5879,1.5624,1.5957
0.0981,-1.7398,-0.4637,-0.4936,-0.4176,0.5442,-1.6122,1.2583,0.9259,-1.3052
-1.3120,1.4899,-0.8429,0.4965,-1.4272,-0.0413,0.0321,-0.6319,-0.9575,-0.7616
-0.6061,0.2140,0.1137,1.3893,1.6241,0.6580,-0.3107,0.4494,0.4919,0.4921
0.5162,-1.3335,-1.6875,0.4343,-1.4580,-1.2406,-0.1298,-0.2679,0.4650,0.1273
-1.4363,-0.6743,0.0224,-0.0888,-1.1006,0.8299,1.2103,0.7859,1.6617,0.5555
0.2994,-0.0135,-1.4177,-1.4530,-0.2793,-0.8224,0.1802,1.0575,0.1374,0.5262
-0.9904,0.6150,0.1950,1.1086,-1.2697,-0.3090,-0.2193,0.3305,-0.7479,-1.5417
-1.1059,1.7231,0.8302,-0.5563,-1.4185,0.7916,-1.4872,1.0571,-0.0444,-0.0256
0.5481,-0.4919,-1.3423,-0.4577,-1.3777,-0.5252,-0.7027,0.6617,0.4800,-0.5938
0.5619,-1.1373,1.1732,1.0479,1.0989,1.0465,-0.9649,0.5447,0.7983,0.5026
0.6804,-0.7421,1.0898,0.4611,0.1651,-0.7090,0.7588,1.4355,-1.6492,0.1331
0.0895,-0.6266,1.5750,0.3442,-1.6202,-0.6879,0.3776,0.8002,0.4402,1.6661
1.7423,-0.0606,1.3890,-0.4408,-0.0782,1.0193,0.6817,-1.1721,-1.6347,-1.6213
1.4225,-0.7295,0.2500,0.3331,1.5072,0.5787,1.3848,-0.4229,1.4091,-0.1695
-0.4770,-0.8091,-1.4528,-0.7066,-0.6399,0.7524,1.6827,1.1531,0.4181,-0.8602
-1.0259,0.8405,-0.3002,-1.2855,-0.6421,-1.0693,-0.2688,-0.0570,0.0277,0.6222
-1.4465,-1.2905,0.2704,1.2120,-0.5717,-1.6962,-1.0650,-0.0340,0.5579,0.8989
-0.7700,0.7143,-1.3742,-0.0444,0.6619,-1.3588,1.4167,0.0431,-0.4737,-0.2123
1.5557,-0.0957,-0.0332,-0.9950,-0.8914,0.3422,0.1455,-0.1649,0.1659,0.7237
1.1942,0.8087,-0.9478,0.3640,1.2056,1.2820,-1.5555,-1.2801,0.1154,0.8514
-1.3176,-0.2214,0.9716,-1.5951,0.2992,-0.8839,-0.8888,1.5518,0.6985,-0.1893
-0.4411,-1.6273,0.0229,1.2986,-1.1327,0.5636,-1.4335,0.4471,0.9095,0.8138
-1.2733,-0.4248,-1.3973,-0.5502,0.7905,-0.0795,0.8974,0.7420,0.2335,-1.2809
0.6648,-0.9219,-1.3386,0.2868,-0.1539,-1.5987,-1.3838,0.4305,1.2955,-0.3903
0.4376,0.6641,0.0318,1.4852,1.1236,0.5681,-0.1110,0.8064,0.6089,-1.2230
-0.9616,0.2090,-0.3080,-0.7603,0.4378,-1.3290,0.6051,1.1637,0.6956,-0.3354
-1.3343,0.6594,1.0366,0.9538,0.2370,1.5985,-0.6934,-1.6346,-0.4505,1.4075
0.3640,-0.6098,0.0414,0.7804,-1.0358,1.4290,-0.4968,-1.1868,0.3290,-0.5815
-1.3634,-1.5050,0.6781,0.4331,-0.8644,0.9927,0.8397,-1.4420,1.5566,0.2395
0.9484,-0.9448,-1.1330,-0.3507,-0.8639,0.5048,-0.4089,-1.4922,-0.5605,0.8835
-0.0219,-0.0802,-1.6342,-1.3494,0.3332,-0.9594,-1.4487,-0.7188,1.3174,-0.8253
-1.2290,-0.8217,-1.2814,-0.0846,-0.2266,-1.5735,-1.1674,-0.0844,-1.5667,-0.8641
1.0306,1.3847,-0.7606,-1.2873,0.4696,-1.0117,1.0872,-1.1676,-0.9452,1.4165
0.4853,1.5905,-0.6115,-0.2683,-0.4903,0.4248,-0.0463,-1.0275,-0.0528,-0.7003
-0.7042,-0.1040,0.7642,-1.0113,-1.0022,-1.2086,0.2206,-1.6505,0.6124,-0.2061
-1.2062,0.3081,-1.6307,1.6732,-1.5773,-1.0987,1.2387,1.4044,0.2335,1.0592
1.6627,-0.6450,-0.1840,1.2526,0.9642,1.4870,-0.4349,-0.1213,0.6171,-0.6074
0.9605,1.0966,-0.7369,0.3712,-0.9416,-1.4763,0.0659,0.4888,-0.3114,1.2136
-1.0592,-0.6074,0.8548,1.1587,0.2016,0.8283,1.7203,-1.2188,-1.5259,-0.0806
0.1919,-1.3924,-0.3905,-1.3155,-0.4745,-1.4272,-0.2738,1.2831,0.7843,1.4142
-1.4352,0.6769,-0.1622,0.7589,-0.9243,0.7274,-1.7414,-1.3674,1.3102,-1.6626
-0.3536,-1.2227,0.6041,-0.1477,1.3733,0.5562,1.6614,-1.2507,0.6309,-1.0867
-0.0738,0.7614,-1.5684,-0.3660,-0.1562,1.0184,0.8362,1.3550,-0.5987,1.3762
0.2139,0.0000,0.2100,-0.9730,-1.3292,0.0619,-0.3302,-1.6120,0.9775,0.9595
-0.4316,-1.1382,0.0204,0.4097,1.0979,0.3832,0.6163,1.0182,0.8307,0.5804
-0.9320,-1.6095,-0.3564,-1.6506,-1.4305,-0.2509,-0.2392,-0.6422,0.8592,0.3710
1.0774,-1.2357,1.4704,0.9225,-1.6041,-0.4181,0.5900,-0.6706,0.6209,-1.6432
1.0433,-0.5899,0.6900,0.0406,0.7761,1.0349,1.4684,-1.3061,-1.3467,-0.7985
-0.8411,0.6550,-1.6615,0.4161,-0.1642,-1.6985,-0.0764,-0.5125,-0.7696,-1.4649
1.2483,-0.0394,-1.6648,-1.5468,-0.2821,-1.3541,1.0333,-0.0773,-1.4100,-0.5465
-1.6612,-1.6199,-0.0395,-0.7170,-1.7036,1.6754,-1.6682,-1.4817,1.0636,-1.0041
-0.1111,-1.5975,-1.4089,-0.5181,-1.3747,-0.1627,-0.9473,-1.4538,-0.3810,-0.3005
1.1011,1.0235,1.5093,-0.0964,-1.5661,-1.1876,-0.4971,0.9753,0.6455,-1.6142
0.0766,-0.0843,0.7396,0.7752,-1.6826,0.7354,-0.7599,-0.7294,1.6018,-0.8203
0.1949,1.0740,0.0022,-0.9810,1.1562,1.2622,-0.7120,1.1402,-0.1094,-0.1159
-0.2781,-0.0961,-1.4050,-0.4247,-1.4965,1.1014,-0.3032,0.3805,-0.2171,-1.7237
-0.3659,-0.9702,1.4943,1.2057,-0.2152,-0.9473,-0.6132,-0.0435,1.5897,-1.0812
1.6479,1.5174,0.3828,-1.4407,0.8545,0.1601,-0.6302,-0.8806,0.3404,1.6826
1.6226,1.1335,-0.2630,0.7393,0.9664,-1.2578,-0.4857,1.0999,-0.0372,-1.0336
-0.4910,-0.0568,1.5279,-0.6853,-0.3899,0.7552,-0.0927,-1.2878,-1.3127,-1.1271
-0.4214,-1.6498,-0.2861,-0.0758,1.1615,-0.0044,-0.3458,1.2749,-0.2731,-0.9505
1.6169,-0.2493,-1.2334,-0.4227,-1.6632,1.3543,-0.1848,0.3068,0.5471,1.2674
0.5168,1.4984,-1.4056,0.8553,-0.9136,-0.3204,1.5082,1.2629,-0.5378,1.1373
1.3210,0.1641,-0.3395,-0.9826,-1.4212,0.2793,0.5225,1.1188,1.7858,1.6493
-1.3186,0.3285,1.2415,-0.8994,-0.4920,1.5619,-1.0494,0.7905,-1.6069,0.3251
1.4941,0.6183,0.6029,-0.4540,-0.5192,1.6460,1.3177,0.1382,-1.5276,1.5291
0.0176,1.7470,-0.1394,-0.7625,1.0161,1.2412,1.1411,-0.9703,-0.3592,-1.0251
1.6971,0.5921,-1.1071,1.3404,0.3561,-0.4158,0.2626,0.5615,1.1694,-1.1258
-1.1206,0.2774,0.0782,-0.5631,-0.6804,0.8686,0.0157,-0.1442,-1.1660,-1.5080
-0.9247,0.3396,-1.6008,-0.2760,1.3862,-0.6172,-0.7296,1.6508,-0.2339,1.6888
-0.1783,1.5345,-1.2547,0.9649,1.2098,1.6114,-1.5933,-1.6269,0.3706,-1.4000
0.8163,0.1485,1.6358,1.1504,0.4230,0.4715,0.5462,1.5465,0.8434,-0.6068
-0.9934,0.4203,0.6408,-0.1803,1.0693,-0.8029,0.4132,-1.2876,0.6601,-0.5608
0.0956,-0.9022,-1.5265,-0.3377,1.1415,-0.8081,-1.3139,1.5380,-1.1434,-1.6063
0.9214,0.7352,1.1314,0.1030,1.5612,1.4753,-0.5870,1.0213,1.2067,-1.5524
1.3343,0.3619,-0.0174,-1.6549,1.6419,1.1498,-0.8611,1.5582,0.9947,1.4872
1.6349,0.9939,-1.4825,1.5889,-1.2098,-0.6780,0.0809,0.9060,-1.6426,1.0462
1.4728,-1.5488,-1.3602,-1.5232,0.1109,1.1806,1.0947,-1.0632,1.0907,-0.1670
-0.8305,-1.0218,0.4989,-0.8558,1.0926,1.5746,-0.3557,-0.9413,0.9656,-0.4429
-0.5533,-0.9503,-0.9736,-0.1852,-0.4870,-1.3751,0.8058,0.6873,-0.1970,1.5390
-1.6580,0.3723,-0.1223,0.5605,-1.6355,-0.4139,-1.4331,1.2297,-0.0307,-0.4426
0.3203,-1.0455,1.2388,-0.7641,0.0710,-1.0299,0.7576,0.3719,0.7729,-1.4908
-0.3840,-1.6550,1.1789,1.0622,0.8806,0.5407,-0.0357,0.4473,0.4801,0.5673
-0.9596,-0.8860,1.1760,-1.2932,-0.6979,1.2063,-1.5998,1.5539,-0.1366,-0.0295
-0.6145,-0.3288,1.4635,-0.9974,0.8580,0.0907,1.5043,-1.5619,-1.0118,-1.0642
-0.8467,1.2746,-1.0246,-0.6417,-1.7011,0.1090,-1.7309,-1.3503,-1.4475,-0.2207
0.3679,1.2462,0.1031,0.2765,1.4924,1.6946,-1.2307,0.3559,1.3725,-1.0063
-0.0359,1.3541,0.7930,1.2742,1.3738,-0.9480,1.4524,0.7997,-1.4386,1.3492
-1.3708,0.8154,0.3678,1.1371,-0.0713,-0.3728,0.6912,-1.1309,-1.4656,-0.0387
-1.2038,-0.2269,-0.5432,-1.1872,1.0171,1.5537,-1.4081,0.5324,-0.3814,-0.5599
0.3647,-0.0029,-1.5658,-1.4152,-1.3727,0.7507,-0.0492,-0.0436,-0.8191,1.2111
0.9855,1.1591,-0.0104,0.3582,0.4954,1.0415,1.6006,-0.1082,0.4038,1.1652
0.1444,0.1393,1.1713,1.0057,1.5420,-0.0899,-0.8618,-1.5959,-1.6086,0.4747
0.2127,1.6610,-1.4753,-0.9571,0.1327,1.3373,1.3982,1.4214,-0.0100,-0.2761
-1.3513,0.1664,-1.0155,-1.3203,-0.2837,-0.8648,1.5008,-1.6559,-1.0307,-0.9152
0.0416,-0.8866,-0.7251,-1.5803,-1.1444,-0.0348,0.4104,1.0812,0.0080,1.1875
0.8358,0.0179,0.9569,1.3667,1.5267,-0.3705,-1.0835,1.4556,-1.7263,-0.6521
-1.3495,-0.3018,-1.6496,0.3679,1.2659,1.2925,1.2088,0.5042,0.0524,-0.8483
1.5486,-0.9651,-1.4320,0.4034,0.2610,-0.2253,-1.2321,-0.4873,0.5573,1.2781
-0.3713,0.3394,0.0364,1.6985,-0.7808,-0.6984,0.4826,-0.6311,0.1933,1.7039
-0.2416,-0.8313,-1.5452,0.1448,0.2367,1.0806,-0.4790,-1.5819,-1.7139,0.7948
1.0842,-0.1473,-1.0123,1.4912,1.2457,0.2482,-0.4160,0.0885,-0.2855,-0.6832
0.5711,1.3147,1.3324,-1.5903,1.6558,1.4029,0.5293,0.8473,1.0702,0.6592
-0.8795,-0.2184,-0.3067,1.5371,1.1382,1.4046,1.0264,-1.5097,0.1079,1.2487
0.7269,1.1453,1.4239,-1.0380,0.9307,0.9165,-0.7385,0.5950,0.5108,-1.5364
1.2488,0.3383,-0.9150,0.7211,-1.0090,1.3303,1.1372,-0.3980,-1.3341,0.3653
-0.3782,1.0604,0.2533,-1.1245,-0.7459,-0.3028,-0.0779,-1.5665,-1.4428,1.6246
1.7063,-1.2693,-0.8617,1.0239,-0.8929,0.3228,-1.5060,0.4486,-1.4032,0.0487
0.8043,-1.2572,0.6807,1.5685,-1.2541,0.3643,-0.7417,-0.3607,-0.2473,0.6897
-0.7822,1.2464,1.2581,-0.7893,-0.4548,-1.6493,-0.1528,0.9797,0.6956,-0.8260
1.2341,1.5696,-0.0998,0.3194,1.2869,0.9910,1.1895,1.5138,0.5846,-0.7303
1.6562,1.3108,1.4339,0.4014,1.0071,0.5285,-1.2232,-1.2146,0.2197,-0.3021
-0.5837,-0.2339,-1.1505,1.2472,0.6842,-0.5435,-0.9737,0.1571,1.3049,0.8804
0.5666,-0.9158,-0.3821,-1.1577,0.7359,0.5545,0.4485,0.2670,-1.0279,1.0462
-0.9315,0.0905,0.6258,1.5888,0.0344,-0.1138,-0.8725,0.9612,1.8020,1.4339
0.4835,1.5542,0.9993,0.3394,-0.0659,-1.1577,-1.4221,0.3367,0.1724,-1.5926
0.7909,-1.5200,-0.4962,0.8283,0.6346,1.0008,0.3198,0.2160,-1.1107,-0.6033
1.3157,0.3872,-1.2296,-0.7856,0.1714,-0.8685,0.9824,1.6808,-0.6311,-0.8435
0.2955,-0.7132,-0.6525,-1.4592,1.3296,0.2922,-1.3449,1.5871,-1.5898,-0.5358
-0.8293,1.7013,-0.8326,0.3537,1.3845,0.1591,-0.3630,-1.0938,-1.0375,1.3878
-0.1049,-0.6487,1.4446,-1.3309,-0.8640,-1.5087,1.4160,-1.4707,0.1845,0.2544
0.4751,0.8089,1.6122,0.9554,0.9113,0.8599,1.1370,-1.2701,0.6283,-1.5021
1.1741,0.8040,1.0534,1.6085,-0.1275,1.3178,-0.9195,0.4526,-1.0417,0.3480
-1.5622,-1.0870,-0.0405,1.4777,-1.1737,1.1002,1.4329,0.6506,-0.9433,-0.8212
-0.9159,-1.2422,-0.1713,0.3597,-0.7778,-0.0668,0.5383,1.4813,-1.6648,-1.4108
-0.5974,-0.9420,0.0014,-0.9095,0.4933,0.0112,-1.1015,-1.1817,1.5338,-0.6075
0.7395,-1.2013,1.0461,-0.1973,0.9004,-0.6578,-1.6558,-0.5621,0.7732,1.0349
-1.4198,0.9373,1.6667,1.6727,-0.4422,-0.4139,1.3440,0.5961,-1.1240,-0.4838
0.6057,1.4966,-1.5157,0.8739,-1.5409,-1.4101,-0.4632,-0.3453,-1.3726,-1.5885
1.4735,0.8315,-0.3503,-1.3046,-1.3235,0.3376,0.5274,1.3633,-1.7241,1.6222
0.9557,-1.1164,-1.6672,-1.0978,-0.1585,-1.6822,-0.0549,1.6424,0.7426,-1.1762
-0.8454,0.7541,-1.1053,-0.5698,-0.9539,1.5562,-0.0651,-1.2046,1.0115,1.0765
-0.1321,-0.0624,-1.3150,0.1394,1.0487,0.4403,1.6736,0.5039,1.1274,-1.0206
0.1683,1.6394,1.2545,-0.6194,1.6634,0.8454,-0.5860,-1.0031,-0.9268,1.4254
1.4343,-0.3919,-0.7071,-0.3239,-1.5829,1.4422,1.6057,0.9207,1.3523,0.3668
0.4176,1.0347,-0.9228,-1.3550,-1.5260,-1.6408,0.3650,-0.9339,-0.7863,-0.9461
1.1677,-0.0695,-1.3373,0.4916,1.5465,0.6516,-1.3584,-1.3298,1.7356,1.6093
1.7304,0.0680,-0.7564,-0.5615,0.0283,1.5514,-0.6058,-0.7382,0.5890,0.9739
1.0994,1.2988,-1.3419,0.6183,0.1533,-0.7239,1.5308,-0.0034,0.5794,-0.5439
0.6589,0.2760,0.9479,0.1380,1.4812,1.3299,0.1771,1.2884,-1.6052,0.6462
1.1566,0.8500,-1.5299,-0.1844,1.4544,-1.3791,0.8986,1.2693,-1.4115,0.7237
0.2762,0.0088,-1.6528,0.7971,-1.1747,-0.6918,-0.1348,-1.3527,0.9487,-0.1359
0.5519,0.1560,-1.5178,1.5797,-0.5409,0.7188,1.1043,1.5408,-1.5658,-0.7736
1.7628,0.8789,0.2435,-0.0559,-0.0082,-0.0468,0.8899,-1.3770,0.5027,1.3678
0.1554,0.9682,-1.4192,-0.8742,-0.4343,-1.0711,-1.2016,0.6148,1.0084,-0.3565
-0.8370,-0.5265,0.2154,-0.6583,1.4751,-1.6107,1.5505,-1.1923,0.9315,-0.6840
-1.0638,1.1319,0.4057,-1.5596,-0.1057,1.6668,-1.6308,-0.5146,1.4254,1.3199
-0.6265,-1.2346,0.5681,-0.0231,0.4648,0.0177,-0.4997,-1.5712,0.3277,-0.3371
-0.3851,-1.0337,-0.6171,-1.3283,1.0528,0.2226,-1.0989,-1.2520,-0.4172,-1.0600
-1.6511,1.5714,1.1904,-0.6362,-1.5214,-0.9922,-0.5486,-1.6393,-0.1374,0.6063
-0.1558,-0.3784,-1.0981,-1.5437,1.5066,-0.1697,-0.6616,1.2481,0.4649,1.0835
0.3145,1.4385,1.1926,-0.7270,-0.5359,-0.6969,-1.6933,-1.3615,-0.4599,1.6685
1.6441,1.7175,1.2662,-1.6260,-1.3556,1.4088,-0.6791,-0.6809,0.0219,0.9965
-0.2118,-1.6977,0.3711,1.2798,1.4665,0.5542,-1.1855,-1.0415,-1.5138,-0.8228
0.1858,0.4604,1.1328,-1.4978,1.3474,1.3999,-1.1182,1.6766,0.7518,-0.3435
0.1361,1.3306,1.3003,-0.2077,0.4202,-1.5681,0.6264,-1.1970,0.0117,-1.0434
0.8041,-1.6320,-0.0642,1.0724,-1.1149,0.9169,-0.5952,0.7321,-1.0147,0.9667
1.4186,-0.9418,-0.1471,-0.8440,1.4338,-0.5020,0.3839,0.6703,-0.2552,0.3257
-1.1623,-0.9817,-1.1220,0.8496,-0.8442,-0.3254,-1.3085,-0.3988,0.3356,1.4420
-1.1338,0.1844,-1.0756,1.0910,0.0292,0.8258,0.3636,-1.6037,1.3860,-1.5133
-1.4318,-0.1208,-1.4680,-0.2273,-0.9112,-0.1950,0.9599,-0.6767,-1.5461,0.4530
-0.4869,1.3372,-0.8111,-1.5715,-1.1769,0.9715,-1.1486,-1.5081,-0.8208,0.4775
1.3893,1.2854,-0.7471,0.9158,1.3840,-0.9618,-1.5329,-0.0054,1.5534,-0.0963
0.4436,0.5144,-0.1570,-0.6238,0.0051,0.2331,0.1722,1.4237,-1.2236,1.1449
0.5067,1.1795,-1.0001,1.3502,-0.8439,0.8945,-0.3521,-0.2089,0.5334,0.9883
-1.2714,1.1842,0.0323,-1.4651,-1.6496,1.5406,-0.0611,-1.2148,0.8910,-1.5330
-0.2832,0.9367,-1.2532,0.0405,1.0722,1.6042,-0.8859,-0.9101,-0.8835,0.3920
-1.6176,0.7184,0.3906,0.5267,-0.2981,-1.5283,0.7366,-1.2684,-1.0559,0.6398
0.1500,-0.6369,-0.3144,1.3410,-0.3608,0.2415,1.2283,1.6241,-0.8910,-0.8005
1.7183,0.4327,1.6699,0.2909,-1.3002,-0.5249,-0.9722,-0.6091,0.6621,0.1071
1.4981,0.9354,-0.9577,-1.1921,-1.3022,-0.6725,0.3905,0.3308,1.4261,-1.5250
-0.4745,-0.7383,-0.3801,0.2182,0.1964,-0.9528,-0.4889,-1.1453,-0.3506,0.5096
-0.3581,-0.5565,0.0939,-1.1910,-1.5201,-0.5743,-0.8585,-0.0028,-0.7064,0.6407
-1.2055,-0.1616,1.6611,0.9796,-0.5826,-0.7936,-1.2249,-0.5565,0.6908,0.6088
-0.9093,0.4138,-1.1270,-0.5243,-0.9799,-0.2211,-1.5754,-0.6428,-1.6990,0.6098
-0.6434,-1.6609,-0.6906,-0.6744,0.7333,-0.4105,0.1321,-0.8358,-1.7095,-0.1684
1.2844,0.7554,1.3606,1.2897,0.1586,-0.1995,1.6040,-0.0948,1.3992,-1.1849
-0.2667,-1.0919,1.5316,-0.7286,1.4178,-1.6896,-1.5902,0.6516,-1.5740,1.2556
-0.4335,-1.4133,1.6318,1.0891,-1.7100,0.8891,-0.8220,-1.0630,-1.4129,1.4587
-1.6344,-1.6115,-1.0090,1.0398,-1.3667,-0.6728,-0.7043,-0.3367,1.0470,-0.6478
0.0901,1.7264,0.2563,-0.3864,-1.0816,0.9078,-0.9727,-0.6636,-0.4236,0.7455
-0.2190,-0.6386,-0.2886,-0.4733,-1.0429,-0.3661,0.9985,-0.5654,0.3494,-0.2759
0.2483,0.3027,-0.2921,-0.0979,-0.0760,-1.3210,-1.7000,-1.3897,0.0791,-0.1804
0.1264,-1.0199,0.0702,-1.0036,-0.5883,0.7520,0.6091,1.1051,0.9258,0.5977
1.1877,1.1364,0.8908,-1.1516,0.5043,0.1728,0.1832,-0.9966,1.6011,-0.0160
-1.3641,1.3824,1.3796,0.1824,0.0597,-1.4117,-1.4205,-1.7141,0.7849,-0.3649
0.7495,1.2093,1.6248,0.4815,-0.0476,0.6981,1.6359,-1.6078,-1.7312,-0.0431
-0.5683,-1.5686,-0.1652,0.9687,-0.1033,1.4604,-0.1025,-0.6570,0.1769,0.2279
-1.5428,-0.9619,-0.8584,-1.3955,-1.3514,0.7344,-0.5337,1.2041,0.0867,1.4471
0.1243,-0.5009,1.5680,1.2085,-1.5407,-1.4386,0.2775,-1.5490,1.7505,-0.8040
0.1694,-1.3293,-0.5202,-1.3066,-0.9814,0.1286,-1.6755,-1.2284,0.4324,1.3387
0.6915,1.3690,1.5474,1.5510,0.2005,0.1315,0.8458,0.5378,-0.7008,0.0725
0.1035,1.0438,-1.4436,-0.0981,0.3748,0.8017,-0.2556,-0.3289,1.1879,-0.1098
-1.7352,-0.3172,0.2357,0.8587,1.4714,0.4893,-0.4493,1.5732,0.5372,-0.4649
-1.1703,-0.9379,-0.6090,-0.6487,-0.9824,-0.6237,0.5265,1.3580,-0.2007,-0.7316
1.7459,-0.7983,-1.2382,-1.1791,-1.1020,-0.2158,-1.3516,1.5350,0.8344,1.4998
-1.2632,-0.7968,1.0974,0.2337,1.1592,-0.8780,0.2302,-1.2496,0.7127,-1.3126
0.1839,-0.8159,-0.8022,1.2529,0.3161,-0.2369,-0.5009,1.4302,0.7796,1.2514
-0.2087,0.1091,-0.6288,1.1395,-1.0656,0.0319,1.5005,-0.3327,-0.4801,-1.4100
1.2725,1.2190,-1.1669,0.7632,0.5727,0.8957,0.4363,1.5780,-1.6726,1.6896
-0.1715,0.6186,-1.2239,-1.5223,-1.0174,-0.2936,-0.5702,-0.8236,-0.3185,0.8156
0.3767,-0.9067,0.1023,-1.3772,1.2429,0.2984,0.5703,-1.4993,-0.0108,-0.6067
1.0429,-1.3702,-0.6041,1.6186,0.2214,1.0535,0.8351,1.5807,-1.0026,-0.9071
1.1749,-1.4761,-1.6586,-1.5012,-0.3639,1.4062,0.2969,0.0396,-1.4301,-0.4703
-0.7066,-0.1857,-1.3054,0.7675,1.0389,-1.1615,1.5265,1.3040,1.6368,0.9866
0.2028,-1.2908,-1.6193,0.0797,0.8044,-0.6406,-1.4667,1.7018,-0.3984,0.1158
-0.7236,-0.1721,1.5239,0.4429,-0.1145,1.2427,0.3426,-1.3414,0.3879,-0.7943
-0.9082,-0.3533,-1.6697,-0.0063,0.5770,0.8682,0.5789,-0.3969,-0.7992,-0.4145
-0.1934,-0.4970,0.5767,0.2191,-1.4039,0.7319,-1.4636,-0.5680,1.3562,0.9219
0.4742,-0.2680,0.3091,1.1012,0.0248,0.9939,-0.5901,-0.2813,-1.5421,0.0245
1.6261,-1.4550,0.2108,0.0949,-0.1491,-1.4168,0.8150,-1.1031,1.4279,0.8272
-0.7846,-0.3910,-1.3849,-1.3939,0.1236,-0.0972,0.9878,1.0614,-0.7442,-0.2967
-1.1172,1.1597,0.9579,-0.7907,-1.1200,-0.3567,-0.5942,-1.1503,1.6787,-0.3757
-1.5480,-0.4018,-0.9399,-1.3321,-0.7113,-1.4955,-0.8228,1.5414,-0.5902,-0.9524
-0.7874,-0.9165,1.4344,-1.0977,1.3947,-1.0130,-0.9992,-1.2473,1.1262,-0.7813
-1.6896,1.7429,-0.4841,0.6508,0.6370,0.3175,1.2547,1.4012,1.2643,-0.0220
-1.4502,0.6889,-0.6880,-0.3027,0.2504,-0.9338,-0.0870,-1.2813,1.2449,1.0065
-0.8988,0.1157,1.1296,1.5196,-1.1875,-0.2824,-0.5896,0.9067,-0.3183,0.1154
0.6840,0.1018,-1.0335,-1.3348,1.2361,-1.7041,0.9814,0.6289,-0.5857,0.8920
0.0310,-1.6716,-0.6543,-0.3725,1.1935,-0.5179,-1.5552,0.9093,-1.2558,0.1235
-0.0918,0.1547,0.0879,0.5760,0.9455,0.7139,-1.0928,-0.1455,-0.5512,1.1737
-0.6269,1.6757,1.0372,-0.6094,1.5401,1.5295,-0.0513,1.6235,-1.4764,0.5297
-1.6818,-1.3138,-0.8887,-1.1653,0.0195,0.8097,-1.1140,-0.2606,-1.4794,0.0552
0.2977,1.3670,1.4222,0.6014,-1.5136,-0.1231,0.4094,-0.7089,1.3607,0.7058
-0.9691,0.7396,1.3705,0.9351,-0.1708,-1.2546,-1.4005,-1.6262,-0.7300,1.2468
0.6924,-0.5028,-0.4701,-0.8708,-1.6742,-0.4291,-1.1269,1.0499,-1.7001,-1.0338
-0.9475,0.6117,1.4821,0.1537,-0.4277,1.5533,0.9261,1.1382,-0.2535,1.2048
0.7706,1.5354,1.6666,1.6758,1.3484,1.0026,-1.5435,-0.9074,0.0752,0.6738
-1.0643,-1.7072,0.4768,1.0304,0.1321,-0.0377,-0.8639,-0.8175,0.6774,0.9363
-0.5965,1.7242,-1.4069,-0.1252,1.2395,0.2852,-1.6692,-0.6831,1.3965,1.3709
0.0033,0.8365,-1.3559,-0.7937,1.5984,0.9075,1.2132,-1.2426,1.4140,-0.8844
1.0563,0.8810,-0.0312,-0.1629,1.0815,1.2447,-1.1344,-1.2893,-0.0376,1.2288
-1.5775,-0.4906,-0.8472,1.0896,-0.5070,0.4762,-0.0720,1.2611,-0.3395,0.5371
-0.3187,0.7668,-0.0435,-0.3927,0.9351,1.1012,-0.7059,0.3131,0.1083,0.0806
-1.3723,1.6941,-0.5872,-0.9923,1.4426,-0.9001,-0.4089,-1.2994,-1.4170,-0.6568
1.0932,0.6116,1.4878,-1.0053,1.0776,-1.3988,0.7907,-1.6497,0.3255,-1.3019
1.7200,-1.3337,-0.6915,-1.6155,1.1967,-0.6412,-0.9205,-0.9844,-1.6054,0.6862
-1.3820,1.6302,0.9512,0.0801,-1.2614,-1.2292,0.9816,1.5517,0.0996,-0.3922
-0.6722,-1.1667,-0.6589,-0.0285,-1.0024,-1.2950,0.5143,0.1837,-1.2854,0.9964
-1.0821,-1.6984,-0.8992,0.9165,0.7015,-1.0893,1.4306,0.6383,1.6752,-0.6154
-1.2101,-1.4804,-1.5188,-1.1472,-1.4120,-1.5374,-0.9516,1.0623,1.3294,-0.1604
-1.0758,-0.5394,-0.2876,-0.6669,-0.2595,-1.2088,-0.5628,-1.3583,0.2007,1.4312
-1.3071,0.0618,1.5116,1.2789,1.0170,-0.3742,-0.6414,-1.2040,0.4763,0.3216
0.6404,0.8854,-1.0917,-0.1505,0.8650,0.0993,1.1857,1.5672,0.2145,0.8700
-1.0120,0.9749,0.7639,0.8146,-1.7022,-0.2831,-0.6458,0.4332,-0.6111,-0.7873
0.3467,0.2620,0.7082,0.8895,-0.7046,0.4132,-0.1871,0.1258,-1.5656,-0.3987
1.7195,1.0479,-1.0839,1.1992,0.1103,-0.8832,1.1306,-1.6676,-1.5813,-0.5195
-1.2980,-0.9905,0.4742,-0.1160,0.4303,0.7729,-1.7104,1.6669,-1.0475,-0.9231
-1.6237,-1.4285,0.1494,0.1195,-0.6913,1.2352,0.1287,-0.1398,-1.3952,-1.6200
1.7685,0.6306,-1.6254,1.5710,-0.3297,-0.0652,-0.8731,-0.5671,0.0858,-1.4876
0.0474,-0.7015,1.6419,1.2639,-0.3013,1.2273,-1.0195,-0.5253,1.3266,0.0783
-1.0603,0.5979,1.1027,-0.2646,-1.0410,-0.9314,1.4199,-1.2090,-1.5779,-0.7614
-0.6527,-1.3048,-0.5864,-0.3065,-1.4202,-0.6441,-1.4646,-0.7184,1.5806,-0.5817
-0.3359,0.0597,-0.7351,-0.1398,1.0716,1.0309,-1.6756,-0.8542,-0.8972,0.9704
-0.9461,1.6663,-0.1384,-1.2195,0.7140,0.6616,-0.7254,-0.2343,1.2455,0.8559
-0.5739,-0.7016,0.8823,-1.3640,-0.0230,-1.2049,-1.5869,-1.3349,0.7572,0.3129
-1.0096,-1.4774,1.1813,-1.5521,1.0189,-1.7382,0.4223,0.5866,1.1239,-1.7328
1.3986,0.5369,-1.5810,-1.4181,-1.2909,0.2556,-0.3702,-0.8629,-0.2254,1.6661
-0.0743,0.5583,-1.2420,1.5543,0.4376,-1.0299,-0.5211,0.3888,0.8328,1.2825
-1.6795,-1.7607,1.1120,0.4739,-0.5566,0.0976,-0.5466,-1.1168,0.7641,-0.9072
0.1572,-0.7522,-0.0446,1.3028,-0.0569,-0.4447,1.7052,0.6086,1.1450,-1.7138
-0.2114,0.1830,0.4026,1.0460,-1.0525,-1.4555,-0.9448,-0.1295,-1.2640,-0.9287
0.3058,0.4983,-1.5451,-0.0223,0.6514,0.1487,-1.3074,0.8639,-1.1974,0.8766
-0.8765,1.3073,-0.2186,-0.7165,0.3144,-1.6933,0.6280,1.3380,-0.3068,-1.7076
-0.9208,1.4363,1.5335,1.0179,-1.2371,0.4252,1.5382,-1.7030,-0.5283,1.1418
1.3660,0.7592,1.4518,1.1989,1.4781,0.5060,-0.9483,1.2733,1.6886,-0.3063
-1.2072,1.1032,-0.4574,1.5861,0.9592,0.5202,-0.4625,-1.0834,0.3686,-0.2310
0.9513,-0.0108,-1.2628,0.6255,0.1220,-0.3389,-0.4651,1.1833,-1.5975,-1.7582
1.2953,-0.8368,-0.2863,0.2530,1.5941,1.3223,0.0877,1.3703,0.6331,-1.1538
0.1307,1.5373,-0.3660,-1.2866,-1.5524,1.2790,0.9091,1.1030,-1.6637,0.0558
-1.2043,-0.9323,0.6929,1.5411,0.5614,0.5970,1.4701,0.1130,0.1810,0.6191
-0.2339,0.2542,-1.0989,0.2342,-0.7036,0.1925,-0.0822,-1.1668,0.0223,0.1385
1.0496,1.3252,-0.2818,-1.5879,-0.8237,0.2966,-0.8902,1.5759,-0.9001,1.0788
-0.6289,1.2427,1.6274,-0.0217,0.7428,-0.5270,-0.2523,-0.6342,-0.7270,-0.7991
1.0622,-0.4423,0.0984,1.2201,0.1642,-0.6060,-1.3894,-1.3499,0.4714,1.4195
-0.7237,0.3303,-1.5623,0.0003,-0.6334,-1.6397,1.1030,-0.4298,1.1753,-0.1106
-0.4156,-1.3602,1.5319,0.5109,1.4069,0.0712,-1.3692,-1.3379,-1.2624,1.4098
-0.5505,1.2785,0.0483,-1.0509,-0.0235,-1.2524,1.3540,0.4127,0.9974,1.3251
0.7869,-1.5928,0.3724,-1.2584,0.9440,-0.1658,-0.9204,-1.4623,0.8113,-0.2511
-0.9924,-1.0728,1.5079,-1.4099,0.8845,-1.4185,1.1886,-0.6250,1.1742,0.6215
-0.1721,-0.1137,-0.2274,0.4653,-0.8689,-0.4097,0.5043,-1.0808,-0.1538,-1.1008
-1.3260,-0.3284,-0.8732,-1.2363,1.5303,-0.5958,-0.1664,-0.8963,-0.5442,0.8913
-0.9123,0.5002,-0.9870,0.0541,0.0306,-0.0009,-1.6009,1.5591,0.0072,0.9004
-0.6145,-1.5301,-1.2008,-0.7082,-1.2692,0.2766,0.5836,-0.5427,0.1221,-1.1361
-1.5600,0.8054,-0.6612,-1.6641,0.3331,1.5057,-0.4047,0.5170,0.3582,-0.8104
-0.8706,1.5911,-0.9312,-0.8272,-1.0639,-0.4183,0.6387,1.3418,-0.1170,0.5517
-0.1037,0.3061,0.4384,0.3159,0.0024,0.9937,-0.0249,-0.6765,0.9815,-1.6479
-1.3483,1.0129,-1.0161,-0.1734,-0.7879,0.1822,-1.4714,0.4476,1.1837,-0.2743
-1.6849,0.1780,-0.6230,0.2615,1.3938,-0.2789,1.1907,-0.1347,1.6913,0.9003
-0.8270,1.3057,-0.1934,0.5771,-1.5292,0.1375,-0.4644,0.3116,-0.3327,-0.4159
1.0621,1.7256,0.4780,0.2194,0.7033,-0.5535,-0.2335,-0.7161,-0.0925,-1.2551
-0.6153,-0.2110,0.5575,1.7052,-0.5449,0.3878,0.5881,0.0769,-0.5558,-0.8147
-0.3451,-0.3002,1.6895,-0.1561,1.1970,1.4465,0.6318,-0.6413,-1.6620,-0.0570
-1.0189,-0.5484,1.0147,-1.3545,0.9351,1.0377,0.0716,1.2323,1.7556,-1.0392
-0.9535,0.4314,0.9860,-1.1707,-1.3523,-0.3813,0.1345,1.4162,0.0502,0.7961
-0.8459,1.1821,0.9106,-0.2186,-0.8038,-0.4876,1.3243,-0.9129,-1.5983,0.5327
0.6462,-0.7498,-0.7074,-0.2425,0.7229,0.3296,-1.5162,0.1833,-1.1777,0.8942
-0.2500,-0.3623,1.1595,-0.6720,-0.5863,1.4367,-0.3336,-1.3442,1.3410,-0.1347
0.2244,-0.5483,-1.1303,0.6855,0.2175,0.1746,1.3994,0.9594,-1.6106,0.2255
-1.2750,-0.0574,1.5522,0.3726,-0.6318,-1.3706,1.0065,-0.7715,1.5365,-0.8448
0.7250,-0.2018,1.6686,1.2055,0.3858,-0.3585,1.1891,-1.1584,-0.1142,-0.6332
-0.5229,-1.3329,0.7943,-1.6202,-1.4638,-1.7131,0.5621,1.1441,0.2358,1.3547
1.7183,-0.6225,0.1343,-0.4786,-1.4177,-1.5466,1.6845,0.4787,0.3343,-0.1101
0.6336,1.0082,1.6977,1.6999,1.0839,-1.2187,1.3811,0.8984,-1.5078,0.1931
0.8022,-0.9596,1.3968,-1.1811,-0.5072,0.7363,-1.7187,1.0327,1.6750,0.8379
0.3769,-0.3096,0.6253,-1.6073,0.2850,0.3931,0.4258,-1.3560,0.5186,1.5427
-1.1815,0.9751,-0.1607,0.1909,-0.5801,-1.1843,0.7682,-0.3860,-0.5490,1.1826
-0.6438,-1.3827,0.0371,1.6891,-1.0480,-1.3959,0.5808,-1.5107,-0.0513,1.2214
-0.2184,1.7205,0.5046,-1.1568,-0.7890,0.6403,-1.5430,-1.6771,-0.6403,-1.4171
0.0267,0.9565,-1.2870,-0.4012,0.7084,-0.0874,-0.1695,-0.2187,1.7434,-0.4352
-1.4442,-1.5137,-0.7064,1.1402,0.3196,-1.6400,-1.0682,1.0112,-0.2994,-1.2340
-0.9124,-0.0822,-0.1867,-0.5280,0.1531,0.1556,-0.7966,0.1419,-1.0230,-0.4824
0.9526,1.3163,1.3007,-1.0078,-1.1512,0.6782,-0.3885,0.3080,-1.4462,1.5725
-1.0570,-1.0127,-1.5614,-0.0472,-0.4057,-1.7255,1.3106,-1.2280,-0.0338,-0.4925
1.3720,-0.3112,-1.0700,1.1783,-1.1643,0.0834,0.9077,-0.0122,-0.9118,-0.3835
-1.5766,-0.6670,0.5330,-0.4152,-0.8241,-0.4359,-1.6618,-0.8883,-1.4460,-0.3728
0.0542,1.1847,1.4855,-0.2719,1.0103,-0.0108,-0.6680,-1.0082,-0.3190,-0.6367
0.4948,-1.2021,1.0749,-0.8864,-0.6826,0.4497,-0.2833,1.5811,-0.7823,-0.7350
0.9522,-0.9831,1.2129,-1.4146,-0.1579,1.4930,0.9152,-1.0702,1.2083,-0.3751
-1.0270,0.5601,1.2058,0.0860,-1.4561,-0.6869,0.5575,-1.4879,-1.2307,-1.5671
1.1369,-0.2159,0.7070,-0.4607,-1.3333,1.6944,0.5409,-0.5235,-0.7890,1.5817
-0.0158,-1.6369,-1.2537,-1.4578,-1.4334,1.0640,1.3756,-1.2262,-0.6942,1.3797
1.1888,1.2468,0.2216,0.5736,1.0056,-1.5430,1.2202,-1.0961,-0.4956,0.1953
0.6084,-1.6762,-0.1508,1.1808,0.6703,-1.3528,-0.7701,-0.2182,1.4712,-1.4359
0.0573,-0.3791,0.9391,0.8361,-1.0464,0.5406,-1.2443,1.3833,1.1875,-0.4155
-0.9376,0.2038,0.1536,-0.4205,0.0098,-0.2536,0.0323,1.0943,-0.8782,0.0430
-0.1260,-1.6853,0.9095,0.1091,-0.2213,-0.0717,1.1520,-0.7356,-1.6891,-1.6895
1.3707,0.9092,0.8692,1.2155,0.9735,1.6618,-1.6997,-1.1903,0.7447,-0.5979
-1.5527,0.0500,-1.4244,-0.9129,-0.4652,1.0965,-0.0756,-0.5379,-0.6552,0.5019
0.6129,1.6264,-0.6209,0.4868,0.8730,-0.4993,1.0508,0.5455,-1.5782,0.0480
0.3402,1.6440,-0.1247,-1.5701,0.2606,1.6429,1.5258,0.1224,0.3442,-1.1148
-1.3055,0.4029,-1.5379,-0.2413,1.3772,-1.2897,0.2663,-0.0134,-0.1230,-0.9115
-0.1005,0.7316,-0.5305,-0.1100,1.3895,1.1697,0.1193,0.8149,-1.2258,-1.1224
-0.8890,-0.3668,-1.1530,1.3548,-1.7065,1.0094,-0.7660,0.7309,1.5886,-1.1381
0.7525,1.0478,0.2885,-0.8436,1.1876,0.4410,-1.5728,1.0942,1.7600,-1.7447
-1.2148,0.9519,-0.0039,1.1759,1.2498,-0.0642,1.0110,-1.6924,-1.0944,1.0001
-0.6425,1.3843,1.0412,-0.2640,-0.9672,0.4539,1.6019,-0.4198,-1.1640,1.6147
0.9745,0.7872,-1.0115,-0.9195,0.4659,0.2864,-0.8289,-1.1706,-1.5694,0.9397
-1.6572,-0.5103,-0.9768,0.0558,-0.7842,1.5527,0.6709,0.7395,-0.9498,-0.4974
0.5975,-1.4113,-0.9769,-1.1963,-0.6693,1.6463,0.3463,0.2264,0.5810,0.2286
0.8712,-1.1999,-1.6380,-0.8347,1.1235,0.0659,1.6935,1.1514,-1.4015,-0.6625
-0.7967,0.4213,-1.4498,1.3041,-0.3603,0.7478,1.3824,-1.3260,-0.5215,1.5179
-0.2744,-0.8119,0.9953,-0.8152,1.5450,-1.5447,1.2482,1.3431,0.0119,1.2226
1.5241,1.0311,-0.5236,1.4748,0.3171,1.2591,1.0132,-0.0267,1.5139,-1.3175
0.4250,-0.2929,-0.9259,0.5652,0.2180,-0.2278,-1.3663,-0.2960,0.4936,1.5392
0.9952,0.4514,-0.9994,1.3271,0.9418,-0.4839,-1.6279,0.4042,0.4706,-0.1216
0.7482,0.8304,-1.2347,-1.0603,-0.6349,-1.3148,1.2442,0.1008,1.2874,-1.6692
0.3267,0.8535,0.3904,0.5779,-0.5891,-1.1520,0.4676,1.3012,-0.7513,-1.3380
0.2797,-1.3154,-1.1555,-0.2554,-0.8497,0.8496,-1.5455,-0.3006,-1.0597,0.9515
0.9363,-0.6766,1.3391,0.9094,-0.9977,0.6160,0.5004,0.7520,1.0316,-0.2133
-1.4786,-1.5863,0.1712,-0.6700,-0.9587,1.4872,-1.3973,0.7384,-0.0090,1.5312
0.6145,1.5564,0.3005,-0.8524,1.4575,0.3478,1.6330,-1.5911,-0.3686,-0.6291
1.0806,-0.5828,-1.4704,0.0735,1.0651,0.3582,-1.2746,-0.6325,0.7446,-1.4370
-1.2188,-0.1684,0.9243,0.4443,-0.7037,0.4130,-0.7790,-0.4571,1.4728,-1.5492
-1.6904,1.7098,1.5167,0.2724,-0.8813,0.5279,1.2191,-0.3681,0.5005,-0.8412
0.6420,0.9789,0.0970,-0.7430,-0.8706,0.3516,-1.4002,0.1302,1.5258,-1.6227
0.9603,-1.2070,1.6148,-1.6138,-1.1190,0.9622,-0.0426,0.5942,0.8163,1.0731
-1.2518,1.0009,0.6611,0.6285,0.0721,-1.1350,1.1269,0.7222,-0.2373,-1.5921
-0.1019,0.8683,-0.6313,-0.0500,-1.0146,1.6956,1.0134,-1.2722,-0.3059,-0.4945
1.6490,-0.4010,1.3706,-0.4907,0.0987,0.3684,1.5344,0.1168,0.6582,-0.3227
1.0350,0.0190,1.0885,-0.0786,-1.5440,-1.6055,1.0528,-1.5669,-1.3658,1.0569
-1.0105,-1.4898,-1.3380,-0.4476,0.7377,1.5937,-0.5009,0.7777,-1.3452,-0.5946
-1.1030,1.2117,-1.6163,-1.1959,-0.2054,-0.8543,-0.2457,-1.4146,0.5272,1.3210
1.6003,1.5048,-0.4751,1.0185,-1.4788,-1.3355,1.4864,-1.3506,-0.4224,-1.5691
-0.7112,0.1157,-0.7819,1.6962,0.8609,-1.6197,1.5792,-0.5107,1.2695,-0.2739
-0.6923,-0.6881,-0.5732,-1.6146,0.9054,-1.1923,-1.6464,0.6902,-0.5400,-0.6610
0.3176,0.3389,1.1315,-1.3385,1.4615,1.6965,-0.0797,-0.0667,-1.3487,0.3130
1.6981,0.9983,1.3142,0.1007,-0.2065,-0.4405,1.5323,-0.5290,-0.9907,0.3516
0.5351,-1.5443,0.0316,-1.6375,-0.3764,0.3595,0.1835,1.3042,-0.3315,-0.0112
0.7820,0.2804,-0.7913,-0.0771,-1.6526,-0.4179,0.4514,0.2222,-1.0290,-1.1571
-0.5516,0.6891,-0.2103,1.5021,-1.6360,-0.6069,1.3857,-0.1086,-0.2848,0.3899
0.3740,-0.8318,-1.4845,0.4526,1.2359,-1.5236,1.3103,0.5341,0.4028,1.6356
1.2210,-0.5548,1.1632,0.4959,0.1789,0.6973,0.1758,1.1542,-1.5973,-0.0592
-0.7714,-1.5327,0.6448,-0.9628,-0.6370,0.9663,1.4459,-0.3329,-0.8901,-0.2026
-0.3318,1.4215,-0.7466,0.7043,-0.5740,1.0024,0.1707,0.3534,0.9388,-0.0131
-0.0128,1.5009,-0.4351,1.0913,-0.4532,1.5126,-0.4966,-0.6288,0.7158,-0.6120
0.7446,-1.3832,-1.5360,0.3878,-0.4581,0.4847,0.7734,-1.0063,0.4675,1.5439
1.1269,0.1393,0.2500,-0.7860,0.0991,-0.2188,-0.3644,0.7026,0.5120,1.6864
1.4597,-0.1500,1.6765,-0.3200,0.7925,0.4322,0.0453,-0.5400,-1.1307,-0.5276
0.2481,1.3169,0.8148,-1.6248,0.6208,-1.6870,0.9843,0.2104,-0.6224,0.6608
-1.4599,0.9063,0.5792,-1.1467,0.2663,1.0967,0.0936,1.4720,-0.8487,1.2865
0.5684,-0.9306,1.0574,0.9707,-0.8039,-1.2539,0.1193,-0.2198,-0.9870,-0.7902
-0.2651,0.3371,1.6493,1.3037,0.8079,-0.0623,1.4731,1.5509,0.5930,0.1906
0.4325,-0.9068,-0.6110,-0.1902,-1.2551,0.1858,0.9374,0.6544,-0.8027,0.4320
-0.5957,-0.8927,-1.4216,-0.1648,-0.8315,-0.4347,0.7523,0.2734,-0.7287,-0.9586
1.2174,0.1556,1.6417,0.2456,-0.3073,-0.9308,-0.1778,0.7476,1.2106,0.7737
1.4727,0.0935,0.6343,-1.3917,-0.6797,1.3382,-1.0184,1.6879,-0.8652,1.0688
-0.3400,1.4081,-1.5412,1.5373,0.0654,-1.4454,1.3927,-0.1358,0.5536,0.1771
1.5807,-0.1303,0.8182,1.6518,-0.9117,0.2716,0.5239,1.1507,1.2693,1.1123
-0.1602,1.7137,-0.1204,0.2044,-1.2786,0.0240,0.1476,-0.7853,-0.3977,-1.3410
1.1295,-0.2736,-0.2186,1.1282,-0.1837,-1.5322,-0.2398,1.0635,-0.6356,-0.9330
0.4220,-0.0112,-0.9147,-1.3501,-0.7275,-1.1424,0.7205,1.6181,1.4950,-0.0639
0.7663,1.0760,-0.7015,-0.3769,-1.3769,-0.8846,0.4645,1.6725,0.6539,1.5701
1.7640,-1.5877,-1.5003,1.0033,0.5235,0.0678,1.1341,0.3232,0.2863,1.4741
0.1402,-0.7370,1.1498,-0.8277,-0.8625,-1.5466,1.3431,1.3356,0.6122,0.3049
-1.6392,0.0561,-0.1054,-0.2772,-0.3099,0.6366,-0.9520,-0.5461,1.1413,-0.0646
-1.1389,-1.2822,-0.2526,0.2414,-0.9980,0.6867,-0.7797,-0.7504,1.2629,0.8857
0.5803,-1.6770,-1.5960,-0.7729,-1.0007,0.1359,1.5664,0.1019,1.3026,0.3436
-0.8031,0.0841,1.1901,-1.2144,-1.5032,-0.2384,0.7307,1.1113,1.0812,0.3265
1.5063,1.7115,1.4569,-0.8169,1.5100,-0.3527,-0.9475,0.4352,0.5661,-0.6192
0.1086,0.9910,-1.5987,0.3622,-1.6778,-0.6806,-0.2970,1.1670,-1.2931,1.2416
0.4420,1.6271,-1.1181,-1.2936,0.0314,-0.7870,1.2704,0.4963,0.8992,-0.9549
0.8969,1.1617,0.1143,-0.4069,-1.0582,1.5092,0.1888,-1.5156,-1.3008,0.9748
0.2989,-1.7342,-0.7088,-0.3473,-0.2170,-0.6391,0.9730,-1.0003,0.7232,-0.2386
1.5340,-0.1324,-0.0947,-0.2736,0.0907,1.4415,0.5417,-0.6515,-1.6252,1.3169
1.5027,-1.4668,0.4909,-0.9924,1.4036,1.4042,0.1131,0.6309,-0.4985,0.2119
0.0602,-1.0445,1.1927,-1.2691,1.2484,0.2168,-0.9964,1.2816,-0.4580,-0.1022
1.7003,0.5160,0.0446,1.4750,-1.4753,0.6159,-0.9708,0.0875,0.0570,-0.0115
-1.1933,-0.2993,-0.9244,0.0800,-0.9664,-1.7287,-0.6226,0.6652,-0.8641,1.4969
1.0764,1.1420,-0.5410,-0.4814,0.5567,1.0533,-1.0422,-0.5981,0.1882,-0.9382
-0.9495,1.7123,0.8023,-0.5963,0.6301,-1.0328,-0.6890,-0.7544,0.3556,-1.5502
-1.3772,-0.1384,1.0431,0.1825,-1.4928,0.4254,-0.9836,-0.8503,1.5702,-0.7823
-1.7152,1.6176,1.2491,1.4911,1.6551,0.7580,-1.2013,1.5700,1.1047,1.6818
1.1126,0.6214,0.0650,1.0179,-0.2962,-1.4796,0.2218,-0.7550,0.9239,-0.0734
1.6686,-1.5807,-0.2990,-0.7221,1.0385,0.7188,-0.8703,0.4651,-1.5001,0.0973
1.0180,0.2003,0.6026,1.4665,0.3827,1.1313,0.8960,1.1488,-0.8754,1.1235
-0.8827,0.0931,0.5849,-0.5134,-0.7189,-1.4716,0.6820,-1.4870,-0.0630,-0.6098
-0.2769,-0.2796,0.8862,1.3104,1.2002,1.6901,0.4989,1.4017,0.5139,-0.0581
0.9932,-0.3896,-0.0437,-0.2087,-1.5979,-1.7329,1.5863,-0.0954,1.3795,1.2143
0.8220,-0.4429,-0.2154,0.9796,-1.5181,-0.0703,-0.0826,0.6689,-0.1424,-1.2831
1.5334,1.4220,0.0559,0.2328,1.6515,1.0033,-1.3508,-1.7093,1.6112,-0.2691
-0.2316,-1.0451,0.9100,1.7277,0.6222,1.6837,-0.4492,0.5834,-1.3339,-1.0751
1.6232,-1.0123,0.9731,0.0670,0.8934,-0.5246,0.6301,0.7367,1.7923,0.8503
-1.4580,1.3667,0.8963,-1.1271,0.3577,-0.8169,-1.4140,-1.4625,-0.3186,1.3569
1.5129,-0.9207,-1.1505,-0.4260,-0.3188,1.3102,1.7261,-1.7071,-0.9921,-0.6331
1.2047,-0.3097,-1.3301,-1.3516,1.5563,1.0660,-1.1723,0.3627,0.0920,0.5373
-0.8222,-1.4643,-1.2546,0.5683,-1.5544,1.3407,0.0584,0.3421,-1.6538,1.6161
0.9991,-1.6749,0.6395,-0.6270,0.8245,0.8081,-0.7789,1.7025,-0.8704,1.6089
-0.4235,-0.0884,-0.2071,0.9563,-0.5663,-0.3450,-1.5258,1.6334,1.2654,0.2234
-0.4109,-0.9701,0.6911,0.0149,-0.1312,0.1972,-0.0444,0.1884,-1.4420,-0.4890
0.8117,0.9585,-1.1837,-0.7796,-1.1826,1.2323,0.4101,-1.4234,0.4221,-0.3468
-1.1921,-1.2209,-0.2830,-1.4748,0.5214,-0.6587,0.8827,0.5982,0.9565,1.1656
-1.2420,-0.6083,1.0251,0.9340,0.1421,1.2892,0.7073,0.7506,-0.0540,-0.3271
-0.0015,1.1362,-1.4987,-0.0528,-0.5601,0.9359,-0.6359,-0.5756,0.7770,-1.2656
1.7361,-1.3844,-0.1142,0.7190,0.7796,-1.4948,-0.4764,-0.7379,0.0536,0.2546
-0.3974,1.5535,-0.5152,-0.9763,1.5830,-0.5004,-0.7291,1.6776,-1.2327,0.9418
-1.6970,-0.6656,0.7851,-1.2673,-1.5070,-0.4360,1.7210,1.1535,-1.3848,0.8716
1.6481,-0.4701,0.1272,-1.2454,-0.1383,-1.3007,-1.4422,-0.4765,1.4797,0.6887
1.2614,-0.3186,-0.6310,-1.0655,0.2962,-0.3113,-1.1367,0.6979,-0.5023,-0.5759
-0.0607,-1.4622,1.2979,-0.5459,1.5036,0.9177,1.2798,-0.4250,-1.1238,0.8721
-0.9820,-0.5084,-0.3739,-1.5365,-1.5187,-0.9948,-0.3411,1.1994,-0.8749,1.1097
-0.4590,0.9989,0.9506,-0.8005,-1.2421,0.5129,-1.3007,0.2073,-0.9335,-1.5912
-0.2240,0.0484,0.2832,1.0101,-0.4799,-1.6760,-0.3798,0.0581,-0.4897,0.7402
-1.6821,0.9615,-0.3148,-0.7759,1.2416,0.4976,-1.7174,-0.3484,-0.6466,1.1133
-1.6318,0.4959,-1.5133,1.3219,-1.1920,-0.6243,-1.5304,1.0515,1.0417,-1.4449
0.4597,0.9762,0.6229,-1.4645,0.2653,1.1906,0.8069,1.5068,-0.7600,-1.5092
-0.0285,-0.2646,1.0878,0.1206,1.3696,0.7940,-1.3732,-1.6511,1.7157,0.7861
-1.5947,-0.4238,-0.8976,-0.5359,-0.2000,-1.0637,1.2381,-1.3618,-0.4653,1.0239
0.1142,0.2652,-0.2137,0.1067,-0.6353,-1.5662,-0.0065,0.6824,0.7954,0.9213
-1.3101,0.4156,1.0999,-1.1680,-1.2369,-0.6279,-0.5104,0.4884,-0.1555,-0.7830
0.6383,0.4120,0.4529,-1.1600,-0.2249,1.1143,1.3498,1.6377,1.2762,-0.5545
-0.1151,1.4996,-0.5611,1.3286,1.1820,-1.4409,0.1474,1.4192,0.8709,-1.1482
-1.1025,-1.3611,1.3208,-0.0455,-0.6748,0.9612,-0.6837,0.0621,-1.0965,1.1248
-0.7860,-1.0975,-0.8367,0.4666,-0.6843,0.3406,1.4303,1.5892,1.2261,1.2441
1.2345,0.8030,-0.7915,-0.2917,-0.5379,-0.9426,-0.3930,-0.6644,-0.6837,-1.2637
-0.2927,-0.9413,0.6764,0.6686,-0.5518,0.1795,-0.8257,-0.4353,1.0865,1.3675
-1.3687,1.1066,0.3757,0.2613,-1.0315,0.6853,-0.0522,1.5058,-1.6944,1.0899
1.5480,-0.5636,0.8967,1.6203,0.8203,-1.6674,1.6925,0.2170,0.2685,-0.3452
-1.6745,-0.8755,0.8143,-1.3492,-1.6767,-1.1428,0.6572,1.1215,-0.6862,-0.3095
-0.0875,1.3583,0.0457,1.2788,1.0909,0.9448,1.4845,1.2572,0.2713,0.8601
-0.1359,-0.2895,1.3481,-1.2290,1.4928,-1.5187,-0.4669,-1.2990,-0.4001,-0.8392
-1.6083,-0.2998,0.0606,1.1887,1.6332,-1.3183,-1.5263,1.4511,-0.6326,0.8232
-0.2425,-1.0627,1.2956,-0.5211,-0.6303,0.0282,0.1675,0.9365,-0.1610,-1.4428
-0.8628,1.0657,-0.3258,-1.3200,0.4269,1.5418,-0.1815,0.6091,0.5118,-0.3160
1.6300,0.3697,0.3480,-1.4852,-1.5736,1.4019,0.8168,-0.5750,-1.0359,-0.0495
-0.9202,0.0413,-0.4352,1.3166,1.1174,1.0943,1.7090,-0.6556,-1.7126,1.6117
1.3184,-0.5459,-1.2345,-0.3530,1.1805,1.2163,-0.0145,-1.1699,-0.4616,0.3398
-1.3228,0.0980,-0.6572,1.2210,-1.6182,0.3880,0.0743,0.1040,-1.2164,0.7873
-0.6597,-1.6905,-1.5852,-1.5319,-1.1680,-0.1692,0.8275,-0.8487,-0.3785,-0.4713
1.2591,-0.5301,-1.5311,-1.3661,-1.4325,1.1657,-1.2383,1.4138,1.2785,0.3645
1.1269,1.3526,-0.3172,0.6199,1.6645,0.9549,-0.0920,-0.1086,-1.2523,-1.0369
-0.1367,0.2233,-0.7930,-0.4086,-1.4323,1.2582,0.5626,-0.7719,1.1595,-1.2452
-1.4717,-0.7863,-0.7204,-1.4573,1.2457,0.8218,-0.1673,1.1985,-1.2332,1.1445
-1.6513,0.0616,-0.2001,-0.3534,0.5507,-1.3741,-0.3229,-1.1430,0.8683,-0.7191
-0.0297,1.4254,1.3501,0.1487,-1.3098,0.1747,-0.4233,-0.2658,1.6578,-0.3004
-1.0674,1.3998,-1.5292,-1.4232,-0.9982,-0.9669,0.3464,-1.3148,0.7864,-0.6768
0.7530,0.3871,1.1859,0.1833,1.6398,-1.6615,-0.8559,-0.9256,1.1874,1.4017
1.3957,0.2921,-0.9385,1.2075,-1.3510,1.3342,-0.5726,0.9862,-1.3949,0.9286
1.2526,0.0612,0.7764,0.2262,1.1868,1.5368,0.1190,-1.5817,-0.7303,-1.6885
-1.3165,0.9153,-0.4493,0.7293,-0.3507,0.7395,0.8176,-0.5362,1.6764,-0.5726
-1.6986,-0.1836,0.1424,1.0613,-1.1999,-0.6843,-1.5436,-0.0496,-1.0196,-0.0071
-1.3064,1.1061,1.0992,1.2778,-0.3919,-1.3040,-0.3697,0.6652,-0.4472,0.0473
-0.5965,-1.0638,1.5366,-0.9013,-0.5054,-1.2049,-1.0647,0.5041,0.9508,-1.5703
0.3423,-1.1265,-1.5229,1.2642,-0.3511,1.0057,-1.7400,-0.7760,1.6962,-0.8013
-0.6076,0.8179,0.0459,1.6125,-1.2938,0.1749,-0.2288,-1.3322,0.4087,0.2106
-0.9142,-0.1170,0.9258,0.7032,-1.6749,-1.5280,-0.0020,0.6823,1.0818,-1.3196
0.4960,-0.7947,-1.5275,-1.1209,1.5362,0.0271,1.6312,-0.1838,0.1843,-0.7628
0.4896,0.6364,-0.9413,1.6420,-0.7111,-1.4581,1.5445,-1.1721,-0.8144,1.6549
-0.5549,1.6893,1.0359,0.6543,0.5848,1.4117,1.3243,-1.0898,-1.5582,0.2717
-0.8288,-1.5211,0.4657,0.8542,1.2489,-0.7479,0.1339,0.2408,-1.4420,1.4333
0.0041,0.0129,0.7788,-1.5947,0.3007,0.7906,0.0857,-1.4003,-1.4934,1.0478
1.5148,-0.1369,0.7086,-0.6598,-1.2444,-1.5068,0.8881,0.6714,0.0369,-1.5402
-1.7199,-1.2986,-1.4419,-1.0222,1.2491,-0.5386,-0.4017,-0.3895,-0.6190,1.1673
-0.8201,-0.1624,-1.3830,0.7252,-0.1578,-0.4782,-0.3228,-0.7455,1.3492,-1.1053
1.3016,-0.4473,0.9468,1.7268,1.4935,0.0855,-0.1672,0.6002,-0.2364,0.4033
