0,0,0,0,-7.69683,0,0,-6.336542,0,2.035388,0,-2.315014,2.140191,0,0,0,0,0,0,0
0.073481,0,0,0,0,0,0,0,0,0,0,0,0,-0.731605,-3.756604,-5.459992,-3.973353,4.236644,6.318398,6.977285
0,0,5.319515,1.321009,0,0,0,0,7.395281,0,0,0,0,0,0,0,0,0,0,0
6.076709,0,0,9.929341,-0.675483,-2.49779,0,0,10.027387,0,0,-2.26417,0,0,0,0,-5.191167,0,0,0
8.332616,0,-1.172909,0,-4.95511,0,0,0,7.73416,0,0,0,0,0,0,-7.242003,0,0,0,7.777839
2.441558,9.113429,0,0,-7.754008,0,0,9.828053,0,0,0,0,0,0,8.32496,0,0,0,0,0
0,0,0,9.747393,0,3.434477,0,0,0,0,0,0,0,0,0,0,-5.586113,7.871335,9.552632,0
7.905577,0,-2.891354,0,-6.066782,0,0,0,0,0,10.555702,0,0,0,0,0,0,0,0,0
0,0,4.893797,4.504,0,0,0,5.994064,0,0,-9.934109,0,6.679205,0,2.935793,0,0,0,-7.58954,0
0,-0.965109,0,0,0,0,0,0,0,0,-10.589949,0,-1.646381,0,0,0,0,0,0,0
-8.019077,0,0,0,0,-17.090259,0,-5.589851,0,-11.37324,-8.460777,0,-4.701841,0,0,0,0,0,0,0
0,0.519982,0,-2.759693,0,0,0,0,0,0,0,0,0,0,0,0,5.673409,0,-3.105155,0
0,0,0,-6.785674,0,1.468293,-8.480723,0,0,0,-8.410495,10.869781,0,0,0,0,0,0,0,0
0,0,0,0,-3.920128,-1.994384,9.504941,-2.865882,0,7.137252,0,0,-8.023647,0,0,0,5.642956,2.540963,-1.346056,0
0,0,-3.21855,-1.767757,0,-7.579375,0,1.589488,-8.901498,0,0,0,0,0,0,0,6.24532,3.429496,0,0.633478
5.212046,0,0,-3.269821,-5.346284,0,8.524223,0,-9.197795,0,0,5.556031,-10.888322,0,0,0,7.291044,4.632756,0,0
5.952411,0,0,0,-1.589147,0,3.802699,6.55545,0,0,-10.69567,0,0,0,0,4.206651,0,0,0,0
10.441884,0,0,0,0,3.811033,4.861691,0,2.327228,-1.190017,-7.628828,0,0,0,0,0,0,-4.724749,0,0
0,0,0,0,0,3.82809,0,0,0,0,0,10.80799,0,0,-3.224823,0,-3.30858,1.835874,0,0
0,-3.779175,0,0,0,0,0,0,0,-3.788082,-5.171756,-1.687005,3.347726,0,0,4.439928,0,0,5.882178,0
0,0.100281,0,0,0,0,0,0,0,0,0,0,0,0,0,6.851565,0,5.530919,0,0
0,0,0,0,-2.413579,0,0,0,0,0.982274,0,0,0,0,0,0,0,0,0,0
0,0,0.018692,0,0,-1.885752,0,0,0,0,-8.433166,0,4.698505,0,0,0,0,0,0,6.932248
0,-4.24944,0,0,0,0,0,0,0,0,0,0,0,0,5.583296,0,0,0,0,0
0,0,0,0,0,0,0,0,0,0,0,0,0,1.659492,-4.18115,0,0,0,0,7.786987
0,0,0,-5.507428,0,0,0,0,0,0,-4.879295,0,-1.598214,0,0,0,-4.082621,0,0,8.067455
8.267555,0,0,0,-1.099112,0,0,0,0,-2.909972,10.009795,-7.178444,0,-5.817996,10.98279,0,0,2.577436,3.746868,0
0,-2.960567,0,0,-7.827937,0,0,0,4.973362,0,0,0,1.033307,0,0,0,0,0,0,6.146587
0,0,4.005989,0,0,-0.317981,0,0,0,-1.775767,0,0,0,-7.589657,5.676726,0,0,0,0,0
0,0,0,0,0,0,5.567541,0,0,-2.346933,0,5.127927,4.421495,0,0,0,0,0,0,0
0,0,0,9.191999,0,0,0,0,4.0677,-0.222659,0,0,0,0,4.231645,0,6.963695,-3.215432,0,3.671712
0,0,7.099984,0,0,0,-0.563883,0,3.035178,0,-6.079633,-4.983578,0,0,0,5.230455,0,0,0,0
0,0,0,0,0,0,0,0,0,0,0,0,0,0,0,0,0,0,4.333262,0
0,-2.531837,0.706985,0,0,-0.727797,0,0,5.18483,0,0,0,4.682367,0,0,0,0,0,0,0
6.42132,1.726548,3.157328,0,0,-1.961131,0,0,0,0,-10.456,0,0,0,0,0,7.393695,0,0,0
0,1.66706,-6.313421,0,0,0,0,0,0,0,0,0,0,0,0,0,6.064624,0,0,0
4.120276,-6.785019,0,0,0,0,0,0,7.96887,10.583894,0,0,-3.136708,0,2.403625,0,0,0,0,0
0,0,0,-0.49277,0,0,0,0,-8.668044,0,0,0,0,0,-11.922783,0,0,3.198014,0,0
8.294664,-3.516267,0,0,0,0,7.998263,-1.349687,0,0,8.194217,0,0,0,0,4.738443,0,0,0,0
0,0,0,0,0,1.774112,0,0,0,0,0,0,0,0,4.114398,0,0,0,0,7.575225
0,0,0,-7.484741,0,1.332065,-5.678187,0,0,8.741681,-8.368577,0,0,0,-6.359367,0,-3.345472,0,0,0
0,0,-9.575844,-7.919806,0,0,0,0,0,0,-14.185708,0,0,0,0,0,-5.961901,0,0,6.902487
0,-2.733329,0,2.483081,-7.679314,0,0,8.042911,0,0,0,-3.557765,0,0,1.793381,0,0,0,-8.798801,7.611322
0,0,0,-7.288824,0,0,-6.91264,-6.814678,0,0,0,0,0,0,0,0,0,0,3.417531,7.130672
0,-8.057262,0,0,-1.472216,0,0,0,0,0,0,0,-8.328646,0.540367,0,0,0,0,-2.078055,0
3.719672,-4.741213,0,0,0,-12.475787,0,0,9.939686,0,-9.444864,4.466853,-0.90806,0,0,0,0,0,0,0
0,0,0,0,0.648602,0,0,0,0,0,-9.41205,6.290782,0,0,0,0,0,-6.690602,0,0
-1.139267,0,0,0,-2.459097,0,0,0,0,0,0,0.416475,0,0,0,0,0,0.242813,0,1.365836
0,0,4.791716,6.642375,0,-10.643864,0,-8.787821,0,-5.810842,0,0,-3.21402,0,0,0,0,0,0,0
10.74617,0,0,0,0,0,5.799774,10.454591,0.652503,0,0,0,0,0,0,0,5.750899,0,0,0
0,-6.452827,8.1526,0,0,0,0,0,0,0,0,0,-1.798439,0,4.435278,1.532603,0,0,0,0
0,0,7.143776,6.395821,-7.532245,0,0,0,0,-5.246486,-4.961231,0,0,0,0,3.576623,7.045789,0,0,0
0,0,0,0,0,0,0,0,7.45662,0,-7.205073,-0.02912,0,0,0,0,8.408554,0,0,7.612357
0,0,0,0,0,0,0,0,0,0,0,0,-9.841618,0,0,4.676799,0,0,3.263533,0
0,0,0,0,0,0,7.414287,0,0,0,0,0,6.314063,-8.534453,0,0,0,0,0,0
0,-2.549624,0,-0.812789,0,0,0,0.815131,0,0,0,0,0,0,0,0,0,3.726626,0,7.358084
0,0,0,2.59718,0,0,0,0,0,0,6.405207,0,4.359836,0,4.06275,-7.574076,0,0,0,0
0,0,1.383789,3.448001,0,-1.292732,0,9.187612,4.294831,0,0,0,4.079377,0,0,0,0,0.954199,0,0
0,2.683048,-4.841707,0,0,1.734966,0,0,0,0,0,0,0,0,0,8.545744,0,5.64796,0,0
-3.22373,0,0,0,0,-10.144095,0,0,0,0,0,0,0,0,0,0,0,0,0,0
2.1337,-2.164033,0,0,0,0,0,0,0,0,0,0,0,0,0,0,0,0,0,0
0,0,0,0,-6.324989,0,0,0,5.616448,-1.140651,0,0,3.059221,0,0,2.012139,0,0,-11.048133,0
0,-8.099368,0,0,0,0.747968,0,0,0,0,0,0,-5.655211,0,0,-5.057853,0,0,-3.285062,0
0,0,-3.726321,0,0,0,0,0,0,0,0,0,0,0,-4.874855,0,0,0,0,0
8.71817,0,0,0,0,-2.450008,0,0,0,0,0,5.879422,0,-5.159901,0,0,0,0,0,0
2.476198,-5.992917,0,0,0,-5.730223,-4.317586,0,0,2.860197,0,0.189284,0,2.492299,0,0,0,0,0,6.468775
11.899478,-0.844115,0,0,0.079433,-2.821082,7.269451,0,0,0,-9.551015,-3.435415,0,0,0,4.308928,7.23495,0,-3.525885,0
0,0,0,0,0,0,0,0,1.968634,11.578402,-10.016885,4.239922,-7.387896,0,0,-10.559422,0,0,0,0
0,0,5.167429,0,0,-9.336745,0,0,0,0,0,0,0,0,0,-0.471226,0,-7.304051,0,0
0,0,0,0,0,0,0,0,0,-4.292638,-7.824637,0,0,0,0,0,0,-8.650217,-7.75676,0
0,0,3.244202,0,0,0,0,0,2.189652,0,-10.535795,0,0,0,0,0,0,-10.331538,-7.740976,0
0,0,6.184931,0,0,0,-6.298524,0,0,0,0,0,0,0,3.341732,0,0,0,0,0
1.417042,0,0,0,0,0,0,8.075251,4.659337,0,8.527455,0,4.544721,0,5.124572,0,-6.156167,-0.539347,0,0
6.297502,0,0,0,-2.483002,1.240348,0,0,0,0,0,0,0,0,0,0,0,0,0,0
0,0,0,0,-5.403747,0,0,0,0,-4.877946,8.590792,0,7.005694,0,6.579654,-8.457822,0,0,0,0
0,-2.057586,2.512752,0,0,0,0,0,0,0,0,0,0,0,0,0,0,0,0,0
0,0,1.497267,0,0,0,0,0,0,0,0,0,5.467204,0,0,0,0,0,-4.475773,10.297373
0,0,0,-10.196216,-2.379396,0,0,-11.696386,0,0,-10.633448,7.166252,0,-1.768872,0,-8.891437,-4.435357,0,0,0
0,0,0,0,-6.803935,0,0,-3.194871,-11.454502,0,10.598912,8.145844,0,-6.009684,0,2.936083,0,1.833951,0,0
0,0,0,0,0,0,8.628775,0,0,0,-8.682805,-3.655281,0,0,0,0,0,0,-9.090063,0
0,0,0,0,0,0,-6.527129,0,0,0,0,0,0,0,0,0,0,0,0,0
0,0,0,0,0,0,7.507737,0,0,0,0,4.981518,0,0,3.676599,0,0,0,0,0
0,0,0,0,0,-0.512401,9.650622,0,0,0,0,9.482602,-11.789794,0,0,0,0,0,4.924499,0
1.980597,0,0,0,0,0,-3.43995,0,0,0,-5.086037,0,0,0,0,0,0,-3.327421,0,0
10.925577,0,0,0,0,0,0,0,0,0,9.316552,0,0,0,0,0,0,6.267147,0,0
0,0,-2.465724,1.304651,0,-3.097842,0,2.384575,-8.880759,0,0,7.965088,0,2.649684,0,0,6.668495,0,0,0
0,-6.529434,-6.021249,0,0,0,0,0,0,9.640131,0,0,0,0,0,-7.808247,0,-1.439208,0,8.935982
0,0,0,0,0,0,8.451982,11.510538,6.201643,0,0,0,4.873936,0,12.769985,0,0,0,0,8.51324
5.801617,0,0,0,0,0,0,10.324847,0,0,-7.980703,0,0,0,0,4.494841,0,0,0,0
0,-3.841975,6.049615,0,0,-12.235044,-0.08984,-4.079774,0,0,0,3.961473,0,0,0,0,0,0,0,0
0,-1.554734,0,0,0,0,9.630559,0,0,0,0,0,0,0,-9.676846,5.007707,0,0,0,0
0,0,-6.379862,0,-1.892292,0,0,-12.075366,0,0,0,0,0,0,0,-6.470288,0,-2.215211,4.343193,0
0,-2.457757,0,0,0,0,0,0,0,6.240257,0,0,-8.288523,0,0,0,0,0,0,10.116962
-1.441681,0,0,0,0,-9.139015,0,0,9.14819,0,0,0,0,0,5.868724,5.518836,7.797842,0,0,0
0,0,0,0,-5.011715,0,6.552318,0,6.796402,0,0,0,0,0,0,-9.006675,0,0,0,0
0,0,0,0,-4.950942,-0.18631,0,0,2.636621,0,-11.871111,6.996272,-6.25703,-1.025217,0,0,0,0,0,0
0,-0.369839,0,0,0,1.258369,0,0,0,8.292899,0,0,0,-1.21684,0,0,0,5.890701,4.501144,0
0,0,0,0,0,0,0,0,-11.651355,0,0,0,0,1.073231,0,0,7.769659,0,0,0
0,0,0,0,0,0,5.145428,0,0,0,-12.838732,0,0,0,0,0,0,0,0,9.434373
0,0,5.452509,0,-11.334996,0,0,0,4.278484,0,0,0,0,1.715922,0,0,0,-6.601114,0,3.384484
0,0,7.204938,0,-12.316666,-7.829217,-0.147195,-7.054503,0,-0.995761,0,3.826035,-2.55575,0,0,0,0,0,0,0
0,0,0,0,-4.866775,0.322686,6.320883,0,0,-2.112476,0,0,0,-9.855187,0,0,0,0,0,0
-1.642046,-3.323532,0,0,0,0,0,0,0,0,0,0,0,1.006461,0,0,5.011424,-5.361076,0,0
4.540408,0,0,0,0,0,0,0,0,0,6.70951,-7.720312,0,0,0,0,0,0.003686,0,0
3.441389,0,6.981957,0,-10.072061,0,0,0,0,0,-9.578024,0,0,0,0,0,0,0,0,3.504577
3.43015,0,0,0,-3.48021,0,0,0,0,0,0,0,5.203364,0,9.029275,0,0,0,-4.675679,0
10.254361,0,0,0,0,-3.418793,0,0,0,0.239609,0,-7.867913,0,0,0,0,0,0,5.009758,0
0,-3.51808,0,0,0,0,0,-14.537525,0,0,0,0,-0.79716,3.516032,5.921968,0,0,-3.450395,0,0
7.415623,0,0,0,0,0,7.252723,0,1.671914,0,0,0,0,0,0,0,0,0,0,0
5.996419,0,0,0,-7.682514,0,8.349418,8.643951,0,0,0,-3.112055,0,0,0,0,-6.666537,0,0,0
6.508424,2.194722,0,0,-4.068617,0,0,0,0,0,0,8.946582,0,0,0,0,6.302267,0,0,0
0,9.750421,2.850861,0,0,0,0,0,0,0.622116,0,0,0,0,5.547345,0,0,0,0,0
0,0,0,0,0,0,2.430288,0,0,0,0,0,0,-6.929849,0,0,0,-12.090126,-2.436514,6.56256
0,0,0,0,0,0,0,0,0,0,-8.43142,0,0,-0.928198,2.215307,0,0,-5.809111,0,0
0,0,0,0,0,0,0,0,5.246971,0,6.620689,0,0,0,0,-9.277242,0,0,0,0
0,0,0,0,0,0,0,0,7.494179,0,0,0,0,0,0,0,0,0,0,0
0,-0.546979,0,0,0,0,0,0,0,0,0,-0.986278,-2.366146,0,0,0,0,0,6.053015,0
0,-8.378092,-9.482326,0,0,-3.883628,0,-7.910739,4.575762,12.334763,0,0,0,0,0,0,0,0.663,0,0
0,0,0,0,0,0.84714,0,0,-7.663263,7.612002,0,0,0,2.147569,-9.855939,0,0,0,0,0
0,0,0,0,-5.05012,0,8.968114,0,0,0,0,0,-7.609611,0,-5.973432,0,0,0,0,8.519373
0.350263,0,0,0,0,-0.011257,-6.78448,0,0,0,0,0,0,0,-6.355694,0,0,0,0,0
0,0,0,0,-5.665546,0,0,0,0,0,0,0,4.224446,0,0,-10.157287,0,0,0,0
-0.018747,0,-6.337122,0,0,0,0,-8.585621,6.181304,0,-11.042425,0,-4.76733,0,0,-3.118927,0,0,0,0
6.498898,0,0,0,1.370351,0,9.416442,0,0,0,0,0,0,0,-11.889026,0,0,3.044516,0,0
3.514283,0,0,0,-7.562474,0,0,0,0,0,6.533582,0,0,-9.192504,4.548244,-9.685325,0,0,0,5.606353
0,0,0,0,-3.205516,0,0,0,0,0,0,0,0,1.180252,0,0,-6.810034,0.164497,0,0
0,0,0,0,0,-2.401664,7.069259,10.034433,0,0,0,-4.956185,0,0,0,0,0,0,0,0
0,0,0,0,0,3.650359,0,11.608535,0,0,0,0,0,0,0,-3.958554,-7.387836,4.169076,4.336242,8.33443
5.004372,0,1.665542,0,0,0,0,3.667088,0,-3.493199,0,0,0,0,0,0,0,-7.541658,0,0
0,0,0,0,0,0,0,0,0,0,0,0,0,0,4.165286,0,0,0,-10.924713,9.89127
-1.001864,-3.943679,7.720472,0,0,0,-2.513492,-10.298901,3.788492,0,0,0,-1.006516,3.542006,0,0,0,0,0,4.785092
0,0,0,0,0,0,0,0,0,0,0,0,0,0,5.47148,2.154657,0,0,-1.057989,0
0,0,0,6.805181,0,0,0,12.730235,0,0,9.872106,0,0,0,0,0,0,0,0,0
0,0,0,-2.936159,0,-0.509581,0,0,-13.798909,0,11.863547,0,0,-1.458611,-12.175925,0,0,0,0,0
0,-4.75696,0,0,-0.896099,3.513484,-2.271003,-5.791388,0,0,0,0,0,-3.633888,0,0,-2.063357,0,0,0
-4.27886,0,0,0,0,0,0,0,0,0,0,0,0,0,0,0,0,0,0,0
0,-5.247841,0,0,0,1.126944,0,8.824423,5.249268,0,0,3.241879,0,-2.48091,0,7.272651,0,0,0,0
7.327889,0,2.406917,0,0,-0.498607,0,0,0,0,0,9.491748,0,0.156712,0,0,5.165236,0,0,0
3.705675,-0.317455,0.821894,0,0,-0.983729,9.185334,0,0,0,11.589557,0,-10.338129,-1.558705,0,0,9.653775,0,0,8.703623
0,0,0,0,0,0,0,0,0,0,0,0,0,-8.349758,0,0,0,0,0,0
3.540203,0,-7.665204,0,0,0,0,0,0,8.804008,0,4.574373,0,0,-13.626606,0,2.742813,0,0,0
0,0,0,0,0,0,0,-10.894272,0,0,0,0.608759,0,0.791685,0,0,0,0,0,0
0,0,-0.779903,0,0,0,0,0,0,0,0,0,0,0,0,0,0,0,7.914936,0
0,0,0,0,0,0,0,0,9.973819,0,0,0,0,0,0,0,0,-5.425343,0,0
0,7.524892,0,0,-4.278987,0,0,0,0,-4.033665,0,0,0,0,0,0,-6.453851,0,0,0
0,0,0,0,0,0,0,0,0,0,9.307624,0,0,0,0,10.561539,7.558562,0,6.905482,7.184653
-0.440466,0,-7.783298,-10.762881,-3.16361,0,0,0,0,3.156905,0,0,0,0,-6.513241,0,0,0,0,0
0,0,10.404909,0,-4.84605,0,0,0,0,-4.887411,-8.510231,0,0,0,0,0,9.633569,0,0,0
6.250545,-5.36911,0,0,0,0,0,0,-12.949312,0,0,0,0,0,0,10.831369,0,2.300122,0,1.234288
0,-5.853367,0,0,0,0,0,-3.40941,0,10.073751,0,0,-3.992146,0.631787,0,0,-1.943224,3.057231,0,9.763896
0,0,0,0,0,0,-6.722912,0,0,-3.844724,0,0,0,0,5.523893,0,0,0,0,0
0,0,0,0,-2.218135,0,-7.507653,0,0,0,-11.231552,0,-4.799348,0,0,0,0,0,0,0
0,0,0,0,-0.706618,0,10.290508,3.727747,0,0,12.41071,0,0,0,-7.502566,0,0,0,0,7.845624
0,0.968889,0,0,0,0,8.234786,0,0,7.722686,0,0,-10.357046,-3.612559,-9.412846,4.297922,5.646076,0,0,0
0,0,0,0,0,0,0,0,0,0,-9.988846,0,0,0,0,2.167434,8.428358,0,-11.6889,0
0,0,0,0,-7.353463,-8.930397,0,0,0,0,0,0,0,0,6.561682,0,0,0,0,0
11.90979,0,-6.852761,0,-5.192109,0.607837,0,0,-11.615726,0,0,0,0,0,0,0,0,0,4.355915,6.527242
4.41316,-7.395308,0,0,0,0,0,0,0,9.728794,0,0,0,0,0,0,0,0,0,9.143658
0,0,-6.869873,0,0,0,0,2.675109,0,0,0,0,0,0,0,0,0,0,0,0
0,-3.793372,0,0,0,0,-2.914852,0,8.05193,0,0,2.997916,-4.373887,5.950081,0,1.245948,0,0,0,0
0,0,0,0,0,0,0,0,0,-3.031812,0,0,3.492887,0,0,0,0,0,-7.076633,0
0,0,-1.142517,0,0,0,0,0,0,0,0,0,0,0,0,0,0,1.015078,0,0
0,0,0,0,-2.09872,0,0,-7.731872,0,0,0,0,-4.983311,0,0,0,-3.964923,0,0,5.807356
0,0,0,0,0,0,0,0,0,0,0,0,-2.005485,0.813552,0,0,0,0,0,0
0,0,0,-5.072936,0,0,0,0,0,0,0,0,0,0,0,-5.004315,-5.177413,0,0,0
9.691403,0,0,0,0,0,0,10.820937,0,0,-8.392459,7.440997,0,0,13.360228,0,8.535892,-6.433799,0,10.923163
0,0,0,0,0,0,0,0,4.79983,0,-8.935194,0,-5.338023,0,0,0,0,0,0,0
-1.7941,0,0,0,0,0,0,-10.883761,0,0,0,0,0,0,6.680099,4.674155,7.987676,0,0,0
0,0,2.50717,6.861398,0,0,0,7.920005,0,0,0,3.422244,0,0,0,5.996338,0,-3.98554,0,0
5.317206,0.893681,0,0,-6.550201,-1.503853,0,0,-10.135406,4.472457,0,0,0,0,0,2.907658,0,0,0,0
0,0,0,5.610162,0,0,0,0,0,0,0,0,3.845737,0,4.644614,0,0,3.351785,0,4.779317
6.992564,0,-0.269455,0,0,0,0,0,-6.088389,0,0,0,0,0,0,0,9.55758,0,0,0
0,-3.081127,3.389796,0,-5.047274,0,0,5.763755,0,0,0,0,0,-5.697028,5.281405,0,0,-10.196586,0,0
0,0,0,0,0,0,0,0,0,0,0,0,-6.017095,0,0,0,0,0,0,8.81556
-1.090942,0,7.050983,3.816266,0,0,0,0,0,-1.966382,0,0,0,0,0,2.743476,0,-2.727821,0,4.972562
8.474945,-4.387885,-5.510227,0,0,0,0,-3.490709,-11.671093,0,11.11258,0,0,0,0,0,0,4.066275,-0.589402,0
0,0,0,0,0,0,0,0,0,0.38276,0,0,0,0,0,-9.254228,-10.103347,0,1.373093,0
0,0,-2.048125,0,0,-3.860391,0,0,0,0,0,0,0,0,2.951795,0,0,0,0,0
0,0,-0.351272,0,0,2.749615,5.114122,0,0,0,0,0,4.289084,-4.73785,0,0,0,0,-8.537945,0
0,0,0,4.86141,0,0,0,0,0,-0.753305,0,2.922444,-2.811451,0,0,0,0,-1.34555,0,0
0,0,-4.334121,0,0,0,5.193058,0,-9.975368,0,7.371841,7.988257,0,0,0,2.176882,0,0,0,0
0,0,0,0,0,0,4.742182,0,0,0,0,0,4.462456,0,0,0,0,0,0,0
0,0,0,-4.958836,0,0,0,-7.374839,0,0,0,0,0,0,-4.570258,0,0,0,0,0
0,7.013953,0,0.797815,0,0,0,0,3.430339,0,0,0,0,0,0,0,-9.728904,0,0,0
0,0,3.782305,0,0,0.37042,0,0,-1.123492,-2.118278,0,0,2.230144,0,0,0,0,-10.601686,0,0
0,6.797931,0,0,-5.19881,0,0,0,6.353179,0,11.476219,0,0,-6.403281,5.384764,0,-5.511568,0,0,0
0,0,3.231926,0,0,0,7.582874,0,0,-0.022093,0,0,6.450621,0,4.729231,0,0,0,-8.471057,0
0,0,0,-10.34089,0,0,0,0,5.759645,0,-9.002584,0,-3.781854,0,-5.088922,0,0,0,0,8.336501
0,0,0,0,0,0,0,0,0,0,-11.506929,3.248967,0,0,0,0,0,0,-7.69022,0
4.608066,0,0,0,0,0,0,0,0,0,0,0,-3.363131,0,0,0,0,0,0,0
4.312355,0,0,0,-9.34056,2.351123,8.783939,0,0,0,-7.423939,2.592494,0,0,0,0,4.377415,0,-8.19117,9.515228
10.063782,8.442965,0,0,0,3.763903,6.253122,0,8.265687,-1.993799,0,0,0,-6.813606,0,0,0,0,5.149315,5.387876
-0.080368,0,-8.288994,0,0,0,0,0,0,0,0,7.329585,0,-1.799293,-5.308416,0,0,3.824318,0,0
0,7.596671,0,0.375201,0,-1.442781,0,0,0,0,0,0,0,0,0,0,0,0,0,0
0,0,0,0,0,0,0,0,2.958439,0,0,0,-4.134958,0,3.068752,0,0,-2.862117,0,3.377603
0,0,-6.227039,-8.924345,0,1.057079,0,-5.099617,0,0,-6.102236,0,-8.099767,0,-4.731489,0,-4.997917,0,0,0
0,0,0,0,-4.39227,0,0,0.18375,-8.71384,0,8.755037,0,0,0,0,0,7.826986,0,0,0
0,0,0,0,0,0,0,0,0,0,10.341839,0,0,-7.078554,0,0,0,0,0,0
0,0,0,0,0,-2.250812,0,0,-8.818845,0,0,0,0,0,0,0,0,0,0,6.937589
0,0,-6.887365,0,0,0,0,0,4.5974,0,-9.922971,0,0,0,0,-4.253813,0,0,0,0
0,0,0,0,0,0,0,0,0,12.986082,0,0,0,0,0,-8.368224,0,0,0,0
-6.563075,-3.746062,0,0,0,-14.103612,0,0,0,0.504989,0,0,0,0,0,0,5.585311,0,0,0
2.096684,0,0,0,0,0.129106,0,0,0,-3.96684,0,0,4.727548,0,0,0,-7.230981,3.195901,0,0
0,0,0,0,-6.210794,0,0,0,0,1.098165,0,0,0,0,0,0,-9.092337,3.052704,0,0
0,0,0,0,-0.241709,0.3883,0,0,5.819067,0,0,0,0,0,0,0,0,0,0.858583,0
0,0,0,0,0,0,0,8.608545,6.299266,0,0,0,0,0,10.602933,-7.38484,0,0,3.899728,0
0,0,1.42994,3.553597,0,0,0,11.072782,0,0,0,0,0,0,0,-8.378091,0,0,0,0
0,0,-9.863358,0,0,2.587845,0,-8.673397,4.668754,0,0,7.877634,0,0,0,-4.064694,0,6.279764,1.66261,0
0,0,0,6.416876,0,-7.367897,0,0,7.188907,0,-11.963015,0,-2.66401,0,0,0,0,-5.574469,2.007015,0
0,0,-0.143803,0,0,0,0,0,0,7.541956,10.272006,8.735579,-3.885905,-2.498906,0,0,0,0,0.578222,0
0,0,0,-0.933635,-0.704373,0,0,0,0,9.436775,12.610516,0,-9.529752,0,-11.466185,5.953245,6.271613,0,0,0
0,-8.733553,-8.254049,0,0,-1.892906,-7.015856,-7.742394,0,11.569806,0,14.062961,0,0,0,0,0,0,6.986594,0
0,0,0,0,-4.497378,0,0,0,0,0,0,0,0,0,0,0,0,-1.345987,0,0
0,0,0,0,0,0,0,0,0,0,0,7.316548,0,0,0,0,0,0,0,0
0,-3.110285,0,8.294853,0,0,0,-4.415893,0,0,0,1.346406,0,0,0,0,0,0,0,0
0,0,0,0,-2.7505,0,8.924596,0.419589,0,0,0,0,-11.266106,0,0,0,0,4.475679,9.175664,0
0,0,0,0,-12.127397,0,-6.1415,-6.532445,0,0,-10.43784,0,0,1.897891,0,2.273587,0,0,0,0
0,-4.472764,0,0,0,0,0,0,0,0,-7.654778,0,1.300263,0,0,0,0,0,0,0
0,0,0,0,-3.406166,-2.116445,-7.107546,0,0,0,0,0,0,0,0,0,0,0,0,6.606352
-2.551474,0,0,0,0,-12.497484,0,0,0,0,-11.76635,0,0,0,0,0,0,-3.985889,0,5.331906
0,0,0,0,-5.709603,0,0,0,0,0,9.145983,7.441577,0,0,0,0,0,0,0,0
8.450655,0,0,0,-3.276874,0,0,0,0,0,-6.917744,0,0,0,0,0,10.726664,0,0,0
0,0,-6.398455,0,0,0.142045,-7.383436,-5.082429,0,0,0,0,-8.08124,0,0,-10.131064,-4.477619,0,0,0
0,8.487367,0,0,0,0,0,0,0,-3.68105,0,0,5.78728,0,0,-11.492485,0,0,0,5.656918
0,0,5.918265,0,0,0,0,11.191703,0,0,11.418041,-5.374758,0,-5.654538,7.948252,0,-6.528757,0,0,9.930989
0,-4.641309,0,0,0,0,0,0,0,0,0,0,0,0,0,4.015733,0,0,0,0
6.332643,0,4.440378,0,-3.531754,0,7.215613,0,0,-1.199622,0,0,0,-6.738634,0,0,0,0,3.725035,0
7.512418,0,1.103663,6.666779,-4.08442,-0.436725,0,13.331075,0,0,0,0,5.97255,0,0,0,0,0,0,0
0,-3.52451,4.277182,0,0,0,4.343417,0,0,-0.763036,-11.232993,0,0,0,0,0,0,0,0,0
7.433814,0,0,0,0,0,7.942876,0,0,0,0,0,0,0,-12.968433,0,3.436561,2.037702,0,0
0,0,0,0.191208,0,0,0,0,0,0,0,0,0,0,0,0,0,0,0,0
0,0,2.870097,5.994234,0,0,6.266749,0,0,0,0,0,0,-4.95368,0,0,0,0,0,10.730719
0,0,-2.946302,10.76294,0,-1.504921,0,9.696782,0,0,0,0,0,0,8.942845,0,0,3.724425,0,0
0,-0.702642,0,0,-2.624033,1.861741,3.842731,0,0,0,0,0,0,-4.056987,0,0,9.618997,0,0,0
0,0,0,0,-6.78216,0,0,0,0,0,-6.593303,0,0,0,0,0,0,0,6.244413,0
8.409296,0,0,0,0,0.329243,0,0,0,0,0,0,0,0,0,0,2.074445,-7.524677,0,6.260284
0,0,0,0,-2.090717,2.791187,0,0.28847,0,8.570249,12.156209,10.205144,-5.292524,-1.168257,0,11.675152,0,0,0,0
0,-1.453313,0,0,0,-2.889357,7.979841,0,0,0,0,0,0,0,-8.737517,4.109964,0,1.708073,0,0
0,0,0,0,0,0.700838,0,0,0.997297,0,0,2.549122,0,-4.042422,0,0,0,3.52852,0,0
0,0,0.980644,0,-8.836412,0,0,0,0,0,0,0.113417,0,-7.722299,0,0,0,0,0,0
0,0,0,0,-3.422959,0,0,0,0,0,0,0,0,-1.551973,-6.555346,0,0,0,0,0
0,0,0,0,0,-0.749332,2.177874,7.417273,0,0,0,0,0,0,7.26999,1.33024,0,0,0,0
0,0,0,5.607094,0,0,0,0,0,0,0,0,0,1.800541,0,0,0,-1.429511,0,0
0,-4.108662,0,0,-0.496373,0,0,0,0,7.893279,0,0,0,0,0,0,0,0,0,0
0,0,6.755024,0,0,0,0,0,0,0,0,0,-2.107254,0,0,0,0,0,0,0
7.514033,0,0,0,0,0,0,0,0,0,-9.302071,0,0,-2.775227,3.508323,0,0,0,0,0
0,0.565431,0,0,0,0,0,0,5.123536,0,0,5.027185,4.379659,-5.506412,0,0,0,-7.789909,0,0
0,-1.867215,-8.627014,0,-6.923239,0,0,0,-8.067328,0,0,0,-15.191692,0,-11.121094,0,0,4.738236,0,0
5.425657,0,0,0,0,0,0,0,7.44939,0,0,0,5.836881,0,0,0,0,0,0,9.79517
0,0,0,0,0,0,0,0,0,11.033062,0,0,-7.705038,0,0,0,0,0.997015,0,0
0,0,-8.871797,0,0,0,0,0,0,0,0,0,0,-0.889554,0,0,0,0,0,0
0,-3.781644,6.390101,0,-10.696449,0,0,0,0,-8.118333,0,0,-0.194468,0,0,0,0,0,0,0
0,2.938438,0,0.294737,0,0,10.380026,3.891154,0,0,13.967087,0,0,0.396742,0,0,0,0,1.56926,0
11.732797,0,0,0,0,0,0,0,-5.625355,0,13.117962,5.763788,0,0,0,0,0,0,0,0
0,0,0,0,0,0,0,7.738321,0,0,7.827319,-8.563351,6.653811,0,12.295819,0,-7.765042,0,2.267337,0
0,0,0,0,0,0,0,9.727172,0,-3.841128,0,0,0,0,0,-7.924304,-4.932785,0,0,0
0,0,0,0,0,0,8.404894,6.863013,0,0,-7.582176,7.663855,0,0,0,1.867636,0,0,0,0
0,0,-4.465289,-5.067328,0,0,0,0,0,7.029383,0,0,-12.979723,-0.546566,0,0,0,0,0,0
0,7.827667,0,0,-3.95462,3.278334,0,0,0,0,9.697583,0,0,0,0,0,0,5.16433,0,0
3.142294,0,0,0,-2.211565,4.863848,0,-7.058414,0,0,-6.266947,0,0,0,-4.439897,0,0,0,0,0
0,0,0,0,0,0,5.409672,0,0,-5.583653,0,0,7.617849,0,0,0,0,0,0,5.999816
0,0,0,0,-3.832155,0.773043,0,0,-15.195915,0,0,5.097213,0,0,-11.507001,0,6.540149,0,0,6.482651
0,0,0,0,-4.483673,0,-6.393224,-10.039228,6.742374,0,-7.196596,0,0,0,0,0,0,6.537292,0,0
1.459295,-7.907029,0,0,0,0,0,0,0,9.003942,-8.916007,0,0,0,-3.871738,0,0,0,0,0
0,0,5.581781,0,0,-6.870283,0,-6.92029,0,-6.857815,-7.505429,0,-2.323941,0,0,2.104627,0,0,0,0
0,0,-5.062099,0,-6.489933,0,0,0,0,0,0,0,0,0,0,0,7.052285,0,0,6.572379
-3.416467,0,0,0,0,0,0,0,0,0,-12.631878,0,0,0,0,0,0,0,0,0
0,0,0,0,0,1.472519,3.707409,4.714502,0,0,0,0,0,0,3.039721,0,0,0,0,8.032554
-0.6135,0,0,0,0,0,-8.250399,0,0,0,0,0,-8.897012,-4.1598,0,0,-4.608668,0,-2.726189,5.538582
1.733873,0,0,0,-4.272682,0.169372,0,0,0,0,0,0,0,-1.737021,0,0,0,0,0,0
0,0,-1.178744,2.696193,0,0,0,12.117092,0,0.970973,0,-3.887542,4.929261,-6.886241,0,0,0,0,0,5.37338
0,0,0,0,0,0,0,-8.172364,0,0,0,4.2608,0,0,0,0,-1.861224,0,0,0
0,0,0,0,0,0,0,0,0,0,5.553604,0,0,-5.324605,-7.989484,0,0,0,0,0
0,-2.819068,0,0,-5.607808,0,0,5.230907,2.899449,0,0,0,0,0,0,0,0,0,0,0
0,0,3.727699,0,0,0,5.184376,0,0,0,0,4.179813,3.625522,0,0,2.817224,4.967444,0,0,0
4.84581,0,0,0,0,0,0,9.741932,0,0,0,0,0,0,0,0,0,0,0,0
0,-8.411818,0,0,-3.371357,2.926939,0,0,0,0,0,0,0,0,-1.428845,0,0,0,0,0
2.711976,0,0,7.843838,0,0,0,0,0,-0.484816,0,0,0,0,0,0,-7.166807,4.957711,0,8.055989
0,0,0,0,0,0,0,0,-8.927611,0,0,9.181052,-8.561285,0,0,0,0,0,-0.037444,4.189482
0,-2.398912,0,0,-9.432928,0,0,-12.812421,8.498058,0,-1.941197,0,0,0,0,0,0,-2.372741,0,1.176111
0,0,0,0,0,0,0,0,3.879597,6.618444,-5.564393,0,0,0,0,0,0,0,0,0
6.57821,0,0,0,0,0,0,0,0,0,9.164755,0,0,0,0,0,0,0,0,0
-0.475889,0,0,0,0,-8.506973,0,0,2.036194,0,0,-0.417232,-0.413968,0,0,0,0,-2.76819,6.16708,0
0,0,0,0,0,0,0,0,0,0,-8.863196,3.209043,0,0,0,0,0,0,0,0
3.759145,0,0,0,-5.997971,0,0,-7.065041,0,0,7.185319,0,0,0,-10.361075,0,0,2.675807,0,6.904531
0.149997,0,0,0,-3.522641,0,0,0,4.35289,0,0,0,0,0,0,0,0,0,0,0
0,0,6.166889,0,0,-10.308183,-4.357279,0,9.312173,0,0,0,0,2.418026,0,0,0,0,0,0
0,0,0,0,-6.954016,0,0,0,0,0,-11.330667,2.271986,0,0,0,0,0,2.764648,0,0
3.469495,0,0,-1.954472,0.080223,0,9.87636,0.455162,0,0,0,8.158326,0,0,0,0,6.707195,0,5.688586,9.231881
0,6.445946,0.291735,0,0,0,6.610119,0,0,-0.701717,0,0,4.985171,0,0,0,-10.679407,0,0,0
0,0,0,0,0,0,0,3.2586,-8.602254,0,0,0,0,0,0,0,0,0,0,0
0,0,-4.417464,0,0,0,0,0.708128,0,7.173173,0,9.193015,0,0,0,0,0,5.041362,0,0
0,0,-9.043572,-9.933891,0,0,-9.400749,0,5.050995,0,0,0,0,0,0,0,-4.028307,-0.204505,0,0
0,-9.628961,0,0,0,0,0,0,0,0,0,0,0,0,0,0,0,0,0,6.169747
0,0,0,0,0,0,13.305738,0,0,0,0,9.474262,0,0,0,0,0,0,6.423691,0
0,0,0,-0.977121,0,0,10.735545,-0.801566,0,8.656233,0,6.775976,-7.867904,0,0,0,9.03362,0,0,0
0,0,0,0,0,1.797836,0,0,0,8.435683,0,0,-10.555402,-0.236222,-8.58798,0,8.507329,4.485944,5.336018,0
0,0,0,0,0,0,0,0,0,0,0,0,0,0,0,0,0,0,0,7.05342
0,0,0,0,-0.300428,0,0,0,-8.26236,0,0,8.916335,0,0.855947,0,0,9.030256,0,0,0
0,-6.713163,0,0,-0.667359,0,-4.299282,-5.399574,0,13.976318,0,0,-4.958786,0,0,0,0,0,0,0
0,0,0,0,0,0,0,13.608793,0,0,0,0,0,0,0,7.930373,0,0,0,0
4.813702,0,-0.191228,0,-7.436711,0,0,0,0,5.099617,0,8.406616,-9.431663,0,0,10.015796,0,0,0,0
9.678167,0,0,0,0,1.594684,5.277753,0,0,0,-10.122507,0,0,0,0,0,10.090888,0,0,0
5.349674,0,2.368293,0,-8.084951,0,0,0,0,0,7.84324,0,0,0,0,0,0,-1.070915,0,4.061634
2.93652,0,-9.822171,0,-2.912602,2.274875,-9.033919,0,0,0,0,0,0,0,0,-5.683457,-3.917748,0,0,6.116896
0,0,5.794347,6.42896,0,0,0,0,0,0,-6.702028,0,0,3.131414,6.471464,0,10.993864,0,0,0
0,0,5.547747,0,0,0,0,0,0,1.225968,-7.235929,0,0,0,0,0,10.146405,0,-8.864726,0
0,0,0,0,0,0,0,8.109058,7.987106,0,0,2.433096,0,0,4.601394,0,7.69283,0,0,9.099079
0.479566,0,5.785214,0,0,-10.718437,0,0,0,0,0,0,0,0,5.919517,4.31043,0,0,0,0
11.517092,0,0,0,0,0,0,0,0,0,0,6.630816,0,0,-8.596243,6.353551,4.856224,0,0,0
-1.180232,0,0,0,0,1.378873,0,0,0,0,0,0,0,0,0,0,0,0,2.508091,0
0,11.64061,1.6857,0,-2.439599,0,0,0,7.898078,-2.031303,11.925626,0,7.294267,0,0,0,0,0,0,0
0,0,-0.709007,0,-2.771338,-0.234668,3.659144,0,0,0,0,0,4.416602,0,0,0,0,0,1.357252,0
0,0,0,6.771715,0,0,0,0,0,0,0,0,0,0,0,0,0,0,7.844573,0
0,4.373986,0,0,0,0,14.677668,0,-6.499875,0,0,0,0,0,0,5.012575,0,6.057796,0,0
0,0,0,0,0,5.287497,0,0,0,0,0,0,-7.086885,0,0,7.23615,0,4.2502,0,0
0,0,0,-0.125463,0,0,0,0,0,0,0,10.152846,-8.154423,0,0,0,0,0,0,6.533461
0,0,0,0,0,0,0,0,7.872361,-0.88487,-9.885473,0,0,1.398079,0,4.718018,0,-6.915947,0,8.740097
0,0,-0.277925,0,0,0,11.394867,9.064034,0,3.198289,0,0,3.240556,-6.759203,0,0,0,0,0,0
2.0675,0,0,0,0,0,0,0,0,0,0,10.763009,0,0,-3.608411,0,-3.199385,0,0,0
0,0,1.295716,0,0,-3.290731,0,0,0,0,0,0,0,0,-1.773145,0,6.747872,0,-9.461361,0
0,-1.776774,-8.875078,0,0,-1.689077,10.400337,0.569994,0,8.151783,7.99169,0,0,0,-8.023764,0,0,0,0,9.813007
0,0,-1.403458,0,0,0,0,0,0,0,0,0,0,0,0,0,0,0,0,8.976447
0,0,0,-0.72238,0,0,0,0,0,0,7.424755,6.80604,0,0,0,5.141343,0,0,0,0
0,0,0,0,-1.037705,0,0,0,0,0,0,0,0,0,-0.922825,0,0,0,0,0
0,0,7.169252,0,0,-7.538916,0,0,0,0,0,0,0,0,0,1.402814,0,-5.02695,0,0
6.404112,-3.19853,0,0,-4.210047,-0.254438,2.336438,6.490448,6.356193,-4.803804,0,0,4.779003,0,0,2.068176,0,0,-4.627731,0
9.651173,0,0,0,-3.386327,0,9.371882,9.9909,0,1.820319,11.061386,0,4.7179,0,0,0,0,0,7.124497,0
0,0,-7.454847,0,0,0,-7.34304,0,0,0,-8.246986,0,0,0,-3.987168,0,-3.586502,0,1.632163,0
0,-10.969142,0,0,-2.847964,0,0,-10.924759,6.789889,6.2865,0,0,0,-3.424787,0,0,0,0.674677,0,0
-3.288067,0,0,0,0,0,0,0,0,0,-8.616858,0,0,0,0,0,0,0,0,0
0,0,0,2.40728,0,-5.101571,0,0,0,0,0,0,5.449453,0,0,0,0,-9.469183,0,0
9.625479,-2.267221,0.709072,-4.150868,-3.267166,0,0,0,0,3.875518,0,0,0,0,-8.947746,0,7.416506,0,0,0
0,0,0,0,-3.273003,0,7.72241,0,0,0,7.384856,0,0,0,0,-9.859349,0,0,0,0
0,0,0,0,0,0,0,0,0,0,0,-4.761375,7.066587,-6.956406,0,-8.741989,0,-1.087769,0,0
0,0,0,3.498074,0,0,-3.766525,0,2.503077,-4.974786,0,0,0,0,0,0,4.293162,0,0,0
1.530983,0,0,0,0,0,0,0,0,10.933883,0,0,0,-1.65789,0,0,0,7.520654,0,0
0,0,4.888532,7.065933,-5.361881,0,0,0,0,0,0,2.753978,0,0,7.721859,3.022487,0,-7.414581,0,0
0,0,0,4.080842,0,0,0,0,0,0,0,0,5.033272,0,8.519782,0,0,0,0,0
0,0,-3.532239,0,0,1.621339,0,0,0,0,0,0,0,0,0,0,0,0,0,0
0,0,0,0,0,0,0,0,5.849281,0,-7.328106,0,0,0,0,0,0,0,0,0
0,-8.209836,0,0,0,3.46002,0,0,0,6.187049,0,0,-6.616804,-1.291588,0,0,0,0,0,0
0.870018,0,0,-4.231106,0,0,-6.938302,0,5.147597,0,0,0,0,0,0,0,0,0,0,7.616141
0,0,0,3.91313,0,-0.528983,0,0,-0.134068,0,0,0,0,0,0,0,0,-9.634217,-9.29091,0
0,-4.242126,1.129839,0,0,0,6.946183,0,0,-1.700736,0,3.076224,0,0,0,0,0,0,0,0
0,0,0,0,0,0,-4.907356,0,0,0,0,0,0,0,0,-6.788075,0,2.999727,0,0
0,-6.824099,0,3.916026,0,0,-5.362727,0,0,0,0,0.873516,0,0,0,0,10.7028,-5.308893,0,0
0,0,0,0,0,0,0,0,8.679243,0,0,0.069095,-1.890134,0,0,4.674787,8.717137,-7.621195,0,0
0,-0.568343,0,-2.944266,-3.095755,0,9.417501,0,0,8.199198,0,6.814057,0,0,0,0,0,0,4.656201,0
0,-8.39139,0,0,0,0,-7.058106,0,0,0,0,0,-4.816232,0,-1.925428,-4.497767,0,0,0,0
0.290031,0,0,0,0,0,0,0,0,0.532502,0,0,0,0,0,0,0,0,0,9.575742
0,0,0,0,-1.290401,0,-4.041923,0,6.450111,0,-0.639298,11.73029,-2.708142,-0.509892,0,0,0,0,0,10.360462
0,-3.922418,5.593131,0,0,0,0,0,0,0,0,0,0,0,7.554103,0,0,0,0,0
0,0,0,0,-5.602167,1.230665,-8.061861,0,0,0,0,0,0,0,0,0,0,0.233963,1.27601,0
0,0,0,0.540623,0,0,0,0,0,0.076815,0,-5.795483,0,0,0,0,-8.361572,0,0,0
0,0,0,5.294066,0,0,0,-5.957263,5.969275,-5.70639,-3.107883,-2.240644,-2.147278,0,0,0,0,0,5.743159,0
0,0,0,0,0,0,0,0,0,7.192245,0,0,0,0,-4.278484,0,0,3.164001,1.183812,0
1.058415,0,0,0,-5.107529,0,0,0,0,0,0,0,0,0,0,0,0,0,2.86375,5.128481
-2.321634,-6.144556,6.232773,0,-5.490538,-6.009908,0,0,9.797955,0.805612,0,0,-0.068615,0,2.31056,0,3.894158,0,0,0
6.335177,0,0,4.40132,0,0,6.194556,0,0,0,0,0,3.738799,0,0,0,-5.551022,0,0,0
4.082438,-11.352542,0,0,0,1.299832,-6.309514,0,0,0,-6.734155,0,-5.367046,0,0,0,0,0,0,0
0,0,0,0,0,0,2.364878,6.661085,0,0,0,0,0,0,0,0,0,0,0,0
0,-13.630147,-4.350681,0,0,0,0,0,0,6.085505,0,1.666363,0,0,0,0,0,0,0,0
0,-1.147747,0,5.144017,0,0,0,-7.662265,8.888148,0,-3.638834,0,0,0,0,0,0,0,0,0
0,-0.700298,4.448578,0,-4.326799,0,0,0,0,0,0,0,0,0,6.462662,0,0,0,0,0
0,0,4.39102,0,0,0,0,0,0,-2.614608,0,-6.149168,-1.784679,0,0,0,0,0,3.807674,0
0,0,0,0,-4.095123,0,-4.471379,0,2.781583,0,0,0,0,0,0,0,-5.318368,0,0,0
0,0,-12.051579,0,0,-5.634604,0,0,1.499628,0,0,0,-9.334828,-6.094067,0,-11.047681,0,-2.634542,0,3.606543
9.6352,0,0,-3.274997,-1.343373,0,0,0,0,0,10.433729,0,0,0,0,0,0,0,0,7.341811
0,0,0,0,-2.6497,1.168209,0,0,2.928299,0,0,0,0,0,0,0,0,0,0,0
0,0,0,0,0,0,0,0,0,0,0,6.917428,0,0,0,0,0,0,0,0
0,-8.044995,-6.611232,-9.386485,0,0,0,0,0,0,0,0,0,0,0,0,0,6.380979,0,0
0,0,-6.10492,0,0,0,0,0,0,0,0,0,0,0,0,0,0,0,1.730601,0
0,0,0,0,0,0,8.260095,0,4.366088,-1.851977,0,-7.260751,0,0,0,-10.163166,-7.977859,0,0,0
0,0,0,0,0,0,11.156982,0,0,0,0,0,0,0,0,0,-8.051143,0,0,0
0,-1.754785,0,1.113123,0,0,0,7.380353,4.591334,0,0,0,5.916851,0,0,0,0,0,0,9.044426
0,0,0,0,0,-11.48395,0,-10.134343,3.240536,0,0,0,0,0,6.667107,0,0,0,0,0
0,0,0,-3.218952,0,-7.855857,0,5.667476,0,0,0,-8.191533,0,0,4.101928,-9.641236,0,0,0,0
0,10.26152,0,0,-5.184106,0,0,0,0,0,0,0,0,-5.321003,6.320326,0,0,0,0,0
0,0,0,6.318552,0,1.44073,0,0,0,0,0,7.840637,0,0,0,0,0,0,-4.885473,0
0,-7.027523,0,0,-8.620944,-2.386121,5.015163,0,6.056353,-4.917083,0,0,0,0,8.029988,0.71471,4.685272,0,0,0
0,0,0,0,-3.864558,1.964924,-9.223256,-7.695217,0,0,0,0,0,0,-1.106542,0,0,0,0,0
0,0,0,0,0,-7.497226,-8.64773,0,0,0,0,0,0,0,0,0,7.190969,0,0,2.626332
10.813611,-4.081308,0,0,-6.530128,0,6.264002,0,6.420569,0,0,-3.519486,0,0,0,0,0,-5.557008,0,8.560977
0,0,0,0,0,1.526268,0,6.462853,4.185684,0,0,-5.154494,2.677358,0,0,-12.833589,-9.753882,0,0,0
0,0,0,0,-7.519191,0,0,0,0.47392,0,-7.808109,-7.563931,4.511221,0,0,5.324016,0,0,0,0
0,12.191879,0,0,0,0,0,0,0,0,0,0,0,-9.166894,0,-8.48414,0,0,5.881086,0
0,-5.885468,0,0,0,0,0,0,0,0,-6.188327,0,0,0,4.424148,0,0,0,0,0
0,-4.950481,7.131903,0,0,0,0,0,4.950034,0,-7.249704,-3.150179,0,0,0,0,0,0,0,2.600999
5.590758,9.535775,0,0,0,0,0,0,0,-3.332592,0,0,4.302739,0,0,0,0,0.423264,0,0
0,-3.038361,6.913655,5.189487,0,0,0,-6.855228,0,-7.863269,0,-1.421604,-4.390443,0,0,0,0,0,0,0
0,-5.287648,0,-8.751092,-6.134855,0,0,0,0,0,0,11.555618,0,0,-6.96171,0,0,-4.987003,0,8.689618
-4.123426,0,0,3.354458,0,0,0,0,0,0,0,0,-3.16897,4.746771,3.372401,0,0,-4.093171,0,0
0,0,0,0,0,0,-4.274894,0,0,0,0,0,0,0,4.349314,0,0,0,0,0
0,0,10.534999,0,0,0,0,0,0,0,0,1.458589,3.836086,6.037254,0,0,12.088236,0.689582,0,0
2.076182,0,0,0,-4.07238,0,0,-4.126725,0,0,0,0,0,-0.771588,0,0,-3.036198,0,0,0
6.285927,-9.43125,0,6.428405,-14.020345,0,-6.718829,-7.543997,0,0,0,0,0,3.510354,5.454931,0,0,0,0,0
0,0,0,2.854727,0,0,0,0,0,-1.829806,0,0,0,0,0,0,0,0,0,0
0,0,0,8.786027,0,0,0,0,6.595197,-0.484833,0,0.624773,0,0,0,0,0,0,0,0
0,0,0,0,-5.966802,0,0,10.973692,0,0,0,0,0,0,0,0,0,0,0,0
0,0,0,0,0,0,-6.101714,0,6.083507,0,0,4.593831,-2.185992,0,0,0,0,0,0,0
-0.719751,-3.470827,0,0,0,0,0,-7.231965,0,0,-9.799282,0,-3.970096,0,0,0,0,-1.473227,0,3.344447
0,0,0,-0.6941,-7.215673,0,2.709225,0,0,0,8.826749,0,4.882629,0,0,0,-5.496391,0,0.799115,0
2.015139,0,0,0,-2.796175,0,0,-12.003127,0,9.353681,0,0,-2.597143,-1.801194,0,0,-1.489911,0,0,0
0,0,0,0,0,0,0,0,0,0,0,0,2.033463,0,4.240333,0,0,0,0,0
5.685576,0,0,0,0,0,0,0,0,0,-11.370443,-0.68445,2.336861,0,0,0,0,0,0,0
0,0,0,0,0,0,10.146279,0,0,0,0,0,0,0,0,0,5.95929,0,0,0
0,0,0,0,0,0,0,0,1.714342,0,-12.079462,0,0,0,3.069241,0,0,0,0,0
0,0,0.58654,0,0,0,0,0,8.856868,-1.290957,10.479694,0,0,-6.529723,0,0,0,0,0,0
0,0,-2.520281,0,-7.340279,0,8.796927,0,0,0,0,0,-12.913517,0,-11.606472,6.809902,0,0,0,0
0,0,0,0,0,0,0,0,0,-1.015138,-9.978534,0,6.993559,0,0,0,0,0,0,0
0,0,0,-6.156982,0,0,0,0,0,0,0,7.653266,0,0,-10.755683,2.964968,0,0,0,10.242953
0,0,0,0,-4.938319,0,0,0,0,7.457798,8.408848,0,0,0,-6.93899,0,0,0,4.929459,0
0,0,0,0,0,0,0,0,0,0,-11.141872,4.481704,0,0,0,5.636693,0,-5.196166,0,0
0,0,0,0,0,0,0,0,0,0,0,0,-1.61708,0,0,0,0,0,0,3.035583
0,0,-8.289887,-8.70472,-3.353886,0,0,0,0,0,0,0,0,-0.313027,0,-7.733178,-4.915652,0,0,8.551023
0,0,1.649983,0,0,0,7.918631,0,0,0,0,0,0,0,0,0,0,0,0,8.874757
0,0,7.316821,0,0,0,0,-10.610288,0,0,0,0,0,0,6.142252,0,3.299574,0,0,4.915847
0,0,0,-10.971618,0,-2.903225,0,-9.426001,0,0,0,0,0,0,0,0,0,-0.637577,0,0
0,0,0,0,-5.267704,0,7.438037,0,-12.501946,7.300551,10.722025,0,0,0.260176,-11.634398,0,0,0,0,0
1.73761,0,0,0,-0.810006,0,0,0,5.092844,0,-7.912337,0,0,0,0,-6.425053,0,0,0,9.152364
-3.318257,0,6.569957,0,0,-11.825404,0,-5.968897,0,-7.996996,-9.302068,3.589913,0,0,0,2.647336,0,0,0,4.357811
0,0,-7.812226,0,0,0,0,-6.612394,0,0,0,0,0,-0.413452,0,-7.517531,-7.014939,1.111481,0,0
1.841429,0,0,3.89145,0,0,0,-7.78494,0,0,0,0,0,0,0,0,0,-5.177369,0,0
0,0,0,6.095876,0,0,11.508743,9.817154,4.569983,0,8.845905,0,0,0,0,-10.895161,0,4.621512,4.921009,5.805906
0,-3.62877,0,0,0,-11.488567,0,0,4.149041,0,0,3.672151,-3.373449,0,0,0,0,0,0,0
0,0,0,0,-10.461555,0,-3.692175,0,-0.974856,0,0,0,0,0,0,0,3.636553,-4.663818,0,0
0,0,0,-3.641708,0,0,0,-2.505544,-11.719979,0,10.735216,0,0,0,-10.825879,0,0,0,3.371958,0
0,-7.841187,6.317409,0,0,0,-5.168488,-12.016359,0,0,0,0,0,0,0,0,0,-2.523279,0,1.336456
0,13.203043,0,0,-5.870904,0,0,0,0,0,0,0,0,-7.651599,0,0,0,0,0,0
0,0,0,0,0,0,-8.160356,0,0,0,0,0,0,0,0,0,6.760021,0,9.174093,0
0,0,0,0,0,-8.656812,0,-10.305847,0,0,0,0,-2.400183,0,6.441887,0,2.499989,0,0,0
0,8.365293,0,0,0,0,0,10.063638,0,0,10.615888,0,0,0,0,-9.396766,0,0,0,0
12.273779,0,0,0,-1.813542,-1.620734,8.684428,0,0,0,0,0,-9.783966,0,0,2.487317,0,4.944026,0,0
0,0,0,-6.467138,-0.649772,0,-5.263432,0,0,0,-4.666683,0,0,1.777566,-1.53071,0,0,0,0,0
0,-5.907726,0,0,0,0,0,0,0,-3.366304,-9.238973,0,0.560936,1.202681,0,4.284824,0,0,0,0
0,0,0,0,0,0,0,0,0,0,0,-3.181534,0,0,0,1.709932,0,0,0,5.552268
11.806337,0,0,0,0,0.376191,10.282946,0,8.572178,4.032825,0,0,0,0,0,0,0,-5.736341,-7.361373,12.741655
0,0,0,0,0,0,0,0,0,8.093318,10.17898,0,0,-1.740814,0,0,4.815148,0,0,0
0,0,0,0.325882,0,-12.567712,0,0,0,-0.844368,-12.877093,0,0,0,4.686443,0,1.417687,-4.235721,0,4.871169
0,0,0,0,0,1.210319,0,0,0,0,0,0,0,0,0,-6.948889,0,3.62623,0,0
0,0,0,0,0,0,0,0,0,8.559106,0,7.411738,0,0,0,-6.443202,-7.81924,0,0,0
0,0,0,0,0,0,9.558164,0,0,0,8.678648,0,0,0,0,0,0,0,6.451333,0
3.998834,0,0,0,0,0,0,0,0,0,0,0,0,0,0,0,0,-11.253235,-3.750124,4.604139
0,0.57208,0,0,0,-1.435741,0,1.830717,0,0,8.758379,5.642004,0,0,-4.322556,0,0,0,0,0
0,0,0,0,0,-3.868563,0,0,-10.018555,0,0,0,0,0,0,0,8.672561,0,0,0
0,0.052033,0,0,0,0,8.11063,0,-10.635299,0,0,0,-6.798368,0,0,0,0,0,5.869499,0
0,0,-10.448724,-10.156727,0,0,0,0,1.921921,0,0,5.026925,0,0,0,-9.438419,0,2.990793,0,0
0,0,-10.013299,0,0,0,0,-9.669316,0,0,0,0,0,0,0,0,0,0,2.698044,0
0,1.747252,0,3.936381,0,0,10.080558,0,0,0,10.054775,0,-2.672152,0,0,0,0,0,0,8.786724
0,1.082924,0,0,0,0,9.206204,0,0,0,7.899436,0,0,0,0,0,0,0,0,0
8.605338,0,1.228958,0,0,0,4.490771,0,0,0,0,4.851787,0,0,4.768138,0,0,0,-7.889772,0
0,0,0,0,-5.692922,0,8.557933,0,0,0,0,0,0,0,4.590754,0,8.132621,0,0,7.451543
0,0,0,0,-3.284019,-0.213368,5.415602,0,0,0,0,0,0,-3.929662,3.271804,1.711639,0,0,-5.654272,0
0,0,-7.208289,0,0,0,0,0,0,8.076175,0,0,0,0,0,4.530305,0,0,0,0
0,0,-6.458177,0,0,1.512961,-8.648155,0,5.576367,11.269843,0,0,0,-1.757096,0,0,-5.65825,0,0,0
1.837495,0,0,0,0,0,0,0,6.462325,0,0,0,0,0,0,0,0,0,0,0
0,-5.290134,0,0,0,0,-2.798091,-6.748054,0,0,0,0,0,0,0,0,0,0,0,0
0,0,2.107234,0,0,0,3.053454,0,0,0,0,0,0,-4.883963,0,0,6.560787,0,0,6.256058
1.481912,0,-6.142211,-7.028911,0,1.067314,-7.942803,0,2.115324,0,0,0,-5.595789,0,-0.540955,0,0,0,-5.093418,0
0,0,0,4.029431,0,0,3.674216,0,0,0,0,0,0,0,0,4.6557,0,0,0,9.225713
-6.072856,0,0,0,0,-15.168194,0,-7.226329,0,-5.333872,-9.546973,0,-3.08958,1.872036,2.300194,0.686213,5.16717,0,4.922921,3.846404
0,3.596502,0,0,-4.933104,-4.426938,11.845158,0,0,0,12.703895,0,0,0,0,0,0,3.225362,0,0
0,0,0,0,0,0,0,0,8.370415,0,0,0,0,4.166366,0,0,0,0,3.934602,0
0,-3.662912,0,0,0,0,0,6.737182,1.291416,0,0,9.258446,0,0,0,0,0,-7.05784,0,0
0,0,-0.501047,0,0,0,0,0,5.313769,-1.273809,9.971098,0,0,0,7.84445,-4.741061,0,3.190707,0,0
5.869623,0,0,0,0,-1.72481,4.266544,0,0,-4.051775,0,3.735935,3.383626,-4.992003,0,0,0,0,0,5.715475
0,0,-8.640407,-11.638404,0,-0.89345,0,0,0,9.189836,-6.720202,0,0,0,-5.671047,-6.976081,0,2.017091,0,0
0,0,3.69337,1.589449,0,0,0,0,0,0,0,0,-6.535798,-0.58538,2.017935,0,6.249545,0,0,0
0,0,1.84305,0.901878,0,0,0,0,5.040541,0,-12.146418,0,0,0,0,0,0,0,0,7.304133
0,0,1.135665,0,-7.518629,0,0,0,0,-1.732547,-11.073691,0,0,-4.360779,0,3.473154,0,0,0,9.102556
9.643208,0,3.620439,0,0,0,0,0,0,1.766788,0,0,3.974343,0,9.032095,0,0,0,0,12.527459
0,-8.559527,-3.462398,0,0,0,0,0,7.130157,0,0,0,-6.440907,0,2.246657,0,-6.681762,0,0,0
0,0,0,4.188905,-1.903639,0,0,0,2.01877,0,0,0,4.009084,-4.683771,0,0,7.841366,0,0,0
8.914662,0.167014,0.947328,4.478941,0,0,0,0,0,0,0,1.673284,0,0,0,-0.794652,0,-11.705754,0,8.200831
0,0,0,0,0,2.035171,0,0,0,7.171227,0,10.37115,0,0,0,-6.671256,0,3.925607,0,8.912536
0,0,0,0,0,0,0,0,0,0,0,0,0,0,0,5.777587,6.125204,0,0,0
0,0,-3.267859,0,-5.647828,-0.540962,4.222965,9.523725,0,0,7.374644,0,5.634526,0,4.473652,0,0,0,0,0
0,0,0,0,0,1.195307,0,-8.628977,0,0,0,0,0,0,0,-5.314876,0,0,0,0
0,0,3.849809,0,0,0,0,0,0,0,0,-2.167796,0,0,0,0,0,7.948761,0,0
0,6.043334,0,5.867384,0,-0.453945,5.364298,0,0,0,0,0,0,0,0,0,0,0,7.126204,0
0,0,0,0,-2.755155,0,0,0,0,0,0,0,0,0.295237,4.823302,5.50482,0,0,0,0
0,-4.784435,6.614886,0,0,0,0,0,0,0,0,0,0,0,-0.570174,0,0,0,0,0
0,0,0,0,0,0,0,0,0,0,0,0,0,0,0,0,0,4.655789,0,0
0,0,0,0,-3.100943,0,0,-10.243778,0,0,-10.970996,0,0,-1.612731,0,0,0,1.891071,0,0
0,7.304155,-2.514582,0,0,-2.702611,0,9.216965,0,-7.588626,0,0,0,0,0,0,0,0,0,0
0,0,0,-13.053733,0,0,0,-10.877654,4.232054,0,0,0,0,0,-5.244029,0,0,0,0,0
0,0,0,0,0,0,0,5.092449,0,10.302934,0,0,0,0,-7.15675,0,9.101678,7.289496,0,8.984898
0,0,5.948767,3.818513,0,0,4.317062,10.392569,0,0,0,0,0,0,0,0,0,-6.407192,0,11.266006
5.894511,0,2.762687,3.857301,0,0,0,0,0,-6.866759,0,0,0,0,5.95879,0,0,-6.571899,0,0
0,0,1.265515,0,0,-1.784901,0,0,4.316771,0,0,0,0,-10.320077,0,0,9.909492,0,0,0
0,-5.89978,0,0,0,0,0,-5.185394,0,0,0,10.770616,-1.684067,0,0,0,0,0,0,7.794713
0,8.835398,0,6.518118,0,2.66097,0,0,0,0,0,-5.608039,0,0,0,-6.804756,0,3.199377,0,8.01639
0,9.00604,0,0,-6.609496,0,0,0,0,0,0,0,0,-8.77227,0,-10.961392,0,0,0,7.261439
7.746561,0,0,0,0,-1.297341,0,0,0,-2.893158,0,0,0,-5.723929,0,0,0,0,0,0
0,0,0,0,-5.485287,0,0,9.558785,0,0,0,0,0,0,2.343735,-6.620576,0,0,0,0
0,0,0,-8.543631,0,0,-7.530143,0,4.149527,11.517477,-8.946668,0,0,0,0.809087,0,0,0,0,0
0,7.497585,0,0,0,0,0,11.208949,0,4.615553,9.54341,0,0,-7.504163,0,0,-11.163152,0,6.194586,9.379895
0,-9.266989,0,0,0,0,0,0,0,0,0,0,-1.519514,0,0,0,0,0,0,5.025288
0,0,0,0,0,0,7.768336,2.360081,0,0,11.822093,0,-10.966087,-1.535848,-12.271556,8.449197,0,0,0,0
0,-7.551191,0,0,0,-11.895331,0,0,0,0,-10.940001,0,0,0,0,0,0,0,0,0
0,0,-3.282316,-4.101013,0,0,0,4.094228,0,0,13.071478,0,0,0.534093,0,8.087851,6.036971,3.801945,4.6359,0
9.099183,-0.564578,0,0,0,0,7.35536,0,4.396903,0,-10.268916,0,0,-5.4706,0,0.532198,0,0,0,0
0,0,0,0,0,0,0,0,0,0,0,0,0,0,5.538593,0,0,0,-7.090634,6.015187
0,-0.842692,0,0,0,0,8.618692,0,0,8.495443,0,0,0,0,0,0,0,4.858995,0,0
3.680677,1.898745,0,-1.686492,0,-1.897719,0,1.740809,0,0,0,0,0,0,0,7.18419,0,0,0,0
0,0,0,0,0,0,0,8.790238,0,0,0,0,4.973744,0,0,0,8.763692,-7.603036,0,0
0,2.992988,0,0,-2.31528,2.665412,0,0,0,0,0,0,0,-0.518012,-7.622162,0,0,0,6.460418,0
0,0,-7.815649,0,0,-0.33714,0,-10.424001,0,11.163533,0,0,-5.962095,0,0,-6.318573,0,4.536516,3.600071,6.487978
0,0,0,0,0,0,0,10.177049,0,0,0,0,0,0,0,-7.862622,0,0,5.24184,0
0,0,-2.133579,0,-7.768704,0,0,2.382109,0,0,0,0,0,-0.378682,0,0,0,6.947821,0,0
0,-0.788292,0,0,0,0,0,12.790337,5.115349,-0.378055,0,0,0,-4.23692,0,0,0,0,0,0
0,0,0,0,0,0,0,5.019244,0,0,0,3.749907,0,0,0,4.294255,0,0,0,0
4.780177,0,0.653339,0,0,3.59939,0,9.809735,0,0,0,0,0,-10.161676,0,-4.662558,-9.453166,3.058881,0,0
0,0,0,0,-4.835243,0.512193,0,0,2.799096,0,-9.413527,0,0,0,8.233264,0,0,0,-8.697409,0
0,-3.499532,0,5.558147,0,-0.62512,6.344493,0,0,0,0,0,0,0,0,0,0,0,0,0
0,8.43257,-3.125675,0,-2.110621,0,0,0,0,0,0,0,0,-4.370073,5.228133,0,0,0,0,0
0,0,0,0,0,0,0,0,5.909125,0,0,0,0,-4.61078,0,1.758654,0,0,0,0
0,-0.417332,3.796917,0,0,-3.685938,0,0,0,1.877652,0,2.219049,0,0,0,0,0,-7.739373,-6.688483,0
0,0,0,0,-4.570685,0,6.098511,11.264306,0,0,0,0,0,-6.649572,0,0,0,3.205864,0,0
0,0,0,0,0,0,0,0,0,0,0,0,0,0,0,0,0,-2.949147,5.156028,0
0,0,0,0,0,0,0,0,0,0,0,9.528311,0,0,0,0,0,-0.939623,0,4.351615
0,-4.596274,0,0,-4.540147,0,-6.079822,0,0,-1.838931,-13.353139,0,0,0,0,2.397257,5.214923,0,0,4.26739
0,0,1.426925,0,0,0,7.57296,9.542927,0,0,0,0,1.629164,0,9.372044,0,9.219989,0,0,0
0,0,0,7.105014,0,0,0,4.998343,0,0,0,0,4.322804,-8.476689,0,0,-11.052414,0,0,0
0,0,-0.095691,0,0,-3.508356,0,0,0,0,0,0,0,0,0,9.606156,0,0,0,6.16165
2.154838,0,7.455607,0,0,0,-1.393785,0,0,0,0,0,0,0,5.316728,0,0,0,0,0
0,0,0,6.308683,0,-5.94841,0,-8.059617,0,0,0,0,-1.550311,2.402485,0,4.001641,0,0,0,0
0,0,0,-7.866474,-1.724158,0,0,-7.387234,0,6.738994,0,10.809622,0,0,0,-5.887676,0,0,0,0
0,0,0,0,0,0,0,0,0,0,0,5.959494,-6.241198,0,0,2.318538,6.83797,0,0,0
0,0,0,0,0,0,0,0,0,0.555962,0,0,0,0,0,0,0,0,0,6.695887
0,0,0,0,-8.229038,0,0,7.494665,0,0,0,3.916644,0,-0.984045,8.285912,2.917099,0,-6.94269,0,0
0,0,0,0,-13.019968,0,0,-6.707744,0,-6.948277,0,0,0,1.608944,0,0,0,0,0,0
0,0,0,0,0,0,-1.469515,0,0,0,-4.237435,0,0.208544,0,6.127136,3.379238,0,0,4.200481,0
3.303323,0,0,0,0,0,0,0,0,0,0,0,-3.795237,0,-0.369249,0,0,0,0,0
0,0,0,0,0,-1.622404,0,0,-10.920205,0,0,0,0,0,-9.790308,0,0,0,0,0
0,-1.899341,0,0,0,0,7.370621,0,8.201798,0,0,8.531545,5.287432,0,7.067538,2.731407,0,0,0,12.031029
0.834969,0,0,0,-4.87442,0,-8.589367,0,0,0,0,0,-4.403644,0,0,-9.146567,-2.022959,0,0.563212,0
0,0,5.218288,0,0,-8.815871,0,0,0,0,0,0,0.449432,0,0,0,0,-2.59546,0,0
12.488992,0,0,0,0,0,0,0,8.540751,0,0,0,0,0,0,0,0,0,0,0
0,0,-0.330512,0,-4.218672,0,0,0,0,-2.265042,-10.584622,1.575362,1.755203,0,0,0,0,0,0,0
0,0,0,0,0,1.131801,0,0,0,0,-7.938981,0,-6.166025,0,0,0,0,0,-1.242071,0
0,-4.122137,0,0,-11.16668,-1.190107,0,0,0,0,0,0,0,0,0,0,0,0,0,0
0,9.789764,2.491156,0,0,0,0,0,0,0,0,0,0,-7.1959,0,-3.760428,-6.528593,0,0,0
0,0,0,0,-6.331201,0,0,0,0,0.818251,0,0,0,0,0,0,0,-5.136713,0,0
0,0,1.503601,0,0,0,0,0,0,0,0,0,-1.699422,-7.342945,0,0,-10.506096,0,0,0
0,0,0,0,-7.490589,-0.304569,0,0,0,-0.375863,-9.607596,0,0,0,0,0,0,-8.827422,0,0
0,0,0,0,-7.446174,0,0,0,0,0,8.394056,0,-8.76484,0,0,0,0,0,0,3.057073
0,0,0,-11.998336,-3.843301,0,0,0,5.045283,7.492172,0,0,0,0,0,-4.194639,-5.591348,0,0,0
8.849116,-1.252656,1.515939,0,0,0,0,7.884011,0,0,0,3.239339,0,-1.585317,0,0,0,-6.547962,-4.709315,0
0,-3.550761,0,0,0,0,0,9.655276,0,0,0,0,0,0,0,0,0,-10.064688,0,0
0,0,3.031055,0,-5.677985,0,0,0,0,0,11.380247,0,0,0,0,0,0,3.249722,3.308464,0
0,0,0,5.001822,0,0,0,0,4.181043,-1.228342,0,3.557306,1.531543,1.307943,0,0,0,0,0,0
0,0,-3.576234,0,0,0,0,0,0,0,0,0,-8.463002,0,0,0,0,2.375845,0,6.111034
0,0,0,0,-4.208727,0,0,0,0,0,0,0,0,0,0,9.564777,0,0,1.763566,0
0,0,6.717884,0,0,0,0,0,0,0,0,0,0,-0.921472,0,0,0,0,0,0
0,0,0,0,-5.775281,0,6.874594,7.648108,0,0,0,0,2.21421,-4.399116,0,0,0,0,0,0
0,0,7.428862,0,0,0,0,0,0,0,-4.328491,0,-1.447443,0,6.565187,1.499965,0,0,0,0
0,0,-6.155423,-6.979373,-1.933331,0,0,0,4.964431,0,0,7.611785,0,-0.63006,0,0,-3.550558,1.93235,0,11.013427
0,0,0,-5.861485,0,0,0,0,0,0,0,0,0,0,-2.847867,0,0,0,0,0
-1.405488,0,0,0,0,0,-0.847275,0,0,-3.878559,-7.780627,0.155602,0,0,0,0,4.403217,0,0,0
7.847124,0,0,0,-7.522289,0,7.228702,0,2.9105,0,0,0,0,-10.679041,0,0,0,2.775105,0,0
0,0,-0.559398,7.077363,-7.000462,0,0,6.423584,5.702629,-2.217482,0,0,4.537747,0,5.879136,0,0,0,-8.762592,0
0,0,1.551964,0,0,0,0,0,0,0,0,0.287756,0,0,0,0,-8.127602,0,0,0
0,0,0,0,0,0,0,11.927862,0,0.011242,-8.304241,0,0,0,0,7.562213,10.352427,-3.619576,-6.542565,12.192553
-0.711771,0,-0.54348,0,0,0,0,0,0,0,9.13269,0,0,0,0,0,0,0,0,0
0,0,-2.717582,0,0,0,8.167471,0,0,0,8.73345,0,0,0,0,0,0,0,0,0
7.713654,-0.654662,0,0,0,-2.242085,0,0,0,6.589924,0,6.190368,-7.723843,0,-7.569778,5.306354,0,0,2.4236,5.891788
2.383113,0,6.838124,0,0,0,-3.155248,0,0,0,0,0,0.754193,3.904841,6.706254,0,0,0,0,0
0,0,-0.52277,0,0,0,0,10.627811,0,-6.010943,10.439823,0,0,0,0,0,0,7.741177,0,0
0,0,0,0,0,0,0,-1.183297,0,10.555567,11.000305,0,0,0,-13.700452,0,0,0,0,4.363869
0,0,-1.530788,0,0,-1.370136,0,0,4.339261,0,0,0,3.903902,-6.62214,0,0,0,0,0,0
0,1.465964,4.911559,0,-7.529234,0.717889,0,11.475763,0,0,0,0,0,0,0,0,0,0,0,0
1.789999,0,0,-2.09439,0,0,9.227569,0,0,0,0,0,0,0,0,0,6.018473,0,0,0
0,0,0,0,0,3.231513,0,0,-10.042916,0,10.11251,0,-10.435833,0,-9.996317,3.091516,9.43604,0,0,0
10.506914,8.271788,1.523531,0,0,0,0,0,0,0,0,0,0,0,0,0,-5.171348,0,8.657763,0
0,6.754445,0,0,0,0,0,0,0,-5.735886,0,0,0,0,0,-7.820537,0,0,0,7.220649
0,0,0,0,0,0,0,0,0,0,0,0,0,0,0,0,8.640305,0,-9.041954,0
0,0,-0.206858,0,0,4.160483,0,0,0,0,0,0,6.622312,0,4.961967,-4.877949,0,0,0,0
2.047475,0,0,-12.02371,-3.091568,-0.392925,0,0,0,0,0,0,0,0,0,-5.907437,-6.501619,-1.043681,0,6.404073
0,0,1.887615,0,0,0.138324,0,0,0,0,0,2.997844,0,0,0,0,0,0,0,0
0,0,0,0,0,0,0,0,0,0,0,0,0,0,0,0,0,0,0,0
0,0,0,0,0,0,0,0,0,0,10.129189,0,6.616577,0,11.395787,-7.589827,0,4.72134,0,7.408521
0,0,0,0,0,-8.17153,0,-10.050857,8.02472,-1.541841,0,0,0,1.413205,6.528048,0,0,-3.793809,10.582606,0
0,0,0,0,0,0,0,0,0,0,0,7.985724,0,0,-6.159928,0,7.195831,0,0,0
0,-3.421099,0,0,0,0,0,0,2.936973,0,0,0,3.083059,-2.04272,9.501132,0,0,-3.938547,-3.946042,0
0,0,0,2.319961,-1.420054,0,0,0,0,0,10.718483,0,0,0,0,0,0,-0.477643,3.820319,0
0,0,-10.032185,-6.785012,0,0,0,0,0,0,0,0,0,0,0,0,-2.354618,0,0,7.777475
0,0,0,0,0,0,0,0,6.989621,0,0,0,0,0,0,2.976218,0,0,0,0
5.057945,2.519801,0,0,0,0,0,1.956106,0,0,0,6.142292,-4.482868,0,-8.196364,0,0,0,0,0
0,0,0,4.339032,-6.296499,0.175205,3.480356,0,0,0,0,-10.886917,0,-6.030675,0,0,0,0,0,0
0,0,0,0,0,0,0,4.404065,0,0,-10.254984,0,0,0,4.546074,0,5.24407,0,0,0
0,0,0,0,0,0,0,-6.118102,0,0,0,0,0,0,0,0,-5.559589,0,0,0
10.91141,0,0,0,0,-1.432859,0,0,0,0,0,0,-7.546123,1.521308,0,0,9.042607,4.252758,1.37178,0
9.367619,0.277591,0,0,0,0,0,0,-6.052032,0,0,0,0,0,0,0,0,0,0,0
0,0,0,0,0,0,7.141238,0,0,0,0,0,0,0,0,-5.587308,0,0,0,0
0,0,0.766086,0,0,0,0,11.243874,0,0,0,0,0,0,0,0,-7.095369,9.319117,0,5.181722
2.368186,0,-5.630328,-0.879212,-5.386382,-4.994375,0,-1.745382,0,8.611092,7.883752,0,0,0,0,0,0,0,0,0
0,0,0,0,0,0,8.331105,0,-10.914807,0,0,7.524018,-8.926447,-3.596225,0,0,0,0,0,7.691987
0,0,0,0,0,0,0,0,0,0,0,0,0,0,-0.770489,0,0,0,0,0
0,0,-1.870867,0,0,0,4.39048,0,0,0,0,0,3.036024,0,0,0,-6.93735,0,0,0
1.328391,0,-4.478581,-7.945871,-5.539918,0,0,0,5.178642,9.092662,-10.026241,6.741709,0,-1.350656,0,0,0,0,0,0
8.658214,0,0,0,0,0,0,0.558825,0,0,0,5.674554,0,0,0,0,0,0,0,0
6.666313,9.106489,1.942554,0,0,0,8.792182,0,0,0,0,0,2.515074,0,0,0,0,0,0,5.934892
0,0,0,-7.564414,0,0,0,0,0,0,0,0,0,-3.487948,0,0,0,0,0,0
0,0,0,2.607767,-6.262051,-1.724041,0,0,0,0,0,-10.745499,0,0,0,0,0,0,4.294225,0
0,0,0,0,0,1.960957,-2.931979,-4.97102,4.524531,8.929172,0,0,-5.553443,0,0,0,0,4.991185,-1.00468,7.429237
0,0,0,5.724716,0,0.509447,0,0,1.892196,0,0,0,0,0,0,0,0,-5.005881,0,0
0,0,0,0,0,0,0,0,0,0,0,0,0,0,0,0,3.554512,0,0,0
0,0,6.112398,0,0,0,0,-7.671496,5.338301,-5.098837,0,0,0,0.624374,0,0,0,0,0,0
0,0,2.189539,0,0,0,0,11.653327,7.776199,0,0,0,0,0,5.685738,0,0,0,0,0
6.093262,0,0,0,-4.491276,0,3.931333,9.231098,0,0,0,0,0,0,0,-9.053493,0,0,0,7.557539
0,-7.571057,0,0,-4.957279,0,0,-7.30887,0,0,0,0,0,4.849359,0,0,8.248818,-3.463798,0,2.20453
0,0,0,0,0,0,0,0,6.211165,0,0,-8.4473,4.728418,0,0,0,0,0,3.04751,7.936993
0,-6.07594,0,-9.026944,0,0,-5.356219,-6.879977,0,0,0,10.350497,0,0.929348,0,-5.73454,0,3.940752,0,6.862196
0,0,-0.155121,0,0,0,0,0,-8.892969,0,0,0,0,0,0,0,0,0,0,0
0,0,0,0,0,0,0,0,0,0,-10.519742,0,0,0,0,-5.5262,0,0,0,6.085813
0,0,0,0,0,0,0,0,6.70358,0,0,0,0,0,-0.641382,0,0,-7.659218,0,11.063414
0,0,-4.889508,0,-4.965266,0,0,0,0,0,8.879922,7.136513,-4.566433,0,0,0,6.765478,0,0,0
0,0,0,0,0,0,0,0,0,0,0,0,5.579307,0,0,-9.656198,0,0,0,0
0,0,0,0,-2.354777,0,0,0,3.987933,0,0,0,-6.166945,0.048731,0,0,0,0,0,0
0,0,0,0,-3.155005,4.364004,6.993442,0,0,0,0,0,0,0,0,0,6.844829,0,0.075502,0
-6.136534,0,0,6.965727,0,0,0,0,0,0,0,0,-0.605667,2.294097,0,0,4.23416,-4.435231,5.055666,0
0,0,0,0,0,-0.033496,6.375352,0,0,-1.950349,-10.714375,0,0,0,0,0,0,0,-6.624349,8.078868
0,0,0,-4.27797,0,0,0,0,0,0,0,0,-7.891112,0,0,0,0,0,0,8.647761
0.682338,0,0,-8.910801,0,0,-4.163716,0,2.288379,0,0,5.003591,-5.403948,0,-1.779104,-8.246043,0,0,0,0
-6.949054,0,0,0,0,0,0,-10.394686,0,-3.137742,0,0,0,0,5.004888,0,0,-8.495577,5.988532,0
0,0,0,-10.429744,-2.18193,0,-6.349836,0,0,0,0,0,-6.143987,0,0,0,0,0,0,0
0,0,0,0,0,-1.51564,0,0,0,0,0,0,0,0,4.803418,0,0,0,0,0
0,0,0,0,-2.456396,0,10.252733,0,-15.135639,0,12.606052,6.471158,0,0,0,0,0,0,0,0
3.702834,0,0,0,0,0.052014,0,0,4.239784,0,0,0,8.191649,0,0,0,-6.663709,0.591514,0,0
0,0,7.468426,3.460639,0,0,0,0,0,0,0,0,0,0,5.815265,0,0,0,0,0
0,0,-8.850263,-2.377032,0,-0.34489,0,0,0,0,0,0,0,0,0,0,0,0,0,0
0,0,0,5.90531,0,0,6.727323,0,7.861378,0,0,0,0,0,0,0,-5.234162,0,0,0
0,0,0,0,0,0,0,0,9.689095,0,-8.444805,0,0,0,0,0,0,0,0,0
0,0,0,0,0,0,0,0,5.683582,0,0,0,5.954663,0,0,0,0,0,0,8.912426
7.459141,0,-4.133612,0,0,0,7.501356,-1.22422,0,0,10.753748,5.759115,0,0,-7.543486,0,3.343708,3.726943,1.119065,0
-3.770928,0,4.492618,0,0,0,0,-6.068574,0,-3.246427,0,0,0,0,0,4.121613,0,0,0,0
0,0,0,0,0,0,2.548124,0,0,0,0,0,0,0,-0.700266,0,8.326358,0,0,0
0,10.575649,-0.280854,9.925471,0,0,0,10.286018,4.646745,0,0,0,0,0,0,0,0,3.272442,0,0
0,0,-10.083439,0,0,0,0,0,0,0,0,0,-5.854745,-4.412043,0,0,0,1.698792,0,5.913116
-2.944892,0,6.885534,0,0,0,0,-6.952539,3.723078,-2.055796,0,0,0,2.191065,0,0,0,0,0,1.893903
1.424616,0,0,0,0,0,0,8.7189,0,0,0,0,0,0,0,0,0,0,-1.419176,0
0,0,4.836669,0,-4.305491,2.697533,0,9.682867,0,0,0,-5.362216,0,0,0,0,0,0,0,0
2.468853,0,0,0,-4.759348,0,0,0,0,0,0,0,-3.711611,0,0,0,0,0,0,0
0,-4.897879,0,4.461241,0,0,0,0,0,0,0,0,0,0,7.218897,0,0,0,-5.253811,0
8.074862,0,0,0,0,0,0,0,0,-1.377092,0,0,0,0,0,0,0,0,7.252964,8.568376
0,0,1.096152,0,0,0,0,0,0,0,0,0,0,0,11.634615,0,0,0,2.952659,0
0,-0.619886,0,0,0,2.729209,0,0,0,0,0,11.866044,-11.193612,-2.190961,0,12.486522,0,6.307635,0,0
5.85375,0,0,0,-3.379032,0,0,0,2.876887,0,0,0,6.020986,0,0,0,-8.170851,8.356632,1.653883,0
11.965373,-5.165671,3.163798,6.237957,0,0,5.034262,8.345714,0,-2.354404,-11.632159,0,0,-2.825652,0,0,0,-10.835844,0,0
0,0,-3.391154,0,0,0,0,0,0,6.785091,0,0,0,0,-8.17697,0,0,0,-0.61983,0
0,0,0,0,-4.788011,0,0,0,5.907997,-3.508881,0,0,0,0,0,0,0,0,0,0
0,0,0,0,0,0,-6.227167,0,0,0,-12.703375,0,0,0,0,0.572188,0,0,0,0
0,0,0,0,0,0,0,0,0,-4.859404,0,2.777299,-0.518353,3.343544,0,4.984056,0,0,6.409662,0
0,-8.83639,-4.526044,0,0,0,-4.1432,0,0,0,0,0,0,0,-5.301126,-6.716472,0,0,0,0
0,0,-1.602957,-0.556322,0,3.648353,0,0,0,0,8.351854,0,0,0,0,-9.595629,-7.793136,0,0,3.773367
11.122081,0.706934,0,0,0,0,0,0,0,0,0,0,0,0,0,0,0,4.912465,0,13.70049
0,10.302179,0,0,0,3.324787,0,0,0,0,0,0,0,0,7.98973,-6.554596,0,0,0,5.975022
0,0,0,0,1.849366,0,0,6.378827,0,0,-7.928451,7.203303,0,0,5.627573,0,0,0,0,8.611604
0,0,0,3.860002,-2.582993,-1.826817,5.22307,0,0,0,0,-1.91357,5.876638,0,0,0,0,0,0,7.42219
0,-1.397677,-2.293911,0,0,0,7.754955,0,0,0,0,0,0,0,0,0,0,5.822092,2.133464,0
0,0,0,0,0,-4.228457,0,0,0,0,-8.539893,-0.348755,4.525016,0,0,0,5.643801,0,0,7.029884
0,-6.778348,0,-9.461605,0,-1.93545,0,0,6.090229,5.950436,0,0,0,0,0,0,0,0,0,0
7.530398,0,0,0,0,0,0,0,0,0,7.090977,0,0,-3.505634,0,0,0,0,3.503597,0
0.227924,0,0,0,0,0,-5.282727,-7.28859,0,9.658138,0,0,0,0,-5.078766,0,-6.017301,0,1.74721,0
3.705368,0,0,-2.352666,0,0,0,0,0,0,0,6.211199,0,0,-14.222607,0,0,0,0,0
0,0,1.397227,0,-3.706009,0,0,0,0,0,0,-6.824673,0,0,0,0,0,0,0,6.36139
0,0,-6.769819,0,-4.126936,0,0,0,4.442726,0,0,10.216956,-5.048345,0,-6.290423,0,0,0.622743,2.82154,0
0,0,0,0,0,5.694988,0,0,0,0,0,0,3.460217,0,0,0,7.91592,0,0,0
0,0,0,0,0,-1.085491,8.100165,9.937569,0,0,0,0,0,-1.210348,8.74028,0,0,-7.595492,0,8.730839
0,0,2.482914,0,0,-2.655911,4.3187,0,0,0,0,0,4.021382,-6.428805,2.700464,0,0,0,-9.590746,0
0,0,0,5.924632,0,-0.383586,0,11.044422,0,0,0,0,4.504478,0,3.396113,0,0,0,0,0
-0.866149,-7.460118,0,4.354446,0,0,-5.362623,0,0,0,0,-1.145063,0,0,0,0.522466,0.590781,0,3.64041,-0.335356
0,0,-8.587786,0,0,0,0,0,0,9.975664,-12.885429,0,0,0,0,0,0,0,0,0
0,0,4.082256,0,0,0,0,8.029624,0,0,0,0,0,-8.518088,0,-8.741372,-5.724888,0,1.728358,0
0,0,-2.018969,-1.264212,0,0,0,-0.718799,0,0,0,0,0,-0.156732,0,0,0,0,2.501613,0
0,0,0,0,0,0,0,0,0,0,0,0,3.777432,0,0,0,0,0,0,0
0,0,0,5.745548,0,0,0,0,0,0,0,0,0,0,0,0,0,0,0,11.800728
0,0,0,0,0,0,0,0,0,1.527959,7.868106,-5.297527,0,0,7.984282,0,0,0,0,3.721591
2.112204,0,-6.919139,0,0,0,0,0,0,0,-7.22404,0,0,0,0,0,0,1.911618,-1.602493,8.277669
0,-8.061279,-5.092678,0,0,2.286812,0,0,0,8.376672,0,0,0,0,0,0,0,0,0,7.755932
0,0,0.556259,0,0,0,0,8.834238,0,0,0,0,0,0,0,3.423646,5.615063,0,0,9.269426
0.08856,0,-10.66193,0,-5.545575,0,0,0,0,8.800755,0,0,-4.863092,0,0,0,0,0.641274,1.821511,0
0,0,0,0,0,0,0,0,0,-2.180389,0,0,0,0,0,0,0,-7.508412,-11.292133,10.887716
0,-0.24142,-1.280017,0,0,0,0,0,-5.395028,0,13.734353,0,0,0,0,0,0,0,7.555368,7.258404
0,0,0,0,0,0,10.122935,0,0,0,0,0,0,0,0,-9.360035,0,0,0,0
0,-0.655631,0,0,0,-3.601144,2.813411,0,0,0,0,0,4.398147,2.273594,0,0,8.624918,0,0,0
0,0,0,0,0,-10.107068,0,0,6.859768,0,-10.185935,1.533828,-1.053065,0,0,2.950171,0,-2.221632,5.832697,0
-1.800432,0,0,0,0,0,-5.446477,0,1.375181,6.912397,0,0,0,-4.319823,0,0,0,3.681673,0,0
0,0.364118,-2.04979,0,0,0,0,0,0,0,0,0,0,0,0,0,0,0,0,5.251204
0,-0.910342,0,0,0,0,5.626233,0,0,0,0,0,0,0,0,0,0,0,0,11.857061
0,0,0,2.665459,-7.083247,-2.55345,5.402549,0,0,0,-8.186914,3.976152,0,-11.227751,0,0,0,-9.274077,0,0
0,0,0,-7.245255,0,0,0,0,7.905948,0,-7.813262,8.911316,-2.604444,0,0,-3.939782,0,0,0,0
0,0,0,0,0,0,0,-4.922834,0,0,0,0,0,2.082004,0,0,9.637074,0,0,0
6.680465,-3.561239,4.131766,0,0,-2.368546,0,7.008355,3.465039,-6.558254,0,0,1.577631,0,5.787592,0,0,0,-12.797973,0
4.51543,0,0,0,0,-1.192685,3.883991,0,0,0,0,-3.739115,0,0,7.830691,0,-7.89338,1.605466,7.61457,0
3.735485,0,-4.275625,0,-9.75984,0,10.044826,-0.656933,-9.990532,0,0,4.363261,-7.978939,0,0,0,0,8.666814,0,0
-0.339854,0,0,0,-2.574073,0,0,0,0,0,0,12.433899,-5.735364,0,0,-9.398529,0,0.303606,6.244944,0
0,0,0,0,0,0,-7.776195,0,0,0,0,0,-5.280014,0,-0.308905,0,0,-0.574224,0,0
0,-0.82628,0,0,0,0,0,0,4.841094,-2.477278,0,9.888306,5.031841,0,0,0,0,0,0,0
0,0,-10.271981,-5.511451,0,4.900989,0,0,0,7.882363,0,0,0,0,0,0,0,0,0,6.526502
0,0,0,5.688521,0,0,6.796909,0,6.941048,-2.30396,0,0,0,0,0,0,0,0,0,0
3.145178,0,5.593789,0,0,0,0,0,0,0,0,0,-0.481728,0,0,0,0,0,0,0
0,0,0,0,-9.801357,0,0,0,6.169723,0,0,0,0,0,6.498573,0,0,0,0,0
0,0,4.912957,0,0,0,0,0,0,-1.443225,0,0,0,0,0,0,0,0,0,0
0,0,0,0,-8.083038,0,0,0,0,0,0,0,-7.873076,-1.55529,0,4.635265,0,0,4.793413,3.771224
0,0,-3.5025,0,-1.751061,-0.065951,0,0,0,12.003559,0,0,-5.690051,0,0,-8.616733,0,0,0,0
0,0.411857,0.238624,0,0,3.460168,7.554021,4.949811,-11.100793,8.445928,0,0,0,0,0,0,0,0,0,9.169284
10.254557,0,0,0,0,0,0,0,0,0,0,7.275657,0,0,0,0,0,0,0,0
0,0,0,4.846719,-8.413105,0,0,0,0,0,0,4.002865,0,0,0,0,0,0,0,0
0,0,0,-7.167962,0,1.139754,0,-9.573929,0,0,0,1.112075,-7.070533,0,0,-7.254396,0,0,-0.140045,7.826306
0,0,0,0,-8.198799,-9.177754,0,0,5.972981,0,-10.282638,-0.688528,-2.631252,0,0,0.866045,0,0,4.592993,0
0,0,5.584537,3.743226,0,0,0,0,0,0,0,0,0,0,0,0,7.030108,0,0,0
0,0,0,0,0,0,6.21088,0,11.168615,0,0,-4.320842,7.189971,-4.585683,0,0,0,0,0,0
1.972578,0,0,0,-3.336649,0,0,0,0,8.031041,0,0,0,0,0,-3.352409,-6.596973,0,0,0
0,-3.822145,0,0,0,0,0,-7.241793,0,-4.504165,0,0,0,0,4.824103,0,0,0,4.176159,0
6.648401,-1.468497,-3.681074,0,0,0,0,0,0,6.434262,9.012373,0,0,0,0,0,7.679336,0,0,0
-6.319362,0,0,0,0,0,0,0,0,0,0,0,0,0,0,2.527179,8.24261,0,0,0
0,0,0,0,0,0,0,0,0,-0.437465,0,0,6.692835,-4.066472,0,0,0,0,0,0
8.279715,-3.313612,0,3.359205,0,0,0,11.074861,7.448384,0,0,0,5.770569,0,2.067072,4.088854,0,-6.664276,0,9.499905
2.951294,0,0,0,0,-6.843776,0,-5.362436,0,0,-7.945024,0,-0.68638,6.609372,0,0,0,0,0,0
0,0,0,0,0,0,0,0,0,0,11.423334,-5.008203,0,0,0,0,0,0,0,0
0,-6.283947,0,0,0,2.111618,0,0,7.36977,0,0,0,0,0,0,4.413937,0,-6.391408,0,0
0,0,0,0,0,0,12.771111,1.422067,0,0,0,0,0,0,-8.134107,4.498721,0,0,5.662634,7.832058
6.780058,0,3.611464,0,0,0,0,0.114928,0,0,0,9.754019,0,0,0,0,4.355791,0,-1.027467,0
0,0,3.987251,0,0,-9.952785,0,0,0,0,-6.077579,0,0,1.972914,2.901575,0,10.857092,0,3.142113,5.177918
0,0,-5.835999,0,0,0,-3.696308,0,3.667146,0,0,0,0,0,0,0,0,0,1.489899,9.112809
0,7.870346,0,2.615218,-7.0098,0,0,0,0,0,7.954344,0,0,0,0,0,-10.656067,0,0,0
0,0,0,0,0,0,0,0,5.252688,0,0,0,0,0,0,0,0,0,0,0
0,4.156149,0,0,-9.581724,0,0,0,0,0,9.718049,6.267913,0,0,0,2.063677,9.8601,0,0,7.78403
0,0.547111,0,0,0,0,9.080314,0.888115,-8.935101,0,0,6.739192,0,0,0,6.302178,5.953805,0,1.372607,0
0,0,0,0,0,0,0,0,0,0,0,8.597517,0,0,-3.538403,-4.66481,0,0.016231,0,0
2.243584,0,0,0,0,0,0,0,4.924709,0,0,7.422545,0,0,0,0,0,0,-2.144677,8.656941
0,0,0,0,0,0,0,0,2.71289,2.474614,0,0,0,0,0,-6.747812,-9.465821,0,0,5.252165
0,0,0,0,-8.892316,0,0,-4.240565,0,0,0,0,0,2.52685,0,0,0,0,0,1.213101
0,-7.709362,0,0,0,0,0,0,0,-3.436231,-12.100042,0,0.269632,0,0,0,0,0,0,0
0,8.222543,0,0,0,3.243851,5.138909,0,0,0,0,0,0,0,0,0,0,0,0,0
0,-10.134982,0,0,-3.48237,0,0,-7.6373,0,0,0,0,0,0,0,0,0,2.866001,0,0
0,-4.239835,0,0,0,0,0,0,0,0,-7.953399,6.388564,0,0,0,0,0,0,-9.643813,0
0,0,0,0,0,0,0,0,0,0,-9.770353,5.10065,0,0,6.951204,0,0,0,0,0
0,0,-6.445262,0,-1.791336,0,0,0,5.400636,0,0,8.998437,0,-1.211232,0,0,0,7.037854,0,0
0,0,0,0,0,0,0,0,1.872868,-5.753235,0,0,0,0,0,0,0,-6.520957,0,0
0,0,1.132659,0,-3.94757,0,0,0,2.669971,0,0,0,2.981862,0,0,0,0,3.440587,0,5.651287
0,0,0,0,-5.844772,0,-9.356002,0,0,0,-8.442099,0,-4.353115,0.039865,0,-7.236101,0,1.64328,0,0
0,-6.580384,0,0,0,0,0,0,0,0,0,8.392408,0,0,0,0,0,0,1.431274,0
0,-1.994688,2.21182,0,-5.493511,0,0,0,0,0,0,0,2.709041,0,0,0,2.731655,-11.041588,-8.114538,0
0,0,0,0,0,-8.438495,0,0,0,-1.863069,-9.310306,0,0,5.542785,5.655765,0,10.077216,0,0,0
0,0,0,7.908797,0,3.603245,0,0,0,0,-7.073291,0,9.394745,0,0,5.78662,0,0,0.089358,0
0,0,2.660817,0,0,0,0,0,3.193969,0.172976,0,8.249343,0,0,0,2.199296,0,0,-9.774403,0
0,0,0,0,0,0,0,0,0,-0.768448,0,0,-2.611708,0,0,0,8.596128,0,0,0
0.550122,-7.94658,-4.48325,-6.704744,0,0,0,0,0,0,0,0,0,0,-1.869762,0,-0.88632,0,0,0
0,0,0,0,0,0,0,0,0,0,0,0,0,0,0,0,0,-6.04211,5.269544,0
0,0.894705,0,-4.109449,0,0,0,0,0,6.223896,0,0,0,0,0,7.720944,0,0,4.680821,5.522258
0,-3.555666,5.745814,1.920894,0,0,0,0,0,-4.490507,0,0,-5.292462,0,0,-1.37698,5.486087,0,0,0
0,6.714455,0,0,-6.069508,0,7.698234,0,0,0,0,0,0,0,0,0,-7.897054,0,2.133537,5.361555
0,0,0,0.55427,2.242137,-6.435629,0,-0.307073,0,0,11.855416,11.170456,0,-0.875607,0,6.339298,10.084605,0,0,0
0,-3.919518,0,0,0,1.886972,4.565053,0,0,-7.466633,0,0,0,0,0,4.779801,0,0,0,0
9.925379,0,0,0,-9.895587,0,3.556787,9.425397,0,-2.682088,0,0,5.205284,0,0,5.088507,0,0,-13.14347,0
0,0,0,5.849063,-6.310149,0,-3.717105,0,0,0,0,0,0,0,8.043511,2.759796,0,0,0,0
0,0,0,0,0,0,-4.606537,0,0,9.03563,0,10.065835,0,0,0,0,0,0,0,0
6.576163,9.53194,0.303928,0,0,0,0,0,0,0,0,-9.075934,0,0,0,0,-7.755855,0,0,0
8.047897,0,0,6.291081,0,-0.767622,0,0,0,0,0,0,0,-1.109206,0,0,0,-8.017317,0,10.112239
0,0,2.183526,0,0,0,0,0,0,0,0,0,0,0,-6.451208,0,0,0,0,9.165499
0,0,0,0,0,0,6.512499,0,0,0,9.370145,0,0,-7.682303,0,0,-5.342219,0,10.113412,0
2.172617,-3.987346,0,0,0,0,0,0,0,0,0,-1.400643,1.894907,0,0,0,0,0,0,7.211135
0,0,0,0,-4.229539,0,-3.978978,0,0,-3.981861,0.02599,0,0,0,0,0,9.49999,0,9.215077,0
0,0,0,3.763478,0,0,0,0,0,0,0,-0.406368,0,0,7.646983,0,0,-9.830836,0,8.419541
0,0,0,0,0,0,0,2.104344,0,0,12.361931,3.353606,0,0,-9.84956,0,0,0,0,0
0,0,2.200929,0,0,0,0,0,0,0,0,0,-6.94498,2.289971,0,0,0,0,0,0
0,-1.075647,0,0,0,0,0,1.766602,0,6.893776,10.535332,0,-7.022279,0,0,6.016597,0,0,0,0
0,-2.976059,1.947471,0,0,0,0,8.682796,0,0,0,-2.585826,6.176076,0,0,0,0,0,0,0
-0.075052,-6.664819,0,0,-3.05829,-1.045228,0,0,0,0,-9.880232,0,0,0,0,0,0,0,0,6.14529
0,0,0,0,0,-4.16789,0,1.086069,0,0,-10.979299,0,4.319501,-5.531908,0,0,0,-7.69141,0,7.969494
0,0,0,0.489991,0,-2.563299,0,0,0,0,0,0,4.65225,-7.361386,7.132589,-12.944878,0,2.270591,0,0
7.395536,0,0,0,0,0,0,0,0,0,8.546166,0,-7.780188,0.289283,0,0,7.659684,0,0,0
6.638391,0,-1.086177,9.093122,-6.654002,0,0,0,0,0,12.156448,0,11.332951,-6.775749,0,0,0,0,0,0
-1.053839,0,0,-14.328099,0,0,0,-10.848507,0,8.982583,0,0,0,0,0,0,-3.564279,0,0,0
0,0,-8.529215,0,-6.985096,0,0,0,0,0,0,0,0,-0.959573,-15.588357,4.553628,0,0,0,0
0,0,0,0,0,0,0,0,-4.39795,9.445399,0,9.900823,0,0,0,0,0,0,0,9.891377
11.270264,0,0,7.979071,0,0,0,0,0,0.684676,0,6.139568,0,0,5.373952,0.410375,10.758897,0,0,0
0,0,0,-1.645919,0,0,8.318205,2.098895,-9.412446,0,0,0,0,-3.303681,0,2.152187,0,0,0,0
0,0,0,0,0,0,0,-7.223666,0,0,0,0,-6.683135,0.657468,0,0,0,-3.583368,0,0
0,0,0,0,0,-2.684122,0,-8.505089,0,0.668541,-3.089259,-4.611832,0,3.732376,0,0,0,0,0,0
4.223,9.940265,0,7.622321,0,0,0,0,0,0,0,0,0,0,0,0,0,0,0,0
0,8.858753,0,0,0,1.243014,0,0,0,0,0,0,0,0,0,-10.364912,0,4.706694,0,0
-1.945537,0,5.079543,0,0,0,0,-5.721852,3.875422,0,-7.344417,0,0,4.222624,4.634868,0,0,0,0,7.153214
0,0,1.762055,2.278192,0,0,0,7.474509,0,0,0,-8.577719,0,0,0,0,0,4.955252,3.777288,0
0,-0.924951,0,0,-5.720699,0,0,0,0,0,0,0,0,0,0,0,0,0,0,8.377185
7.599302,0,0,0,0,0,13.889178,0,0,0,-9.063982,0,0,-3.470695,1.644252,0,0,0,-10.61553,10.616549
0.53696,0,0,-8.19404,0,0,0,-7.563256,0,0,0,10.419683,-9.835249,0,-2.157642,0,0,-2.785947,0,0
-0.491819,0,0,-11.954805,0,0,0,0,0,0,-11.848905,6.476464,-6.066033,-0.951474,0,0,-5.757714,2.613624,0,0
0,0,0,0,-3.787231,0,9.521254,0,0,0,0,0,0,0,0,0,0,0,5.626981,0
0,0,0,0,0,0,0,8.803551,0,0,0,0,0,0,0,0,0,0,0,0
0,-5.724612,0,5.141798,0,0,0,0,6.324055,0,0,0,0,0,0,0,0,0,0,0
0,0,0,0,0,0,0,0,0,0,-9.582706,0,0,1.882192,0,0,6.286673,0,3.982755,0
0,0,0,0,0,0,0,0,3.597303,0,0,0,0,0,0,0,0,0,0,0
2.364119,0,0,0,0,0,0,0,3.397721,-1.562977,0,0,5.069583,0,0,0,0,0,-6.192565,0
0,1.396402,0,-2.039803,0,-4.344777,12.429129,0,-5.436337,0,11.300517,0,0,0,-8.513851,0,8.462096,5.156654,5.154893,0
-2.737492,0,0,0,-3.327315,0,0,-7.207644,0,0,0,0,0,0,0,0,0,0,0,0
0,0,1.429009,0,0,0,0,0,0,0,0,0,0,0,8.092484,0,0,-5.464169,0,9.213948
0,0,0,0,0,0,0,-8.455923,0,0,0,0,0,-1.776198,0,0,0,2.489088,-0.38778,0
0,0,0,0,0,-7.849463,0,0,0,0,0,-1.464408,0.878895,0,9.884664,3.077635,0,0,0,2.930028
0,0,0,0,0,0,0,0,0,0,0,0,0,0,0,0,0,0,0,0
0,-3.49267,0,7.081605,0,0,8.338633,7.777844,0,-1.857436,0,0,0,0,0,0.931701,0,-6.540049,-5.368636,0
0,-2.080751,0,0,-10.358336,0,0,0,0,0,0,2.948469,0,-2.035455,0,0,0,-6.385892,-5.112443,7.236436
0,8.399271,0,0,-3.569743,0,0,0,0,0,0,0,0,-5.506825,9.278576,-7.969704,0,6.686023,0,0
0,0,-4.783938,-5.712138,0,0,0,-2.142227,-12.990539,0,0,0,-7.825682,-5.757704,0,4.23808,0,0,0,0
9.88881,0,0,0,0,-3.644025,4.156815,0,1.271166,0,0,0,0,0,0,0,0,0,0,9.043625
0,0,0,0,0,0.857166,8.473965,-0.934463,-7.983359,0,0,0,0,0,0,0,0,0,5.122468,8.24861
0,0,0,4.991114,0,-9.159302,0,-6.444661,0,0,0,0,0,0,0,0,0,0,0,0
0,0,0,3.681654,0,0,0,0,0,0,0,0,0,0,0,4.045831,0,0,6.007062,0
6.793517,0,0,0,-5.255744,0,0,0,0,0,6.829105,0,0,0,0,-9.395555,-8.110277,0,4.242374,0
0,0,0,0,0,0,4.436883,0,0,0,8.582929,0,0,0,9.856078,0,-8.094248,0,0,3.709826
0,0,0,3.411759,0,1.975358,0,12.363545,0,-3.200341,0,0,0,0,4.83086,0,0,0,2.530332,9.389885
0,-0.921731,3.628156,0,0,-5.741788,7.208209,0,0,0,0,10.022006,0,0,0,8.600567,0,0,2.278607,0
8.85675,-4.631473,0,0,0,0,0,0,0,0,0,-1.482848,0,0,0,0,2.772463,-10.613755,-7.161722,0
0,-3.849523,0,7.401231,0,0,7.265114,0,0,0,0,0,3.641553,0,0,0,0,0,0,0
0,-7.530593,-4.677538,-7.04775,0,-0.184193,-5.458946,-11.263995,0,8.93974,0,0,0,0,0,0,0,6.742353,0,0
0,0,0.937225,4.753226,-7.670408,0,0,0,7.514042,0,-11.883881,0.816705,0,0,4.973072,0,0,-7.914199,0,7.097819
0,0,0,0,0,0,0,0,2.523439,0,-5.69963,0,0,0,0,0,0,0,0,7.471722
0,0,1.700112,0,0,0,0,0,0,7.030147,0,0,-14.170585,0,-12.240554,0,0,4.917755,6.067142,0
0,0,-1.569591,0,-3.177349,0,9.533969,1.820795,0,0,0,0,0,0,-10.876209,0,0,0.275712,0,0
0,0,0,0,0,0,0,0,8.953569,0,0,0,0,-8.80189,0,0,-7.131537,0,2.505331,0
0,-7.365065,0,0,0,-7.668594,0,0,0,-3.967688,0,0,0,1.880915,4.772877,-0.845414,0,0,0,0
1.241655,0,0,7.891543,-7.68344,0,0,0,0,0,0,-3.785113,0.391295,0,0,0,2.372844,0,6.709435,0
0,0,0,0,0,0,8.778668,0,0,0,0,0,0,0,-12.126447,2.884787,0,0,0.573278,0
0,0,0,0,0,0,0,0,0,0,0,0,0,2.096184,3.995722,1.460185,8.712358,0,0,0
13.197071,0,0,3.889431,0,0,0,9.910932,0,0,0,0,4.786114,0,0,0,0,0,0,0
0,0,0,6.946659,-9.661623,0,0,0,0,0,-6.619612,2.608031,0,0,0,0,0,0,0,5.536825
0,0,-7.301223,-5.415368,-5.279704,0,0,-7.45524,0,0,0,0,-6.001828,0,-0.195186,0,-0.6124,0,0,0
0,1.684473,0,0,-5.330769,0,0,0,0,0,0,0,0,0,0,0,0,0,0,0
0,2.230622,0,0,0,0,0,0,-5.713248,7.026416,8.651066,5.923929,0,0,0,0,0,0,0,0
0,0,1.5508,-1.610958,0,2.001707,4.649509,0,12.046837,0,0,0,0,-6.693901,8.131948,0,0,2.359843,0,0
-4.865994,-4.222196,4.978222,0,-8.365271,0,0,0,0,0,0,0,0,3.396656,0,0,0,-3.640207,0,0
0,0,0,0,0,0,0,0,0,0,0,0,0,0,-6.101284,0,0,0,8.15472,0
8.177651,-1.556234,0,0,0,0,0,0,0,0,0,7.291569,-9.345265,0,0,0,10.267878,0,1.292603,0
0,0,0,5.598862,0,0,0,0,7.065585,0,9.676174,0,0,-6.284969,0,0,0,0,2.676921,8.105155
9.088427,0,0,-0.815236,0,0,0,0,0,0,7.797388,0,0,0,0,0,0,0,0,10.0977
0,0,0,4.940629,-5.877862,0,0,0,0,-2.403337,0,-4.429108,0,-7.578485,0,-10.73775,0,3.156494,0,5.806928
0,0,0,0,-10.146864,0,-1.463319,0,0,0,0,0,0,0,0,2.391121,6.320094,0,0,0
1.327118,-3.145087,0,0,-12.357661,-7.711239,-4.368338,0,0,0,0,0,0,0,0,0,0,0,2.369107,0
0,1.387524,0,0,0,1.215261,0,1.851063,0,0,14.067893,0,0,0,0,0,0,0,0,0
0,0,0,0,-5.668755,0,0,0,0,0,0,0,1.497504,0,0,0,0,0,-8.549852,8.14276
0,-0.953268,0,-0.829192,0,0,0,5.596703,0,0,0,0,0,0,0,0,7.802516,0,4.617236,0
7.202216,1.682705,-5.333037,0,0,-0.992131,0,0,0,6.705946,0,0,0,0,0,0,0,-0.29444,0,0
0,-4.849707,0,0,0,0,0,0,6.748406,0,0,0,0,0,0,0,3.148641,-2.35021,4.107738,0
-0.011291,-9.755871,0,0,-5.343843,-0.136089,0,0,0,4.683287,0,11.336076,0,0,0,0,-5.588481,0,0,0
0,0,0,2.829204,0,0,0,0,4.584709,0,-11.127141,0,0,0,0,0,0,0,0,8.681944
0,0,0,0,0,-0.918812,0,0,0,0,0,0,0,-3.288324,0,0,0,1.368504,0,0
0,0,0,6.428869,0,-11.793073,-1.859301,0,0,0,-9.208504,0,0,0,0,0,0,0,0,7.250466
0,0,0,0,0,0,5.994386,0,8.612663,-5.287276,0,0,0,0,12.003794,0,5.274689,-4.514433,-3.432733,0
0,0,0,0,0,0,4.35606,-1.132186,0,0,0,0,0,0,0,0,0,0,0,4.913141
0,0,0,0,-9.356338,0,0,-3.587228,1.163308,0,0,0,0,1.747997,0.358533,0,0,-5.248167,0,0
-1.341588,0,0,-12.987284,0,0,-11.299273,0,0,0,0,0,0,0,0,0,-2.960399,0,0,5.144443
0,0,0,-2.798615,0,0,-7.276164,-6.696523,0,10.658506,0,0,0,0,0,-5.397936,0,0,3.634824,9.326147
0,0,0,0,0,0,0,0,0,0,0,0,0,0,0,0,0,-6.221673,0,0
0,0,-11.227286,-9.67091,-4.374256,0,-8.926312,0,0,0,0,0,0,0,0,0,0,-0.262075,0,0
0,0,-6.825852,0,-4.849025,0,0,-11.084684,0,11.003245,-8.822524,0,0,0,0,0,0,0,0,6.514417
0,1.207649,0,-2.486891,0,0,0,0,0,7.972554,0,0,0,-0.806633,-9.141414,0,0,0,7.780244,9.679734
0,0,2.666451,0,0,1.683492,0,0,0,0,0,0,0,0,6.286275,2.193614,0,-9.407003,-6.95396,0
0,0,4.089461,0,-5.079983,2.052812,0,0,0,0,0,0,0,0,6.716568,0,0,0,0,0
0,0,0,-2.964616,0,0,9.700633,0.41964,0,0,0,8.045678,0,0,-11.693401,6.946749,7.757926,0,0,0
0,0,0,0,-6.5638,0,0,-0.117656,0,0,0,0,0,0,-6.74083,0,0,2.274387,2.443278,0
0,0,0,0,0,-10.09864,0,0,0,0,0,0,0,0,0,0,3.630745,0,4.313347,0
5.242323,0,0,0,0,1.524913,0,0,0,0,9.000271,0,0,0,-10.070278,2.649081,0,0,0,5.39737
0,-5.585024,5.908703,0,0,-7.014385,-4.39468,-8.023233,0,0,0,0,0,0,3.465341,0,0,0,0,3.512775
2.514248,0,-9.21335,0,0,3.433833,0,0,0,0,-9.828575,0,0,0.601109,0,-3.049581,-4.060017,-1.764118,0,0
8.080128,0,-0.804965,0,-8.841544,4.887135,0,8.704754,0,0,0,0,0,0,5.529166,-5.108717,0,0,0,0
0,0,-0.212465,0,-2.771116,0,0,0,0,9.393119,0,9.695526,0,0,0,0,0,0,0,0
0,0,0,0,0,0,9.487684,0,0,0,0,8.713902,0,0,-10.302454,0,0,0,0,0
-0.065431,0,0,0,0,0,-5.798193,0,0,0,0,0,1.42409,4.169766,0,0,0,0,3.046712,0
0,0,0,-2.556751,-3.934486,1.589394,0,0,-9.932013,0,0,8.958212,0,0,0,5.776421,6.659229,0,0,0
0,0,-3.62692,0,0,0,0,0,0,0,-9.893483,0,0,0.694946,0,-8.783386,0,0,0.157173,0
0,0,0,0,0,0,0,0,0,0,0,8.200707,-8.960867,0,-11.071687,0,7.864682,0,2.212636,0
0,0,4.13357,3.108069,0,-18.508873,0,-9.103053,0,0,0,3.280931,-3.477838,0,5.472072,0,0,-5.343004,0,0
0,2.948019,0,0,0.496224,0,0,0,0,0,0,0,0,0,0,-6.270884,0,4.617274,8.278076,0
0,-4.86535,0,6.685763,-8.71945,-10.9239,0,0,0,0,0,0,0,0,4.914724,0,8.197326,-6.322382,0,0
0,0,-6.832176,0,0,0,0,0,0,10.298419,-14.151507,0,0,-0.79954,-1.480401,-4.233681,0,0,0.520854,0
0,-6.930838,0,0,0,0,0,-8.502015,0,0,0,0,0,-0.673872,0,0,0,0,0,0
0,0,0,0,0,0,0,0,-4.668107,0,0,0,0,0,0,0,8.540677,0,4.156839,11.622848
0,0,0,0,-1.381153,-5.763323,0,0,0,0,0,-7.329932,0,-8.179379,12.454742,-10.271318,0,0,2.563757,0
3.785718,0,0,0,0,-13.831732,0,-7.93962,0,0,-7.978045,0.983342,0,0,0,0,0,0,0,0
0,0,-7.356914,0,0,0,0,-7.327424,0,0,0,0,0,0,0,-5.284303,0,0,0,0
0,0,0,0,0,0,-6.894647,-7.563415,0,-6.955057,0,-3.701187,-1.57838,0,0,0,0,0,0.964771,0
0,0,6.910573,4.181792,0,0,0,-7.414712,0,0,0,0,0,0,0,0,0,0,0,1.951931
0,0,0,0,0,0,0,8.206186,0,-1.774726,0,0,5.001957,-6.299598,0,0,0,0,0,0
0,-1.476704,-2.227772,0,-5.600371,0,0,4.129234,0,0,0,0,0,0,0,0,6.095596,0,0,8.32939
0,0,0,0,0,0,0,-3.876401,0,0,0,0,0,0,3.435838,0,9.382975,0,7.681504,0
0,0,0,0,0,0,5.020607,0,0,0,0,0,0,0,0,0,5.902373,0,0,0
6.085536,0,2.576879,0,0,0,0,0,0,-3.193802,0,0,0,0,7.6542,3.2147,0,-7.96252,0,0
0,0,0,0,0,0,0,2.528494,0,0,0,0,0,0,0,0,0,0,0,6.279817
0,-7.321237,0,0,0,0,0,0,0,0,0,12.162275,0,0,0,0,0,0,0,0
0,0,0,0,0,0,0,0,0,0,0,0,0,0,7.765797,0,0,-6.413885,0,0
0,-5.696042,-4.36839,0,0,0,0,0,5.774627,0,0,0,0,0,0,0,0,0,1.953424,5.410992
0,0,0,0,-4.986429,3.531679,0,0,0,0,0,0,0,0,0,0,0,0,7.229778,0
0,0,0,0,0,0,4.358726,0,0,0,0,1.818686,5.18141,0,5.664086,0,0,-10.134216,-5.534362,0
0,0,0,0,-2.032546,5.09027,-4.642794,0,0,0,0,0,0,-0.655025,0,0,0,5.919749,0,0
0,0,7.114047,0,0,-6.673476,-3.282215,0,0,0,-8.604474,-2.077728,0,0,8.940758,1.845831,0,-5.381769,0,0
3.493816,0,0,0,-7.80207,0,1.443016,0,0.622518,0,11.102469,0,0,0,0,-8.420911,-8.784751,0,0,0
0,0,0,0,0,0,6.404498,0,0,0,0,0,5.369427,-2.718318,1.611552,0,0,0,-7.983014,0
0,0,0,0,0,0,0,0,1.742203,0,0,0,0,-4.027553,4.610746,0,0,-7.10364,0,0
0,0,0,-9.695461,0,0,0,-12.559697,3.595074,0,0,0,0,0,0,-8.888668,0,0,0,0
0,0,0,0,0,0,0,1.927373,0,0,0,0,-6.377622,0,0,0,0,0,8.066486,0
0,0,0,-7.437317,0,0,0,0,0,0,0,0,0,0.011772,0,0,0,0,0,0
0,11.322638,0,0,0,0,0,7.854054,0,-2.722536,0,0,0,0,0,0,0,0,3.363105,0
0,0,6.517955,0,-12.989941,0,0,0,5.644726,0,0,0,0,0,0,0,0,0,0,0
0,0,0,0,0,-1.269936,0,8.58056,7.048924,-5.333036,0,0,0,0,0,-8.878753,0,0.220846,0,0
0,7.949851,0,0,0,2.451945,0,0,0,0,7.73498,0,2.721725,0,0,-5.049669,0,0,0,0
0,10.126922,0,0,0,-3.195961,0,0,0,0,0,0,0,0,13.962169,0,0,2.13968,0,0
0,1.070517,0,0,0,-2.875781,0,0,0,6.6842,0,0,0,0,0,0,0,0,0,4.691409
0,-5.048593,0,3.652756,0,0,5.889488,0,0,-1.200362,0,0,0,-6.124777,0,0,0,0,0,0
0,0,0,7.757483,-2.593682,2.681205,0,0,0,0,0,0,0,0,0,0,0,0,0,4.969287
0,0,0,0,0,0,0,0,0,10.286206,0,0,0,-2.214422,0,0,-4.351629,0,0,0
0,0,0,4.482796,-5.191111,-1.534135,0,0,5.406342,0,0,5.846585,0,-4.85424,0,0,0,0,0.373675,0
0,0,5.08077,3.474897,0,0,0,0,0,0,0,0,0,0,4.599136,4.257964,0,-6.50184,0,0
0,9.946861,0,0,0,0,0,0,8.127178,0,0,-5.060559,0,0,0,0,-9.56794,0,0,0
0,1.13305,3.371246,0,0,0,0,0,-8.789693,0,0,0,0,0,0,0,0,0,0,10.882271
0,-0.013981,1.479545,0,0,0,0,0,0,0,0,0,4.463113,-5.125026,2.772304,0,11.140335,-9.486894,0,10.471313
6.452068,0,0,0,0,0,2.536247,0,6.465543,0,0,-8.088733,5.395042,-7.440802,7.441981,0,-4.985746,0,0,8.302648
0,0,0,7.840301,-4.955519,0,0,0,0,0,0,0,0,0,0,0,-9.198457,0,0,10.902299
0,0,0,0,0,0,0,-5.327837,3.105327,0,0,6.372194,0,0,0,0,0,0,0,0
6.455183,0,0,0,0,0,0,0,5.394978,0,0,0,0,0,0,5.223346,7.688122,0,0,0
0,0,0,0,0,2.849378,1.733592,0,0,0,0,5.846033,0,0,4.086961,0,0,-5.829838,0,0
1.103273,0,0,0,-0.715351,0,-3.136549,0,0,0,0,5.344357,0,0,-2.143459,0,0,3.940591,0,0
0,0,0,0,0,0,0,0,0,-4.999912,0,0,0.479585,0,0,0,0,0,0,0
0,10.883174,0,0,-1.672158,0,0,0,0,-1.838419,7.664082,0,5.636511,-6.085479,0,0,0,0,0.653176,0
0,0,0,0,0,0,0,0,0,0,0,1.617609,0,0,0,0,0,-2.98375,2.579604,0
0,0,0,0,-1.528429,0,0,0,0,0,-2.716912,0,0,0,0,-8.324494,0,0,0,7.388905
0,0,0,0,0,0.878885,0,0,0,0,-9.731835,0,0,0,0,0,-3.995706,0,4.104668,7.368362
0,0,0,0,0,0,4.759688,0,0,0,7.117195,-6.416111,0,0,0,0,0,0,0,0
0,0,0,-9.827748,0,0.362413,0,0,0,13.617946,-6.219426,0,0,-1.37446,0,0,0,0,0,0
0,0,0,0,0,-8.13225,0,0,0,0,0,0,-0.506371,0,4.070135,0,0,-5.937795,0,0
-1.363743,0,0,0,0,-6.289983,-4.929519,0,3.384799,0,0,0,0,0,6.457711,0,0,0,0,0
0,-7.682056,-9.753844,0,0,0,0,-6.038918,2.879086,8.338691,0,0,-6.287358,0,0,0,0,0,-0.784846,0
0,0,0,-3.604446,0,0,8.900343,0,0,0,0,0,0,-2.028967,0,6.857124,0,0,0,0
0,-3.704136,8.533651,0,-4.828228,-9.918164,0,-2.733955,0.853591,-1.272446,0,0.448661,0,0,3.888895,0,0,0,0,0
0,-0.079163,0,0,-8.781624,0,0,0,0,0,0,0,0,0,2.903472,3.57741,4.641908,0,-9.692293,8.531754
7.584842,0,3.675569,0,-7.976017,-1.067173,0,0,0,0,0,3.416321,0,0,0,0,0,0,-12.010952,7.323469
0,2.421645,2.588332,0,-6.475373,0,0,0,0,0,0,0,0,0,0,0,0,0,-5.012881,0
0,-6.457535,0,0,0,0,0,0,0,0,0,0,-4.5107,0,-2.695811,0,0,0,0,7.272551
0,0,0,0,0,0,0,9.545604,0,0,0,0,0,0,0,0,0,5.098332,4.521203,7.151353
10.005441,6.777325,0,0,0,-1.185625,0,0,0,0,0,0,0,-8.179761,0,0,0,0,1.969024,0
8.138,0,0,0,0,0,0,0,0,3.241841,0,0,0,0,0,0,0,0,0,0
0,0,0,-12.729268,0,0,-9.032413,-11.996025,0,9.332853,0,0,-5.536235,0,0,-8.642335,-8.391488,-1.50514,0,0
9.265538,-1.414207,0,0,0,-6.307901,8.21918,5.886359,0,0,0,0,0,0,0,0,0,0,0,0
0,0,0,0,-9.181309,0,0,0.348193,0,0,10.436009,6.127588,-10.198388,-2.210791,0,0,0,0,2.333168,5.690582
4.644083,0,0,0,0,0,0,0,0,0,0,0,0,-5.785782,0,0,0,2.7626,0,8.427062
0,0,0,0,0,-0.681223,0,0,-7.507885,8.348458,0,0,-13.827162,0,0,0,0,0,0,0
0,0,-8.033613,-8.957321,0,2.512689,0,-6.256418,0,0,-5.240156,7.953163,0,0,0,0,0,0,0,0
-0.380338,5.763128,0,0,0,0,0,0,0,-0.124888,0,0,0,0,3.789613,0,0,0,0.747838,0
0,0,0,0,0,0,3.728476,0,9.676085,-4.72131,0,0,0,0,1.017643,0,9.754287,-6.043764,-4.263905,11.01414
0,0,0,0,0,-6.54429,0,0,0,8.91236,8.684066,0,0,0,0,0,0,6.743443,0,12.071418
0,0,-3.124789,0,0,0,10.544189,0,0,0,0,0,0,0,0,4.697855,0,0,1.437279,0
0,-9.870435,-1.090857,-6.71708,0,0,-5.040913,0,5.808262,0,0,9.460237,0,0,0,0,0,2.862675,0,0
3.019033,0,0,0,0,0,0,0,0,-2.530343,-12.170474,0,0,-11.054224,3.493027,0,0,0,-10.513562,0
0,2.807879,0,0,0,0,9.935625,0,0,7.168979,0,0,-8.541126,0,-10.561216,0,0,0,0,0
0,0,0,0,-4.186174,0,9.156504,0,0,0,9.164544,0,0,0,0,3.50049,0,0,0,0
1.554553,0,0,-7.815071,0,0,0,0,0,7.354224,0,0,0,0,0,-5.14207,0,0,0,0
0,0,0,0,0,0,0,1.430706,0,0,0,0,1.961275,0,0,0,0,0,-12.355032,7.226281
0,0,0,0,0,0,0,0,0,0,0,0,0,0,6.106328,0,0,0,0,0
0,0,-2.891871,0,0,0,0,0,0,0,0,-1.462495,5.897951,0,5.001038,0,-8.728242,0,0,0
0,-2.525323,0,0,0,0,0,0,0,-3.047438,0,0,0,0,10.523724,3.650603,0,-6.633947,0,0
3.773582,0,0,-9.44577,0,5.377018,0,-6.897111,0,4.647446,0,0,0,-2.86632,-4.636902,-5.126152,0,0,0,0
0,0,0,-8.30413,0,0,0,0,0,0,0,0,0,0,0,0,0,0,-0.16315,0
0,0,0,0,-4.16018,4.388942,0,0,0,-6.81592,12.508424,0,0,0,9.605631,0,0,0,0,0
0,0,-5.448248,0,0,0,0,0,0,0,0,0,-3.663189,0,0,-2.629131,0,3.080876,0,7.673139
0,11.931163,-2.723351,0,0,0,0,0,0,1.139806,0,0,0,0,0,0,0,4.666356,0,0
9.956569,0,5.00779,0,0,0,0,0,0,0,0,0,0,0,0,0,0,0,0,0
0,0,0,0,0,-2.450996,8.892939,0,0,0,0,0,0,0,0,-0.799697,0,0,0,0
0,0,0,0,0,-11.439595,0,-6.444137,1.455886,0,0,0,1.910938,0,0,0,0,0,0,0
-1.056251,0,0,0,0,0,0,0,5.020081,0,-11.394392,0.617024,0,0,6.07203,3.694358,6.990481,0,2.617526,3.97252
0,-14.551053,0,-10.885478,0,1.994296,0,0,0,0,0,0,0,0,-1.937923,0,0,0,0,7.015108
0,-8.290541,0,0,-4.060348,3.467228,0,0,0,0,0,0,-3.485599,0,-2.797673,-3.699141,-3.253068,0,0,7.665166
-1.881257,0,0,0,0,0,0,-6.579581,0,0,0,0,0,0,0,0,4.560123,-5.036792,3.795911,4.766223
0,-4.307256,0,0,0,0,0,0,0,0,0,0,0,0,0,0,8.6147,0,0,0
0,0,1.440727,0,-7.096101,0,0,7.745442,4.852483,0,-9.855475,0,0,0,0,0,0,0,0,8.533485
0,0,0,0,0,0,-4.159695,0,0,0,-6.462818,0,0,0,0,0,0,0,3.728987,0
0,0,-10.885269,0,-3.678274,0,0,0,0,0,0,0,0,0,0,0,0,0,0,0
0,7.980487,-0.164952,-1.192788,0,0,0,9.231146,0,-0.699911,7.73486,0,0,0,0,0,0,0,0,0
0,-5.1497,0,0,0,-4.641763,7.971086,-0.407835,0,8.192049,0,0,-5.265738,0,-6.054814,0,8.295249,0,0,0
6.280415,10.562039,0,0,0,0,0,0,0,0,0,0,0,0,0,0,-7.31795,6.435793,7.191042,0
0,0,0,0,0,0,0,0,0,0,0,0,0,0,0,0,0,0,6.190445,4.107329
0,0,0,0,0,0,0,0,0,8.972803,0,0,0,0.973153,0,0,0,7.846398,0,0
0.62982,0,0,0,0,0,0,0,0,0,0,0,-4.565543,0,0,0,0,0,0,0
0,-11.69773,0,0,-13.152013,-7.901794,0,0,0,-2.13277,0,0.654664,0,0,0,0,0,0,0,0
10.603347,0,0,4.830227,0,0,0,0,0,0,0,0,2.28886,0,0,0,3.221189,-5.564979,0,0
1.79981,-13.354154,-11.604836,0,-4.359789,0,0,-8.720851,0,0,-8.726575,5.99936,0,0,-4.354909,0,0,0,0,0
0,0,-5.319337,0,0,3.004096,0,7.938484,0,-5.64974,0,0,0,-4.665701,0,-8.58556,-7.147267,0,0,0
4.8073,0,0,0,0,0,0,8.590432,0,0,0,0,0,0,1.019545,-6.257504,0,0,0,0
0,0,0,0,0,0,0,0,0,10.086251,-6.958852,0,0,-1.966076,0,0,-4.170171,0,0,0
0,0,0,6.675875,0,0,0,0,0,0,-7.081886,0,0,0,6.339261,0,0,0,0,0.585536
3.461897,0,-8.150038,0,0,0,0,-6.622637,0,0,0,0,0,1.922351,0,0,0,0,0,8.49777
0,0,-11.17575,0,0,0,0,0,0,0,0,0,-9.116062,0,0,0,0,0,0,0
0,0,0,0,-5.375907,-4.193303,0,0,0,0,0,0,0,0,-0.350228,0,0,0,0,10.575744
8.31264,0,0,0,0,-0.145513,0,0,0,0,0,0,0,0,4.149643,0,0,0,0,4.900621
0,0,0,0,1.875365,0,0,0,0,0,0,9.918357,0,0,0,0,0,0,0,0
0,0,-3.583541,0,0,0,0,0,-4.550692,0,0,0,-9.258169,0,0,4.427666,5.104216,9.821526,0,5.326417
0,0,0,0,0,0,0,0,0,0,0,0,0,0,0,0,0,-7.771636,0,0
0,0,0,0,0,0,0,7.104021,0,0,0,0,0,0,0,0,7.48621,-5.778818,0,0
