0,0,0,0,0,0,0,0,0,-46,91,0,0,38,0,62,0,0,0,0
0,0,0,-26,0,-85,-1,0,0,-85,0,0,0,0,0,0,0,0,96,0
0,0,0,0,0,0,-1,51,0,-85,-46,21,-27,0,0,0,0,0,0,-35
0,45,0,0,20,-92,0,0,0,0,0,0,-18,-24,0,-17,0,50,94,0
0,51,0,-37,26,0,0,0,-29,0,0,0,0,0,0,0,0,58,89,0
0,0,0,0,0,0,98,0,0,0,0,0,-25,0,0,0,0,0,0,0
-33,25,0,6,0,0,0,0,69,0,0,0,-26,0,29,0,0,0,98,0
0,0,0,0,0,-25,0,0,0,0,0,0,-35,36,0,57,32,96,0,0
0,0,0,14,0,0,0,0,0,-45,0,0,0,37,0,64,0,100,98,-81
0,45,0,0,0,0,1,0,0,-86,0,0,0,0,-51,0,0,0,0,0
-70,0,0,0,16,0,-5,0,-31,0,-40,0,-21,0,0,0,0,0,0,0
0,0,0,10,-12,0,0,88,0,0,99,0,-31,42,0,0,0,94,0,0
0,0,-43,0,0,0,0,0,0,-39,0,0,0,0,0,0,42,0,0,0
0,0,0,6,0,0,86,88,0,-44,0,0,0,0,0,0,0,0,0,0
0,0,0,0,0,0,0,0,72,0,0,64,0,0,0,0,0,0,0,0
0,0,0,0,0,0,0,0,0,-45,0,0,-27,0,0,0,42,94,0,0
-78,0,0,0,0,0,4,51,0,0,0,22,0,0,0,0,0,0,0,0
0,0,0,0,19,0,0,0,0,0,-42,0,0,0,0,0,2,48,0,0
-34,19,0,0,0,0,89,0,0,-44,0,0,0,0,0,63,0,0,0,0
0,44,-22,0,0,0,0,0,0,0,0,22,-18,0,-53,0,0,0,0,-33
0,47,-25,0,0,0,0,0,0,0,0,0,0,-18,0,0,0,0,0,0
0,0,-54,0,-14,0,0,0,0,0,0,0,0,0,0,0,0,0,0,-79
0,0,0,0,0,0,91,0,0,0,0,0,0,0,31,61,0,96,0,0
0,0,-53,0,-12,0,89,0,0,0,0,0,0,39,0,0,35,0,0,-84
-77,0,-16,-32,0,0,4,0,-32,0,0,0,0,0,0,-10,0,0,0,0
0,0,0,-32,0,0,0,55,-35,-88,0,0,0,-27,0,0,0,0,0,0
0,0,0,0,0,-90,0,0,0,0,0,0,-21,0,0,0,0,48,98,-32
0,0,-46,0,0,0,0,87,0,-46,0,0,0,0,0,0,0,0,95,0
0,0,0,0,-12,0,0,0,0,0,100,0,0,0,0,0,0,0,0,-83
0,0,0,0,19,0,0,0,0,0,0,0,-20,0,0,0,0,54,0,0
0,0,0,0,0,0,0,0,-28,-86,0,0,0,0,0,0,0,0,0,0
-36,0,0,12,0,0,0,92,78,0,0,0,0,46,0,0,0,0,0,0
0,0,0,0,14,0,0,52,0,0,0,0,0,0,-62,-16,-1,0,0,-34
-76,0,0,0,0,0,0,0,0,0,0,0,0,-28,-57,0,0,0,90,-30
0,22,0,0,0,0,93,85,0,0,0,0,0,0,0,61,0,97,0,-82
0,0,0,0,0,0,0,0,0,-45,0,65,0,0,0,0,0,0,0,-83
0,0,0,0,0,0,0,0,0,0,-49,0,-24,-31,0,0,0,0,93,-32
0,0,-49,0,-10,0,0,0,0,0,97,0,0,0,0,0,0,0,0,0
0,0,0,0,0,0,0,0,0,0,0,19,0,0,-59,0,0,0,96,-36
0,0,0,0,0,-98,0,49,0,0,0,20,-27,0,0,0,0,49,0,0
0,0,-18,0,23,-91,0,0,0,-91,-41,20,-18,0,0,0,0,0,0,0
0,0,0,-31,20,-93,0,0,0,0,0,0,0,0,0,0,0,0,0,-31
-82,0,-23,-35,0,0,0,0,0,0,0,20,-26,0,0,0,0,0,0,-39
0,0,-50,0,0,-26,91,88,74,0,0,0,-24,0,0,0,0,0,0,0
-73,55,0,0,0,0,3,0,0,-85,0,0,0,-21,0,-11,0,0,0,0
0,0,0,0,22,0,0,54,0,-85,0,20,0,0,0,0,5,0,97,0
0,0,0,0,-11,0,0,0,70,0,100,67,-26,0,0,67,0,0,0,0
-70,0,0,-31,0,0,0,0,-30,0,0,0,0,0,-56,0,0,0,0,0
0,24,-49,0,0,0,0,91,0,0,0,0,0,0,0,0,0,94,0,-83
0,0,0,-30,21,-92,0,54,-26,0,0,0,0,0,-55,0,0,0,100,0
0,0,0,9,0,0,0,0,0,0,0,0,0,38,32,0,0,0,95,0
0,0,0,-24,0,-88,0,0,0,0,0,0,0,0,-54,-16,4,0,0,0
0,47,0,0,23,0,0,0,-32,0,0,0,0,0,0,0,0,0,0,0
0,0,0,0,0,0,0,0,0,0,-46,0,0,-23,0,0,0,0,0,0
0,0,0,7,-18,0,94,0,73,0,96,0,-23,44,0,59,0,100,0,0
0,0,0,0,0,-17,0,0,0,0,0,0,0,0,0,0,0,0,0,0
0,0,0,-32,21,0,0,0,0,0,0,0,0,-25,0,0,0,0,0,0
0,0,0,13,0,0,0,90,0,0,0,0,0,0,0,0,0,0,0,0
0,44,0,0,0,-100,0,0,-28,0,0,0,0,0,0,-12,0,0,0,0
0,0,0,0,0,0,-3,54,0,0,0,0,-14,0,0,-12,-2,0,0,0
-36,29,0,0,0,-19,0,91,0,0,0,0,0,0,0,0,0,0,0,-81
0,0,0,0,-7,0,96,0,0,0,0,0,0,0,0,65,0,98,100,-77
0,0,-18,0,19,0,0,53,0,0,-42,0,0,0,0,0,0,0,0,0
0,48,0,0,0,0,-6,0,0,0,0,19,-20,-25,-61,0,0,0,93,0
0,0,0,0,0,0,0,0,70,0,0,0,-30,0,0,0,32,0,0,0
-75,0,0,0,0,0,0,0,0,0,-36,0,-21,0,0,0,5,0,94,0
0,0,0,0,23,0,0,0,0,0,-37,0,0,-29,-54,0,0,0,0,0
0,22,-53,7,-18,0,0,0,0,0,0,0,0,38,0,0,36,0,0,0
0,0,0,0,0,0,0,50,0,0,0,20,0,-23,-54,0,0,0,0,-33
0,0,-49,0,0,-26,91,0,0,0,0,0,0,0,0,0,0,0,96,0
0,0,-50,0,0,0,96,0,0,-43,98,0,0,0,0,65,36,98,97,-82
0,48,0,0,16,0,0,0,0,-89,0,17,0,0,-59,-15,0,0,0,0
0,46,-25,0,0,0,0,0,-38,0,0,0,0,0,0,-18,0,0,97,0
0,0,0,0,-16,0,0,0,71,-42,0,68,0,0,0,0,0,0,98,0
0,0,-25,0,0,0,-5,52,0,-90,0,21,0,0,0,0,0,51,0,-35
-73,0,0,-29,0,0,0,52,0,-86,0,0,-21,0,-54,0,0,48,0,0
0,0,-53,15,0,0,89,0,0,0,0,0,0,0,0,0,43,0,98,0
-73,0,0,0,23,0,0,0,0,0,0,0,0,0,0,0,0,54,0,-29
-33,0,0,0,0,-28,0,0,0,0,0,60,-22,38,0,62,43,0,0,0
-40,0,0,5,-15,-22,0,0,0,-46,0,0,-31,0,0,0,0,95,0,0
0,0,0,0,0,0,0,0,0,0,0,68,0,44,0,0,40,0,0,0
0,0,0,0,-17,0,0,0,0,0,0,0,-28,0,31,60,0,0,0,0
0,0,-47,0,0,-20,92,0,0,0,0,0,0,0,0,0,43,0,0,-82
-73,0,0,-36,18,-94,0,0,-34,0,0,19,0,-30,-63,-10,0,53,0,0
-31,0,0,11,0,0,0,86,0,0,0,0,0,0,32,65,0,101,94,0
0,18,0,0,0,0,0,0,0,0,0,69,-37,36,0,0,35,0,0,0
0,48,0,0,0,0,0,0,0,0,0,0,0,0,0,0,-4,52,91,0
0,0,0,0,0,-24,0,91,0,0,0,0,0,0,0,0,37,100,0,0
0,47,0,0,23,0,0,0,0,0,0,24,-23,0,0,-14,0,0,94,-34
0,0,0,0,0,-94,0,53,-33,0,-43,0,0,0,0,0,0,0,0,0
0,0,0,0,-4,0,0,0,0,0,0,0,0,0,0,0,0,0,0,-71
-31,19,0,10,-16,-21,0,0,0,0,101,67,0,0,31,57,0,0,0,0
0,0,-47,0,0,0,0,0,0,0,0,69,-28,0,35,0,0,98,0,0
0,0,0,0,20,0,0,0,-31,-87,0,0,0,0,0,0,0,0,0,0
0,0,-47,12,0,0,0,93,0,0,0,0,0,0,0,62,0,0,0,0
0,0,0,0,0,0,0,0,0,0,0,0,0,0,31,0,0,0,0,0
-74,0,0,0,0,0,0,0,0,-83,-40,0,0,0,0,-14,0,52,0,-27
0,0,-15,0,0,0,0,0,-31,-84,0,0,0,0,0,0,0,0,0,0
0,0,0,0,0,0,2,52,0,0,0,24,0,0,0,0,-1,58,0,-37
0,22,0,0,0,-19,0,0,0,0,0,0,0,0,0,0,0,0,0,-79
0,0,0,0,0,0,0,0,0,-89,-38,0,0,-24,0,0,0,0,0,0
0,0,-21,-30,0,0,0,0,-30,0,0,0,0,-26,0,0,0,0,0,0
0,0,0,-27,22,-90,0,0,0,-90,0,15,0,-27,-51,0,0,53,0,0
0,42,0,0,0,-97,0,0,-36,-93,0,0,0,0,0,0,0,0,85,0
0,0,0,-29,0,0,-1,0,-29,0,0,0,-21,0,0,0,0,0,99,0
-76,43,-23,0,0,-97,0,50,0,0,0,0,0,-26,0,0,0,0,0,0
-38,21,0,0,0,0,92,0,0,0,94,0,0,0,0,62,38,0,0,0
0,0,0,-31,0,0,0,50,0,0,0,0,0,-32,-59,-16,0,47,0,0
0,0,0,0,0,0,0,0,0,0,0,70,-25,0,0,0,0,0,0,0
0,0,0,0,0,-92,0,0,0,-85,0,0,0,0,0,-13,0,0,0,-32
0,0,0,11,-12,0,0,90,0,0,95,0,0,37,30,0,35,0,0,0
0,23,0,13,-14,0,90,88,70,0,93,0,0,38,0,0,0,0,0,-83
0,0,-58,0,-11,0,0,0,0,0,0,0,0,0,33,0,0,0,95,-83
-35,0,0,0,-12,0,90,0,70,-42,0,0,0,0,0,0,0,94,0,0
0,19,-49,0,0,0,91,0,71,0,0,0,0,0,0,0,0,0,0,0
0,18,0,0,0,0,0,0,67,0,0,0,0,0,0,59,0,99,91,0
0,0,0,-27,17,0,0,0,0,0,0,0,0,0,-62,0,0,0,0,0
0,0,-46,11,0,0,0,0,74,-49,0,0,0,0,27,57,0,96,95,-80
-39,22,-43,0,0,0,0,92,74,0,100,73,0,0,0,0,0,0,101,0
0,51,0,0,0,0,0,0,-29,0,-39,0,0,-20,0,0,5,50,0,0
0,0,0,0,0,0,0,0,0,0,0,14,0,-24,0,0,2,0,0,0
0,0,0,10,0,-26,0,0,0,0,0,63,0,36,29,0,0,0,0,0
-76,43,-21,0,0,-96,0,0,-36,0,-43,0,0,0,-57,0,0,0,0,0
0,0,-48,0,-11,-24,0,0,0,-48,0,0,0,0,28,0,0,0,0,-88
0,0,-48,6,-13,0,0,0,0,0,0,0,0,0,0,0,0,0,0,0
0,46,0,0,20,0,0,0,0,0,0,0,0,0,-55,0,0,0,0,0
-39,0,0,0,0,0,0,0,74,-45,0,62,-28,0,0,0,36,0,91,0
0,0,0,0,0,0,0,0,0,-92,0,0,0,0,-56,0,0,0,0,0
-37,0,-51,0,0,0,0,0,0,0,0,62,0,45,0,0,40,0,95,0
-29,0,0,0,-11,0,0,0,0,0,0,0,-26,0,0,0,38,0,0,-83
-77,0,-20,0,0,-99,0,0,-29,-88,-36,0,0,-21,-58,0,0,51,96,0
0,0,-15,0,18,-94,0,0,-30,0,-38,0,0,0,0,-8,7,0,0,0
-34,0,0,0,0,0,0,0,72,0,0,0,0,43,0,0,0,0,0,0
0,0,0,0,0,0,0,92,0,0,0,69,0,0,0,0,0,0,0,0
0,0,0,0,0,0,2,0,0,0,0,20,0,0,0,0,0,0,0,-33
0,0,0,0,20,-94,0,0,0,0,-43,0,0,0,-57,0,0,0,0,-32
-38,0,0,0,0,-20,91,0,0,-42,97,0,0,0,0,59,35,0,0,0
0,24,-44,14,0,0,0,0,74,0,0,0,-30,0,0,0,0,99,97,0
0,0,0,0,21,0,0,0,0,0,-37,18,0,0,0,-16,0,0,0,-36
0,0,0,-30,18,0,2,0,0,0,-41,0,0,0,0,-12,0,0,0,0
0,0,0,0,-6,-21,94,0,0,-43,100,0,-26,0,0,63,0,0,0,-81
0,0,0,0,0,0,0,55,0,0,0,0,-18,-28,0,0,0,0,91,0
0,0,0,0,-9,0,0,0,0,-45,0,0,0,0,0,0,45,0,0,0
0,0,0,0,-11,-27,0,0,0,0,100,0,0,0,0,0,0,94,0,0
0,0,0,0,0,0,0,0,0,-43,0,0,0,0,0,57,0,91,0,0
0,0,-22,0,0,0,0,0,-33,-88,0,0,0,-21,0,0,0,0,94,0
0,49,0,0,0,-90,0,0,-32,0,0,17,0,0,0,-14,0,50,0,-31
0,0,-45,0,-8,0,0,94,70,-38,0,0,-29,46,0,0,0,0,99,0
0,0,0,0,0,0,0,0,0,0,0,0,0,0,32,0,0,0,0,-85
-75,45,-23,0,0,-94,1,0,0,0,-40,0,0,-25,0,0,0,0,0,-36
-34,0,0,12,0,0,89,89,0,0,0,0,-33,0,0,0,0,0,0,-86
-37,0,0,0,-11,0,0,0,73,0,0,0,0,0,0,0,0,0,0,0
0,0,0,0,0,0,91,88,0,-45,0,0,0,0,0,0,0,0,98,0
-76,0,0,0,0,0,0,0,0,0,0,0,0,0,0,0,-3,0,0,0
0,0,0,0,-17,0,0,0,70,-41,0,63,-29,0,29,60,38,0,0,0
-39,0,-49,0,0,0,92,0,0,-42,0,0,0,0,0,0,0,0,0,0
0,23,0,0,0,0,0,90,0,0,0,0,0,0,0,0,37,0,96,-84
0,0,0,0,0,0,0,0,0,0,0,0,0,0,0,58,34,0,100,0
0,0,-53,0,0,0,92,0,0,0,0,0,0,0,0,0,0,103,99,0
0,0,-46,0,0,-19,96,0,74,0,0,0,-23,0,0,66,0,0,0,0
0,0,0,0,0,-90,0,51,0,0,-44,0,0,0,0,0,0,0,0,0
0,0,-18,0,0,0,-4,60,0,0,0,0,0,-23,-58,-14,0,53,0,0
0,25,0,0,0,0,0,95,0,0,0,73,0,0,0,0,0,103,0,0
-32,0,0,0,0,0,0,0,0,0,99,61,0,0,0,0,0,0,97,0
0,0,0,0,0,0,0,0,0,0,-43,0,0,0,0,0,0,0,0,0
0,0,0,0,0,-22,0,0,0,-45,0,0,0,41,0,59,0,98,0,0
0,0,-47,18,0,0,0,0,0,0,94,0,-32,0,0,0,0,0,93,0
0,0,0,0,0,0,89,0,0,0,0,0,0,0,0,0,0,0,0,-86
-75,0,0,0,14,-90,0,0,0,-89,0,0,-20,0,-53,0,0,52,0,0
0,0,0,0,0,-93,0,0,0,0,0,0,0,0,0,0,0,0,0,-40
0,51,0,0,0,0,1,0,0,0,-44,0,0,0,-57,0,0,0,0,-32
0,0,-19,0,0,0,-1,54,-27,0,0,0,0,-26,0,0,0,0,0,0
-77,0,0,-29,0,0,0,0,0,0,0,0,0,0,0,0,0,0,99,-37
0,0,0,0,0,0,0,0,71,0,0,69,0,0,0,0,38,95,0,-77
-35,0,0,0,0,0,0,88,0,0,0,0,-22,0,0,62,0,0,0,0
-26,0,0,16,0,0,0,0,0,-40,0,0,0,0,0,0,46,105,0,0
0,20,-48,0,0,0,99,0,0,-42,99,0,-27,0,0,0,0,0,0,0
0,0,0,0,0,0,88,90,0,0,0,0,0,39,0,0,0,0,0,-85
0,27,-55,11,-9,0,95,0,0,0,97,64,0,37,0,0,0,0,93,-80
0,0,0,-35,17,0,-3,52,-33,0,0,0,0,0,0,-18,0,46,96,0
-74,44,-22,0,18,0,0,0,0,0,-39,0,-22,0,0,0,4,0,0,0
-77,0,0,-29,0,-95,1,0,0,0,-40,0,0,0,0,0,0,0,0,-35
0,0,0,0,0,-92,-4,54,0,0,0,19,0,0,0,0,0,0,91,0
-36,0,-49,0,0,0,0,0,0,0,0,0,0,41,0,0,0,0,0,0
0,0,0,0,0,0,0,54,0,-86,-40,0,0,0,0,0,5,0,0,0
0,0,-43,0,-12,0,0,0,66,0,0,0,0,40,0,0,36,97,0,0
0,0,0,0,0,-93,6,0,0,-86,0,0,0,0,0,0,0,0,0,0
-28,0,0,0,-12,-17,0,0,0,0,0,0,0,0,0,0,0,0,0,0
-71,0,0,0,0,-91,3,60,-29,0,0,0,-17,0,0,0,6,54,99,-28
-79,0,-19,0,0,0,0,0,-34,0,0,0,0,0,-54,0,0,51,89,0
0,0,0,0,0,0,0,0,0,0,0,0,-29,-29,0,-16,0,0,0,0
0,0,0,0,0,-99,0,0,-28,-91,-37,0,0,0,-58,0,5,0,0,0
0,0,0,0,0,0,0,0,0,-44,0,0,0,0,28,0,42,97,0,0
0,20,-46,0,0,0,0,0,0,0,0,0,0,0,0,0,44,0,0,0
-39,0,0,0,0,-21,0,0,71,0,0,0,0,0,0,0,0,95,98,0
-30,0,-44,0,0,0,0,0,0,0,0,0,0,0,0,0,0,0,0,0
0,0,0,0,0,0,89,0,0,0,0,0,0,0,0,0,0,0,0,0
0,0,0,0,0,0,92,0,0,0,0,0,0,0,0,0,0,0,0,-79
-74,0,0,-32,0,0,3,0,0,0,0,21,0,0,0,0,3,0,0,-28
-81,0,-19,0,0,-93,0,0,0,0,0,0,0,0,0,-16,0,0,0,-34
-75,50,0,0,0,0,0,0,0,0,0,0,0,0,-53,0,0,0,97,0
0,21,0,9,-11,-25,0,0,0,0,95,0,0,38,0,0,0,0,100,0
-79,0,0,0,0,0,-2,51,-33,0,0,0,-19,0,-60,0,-3,0,0,0
0,0,0,0,0,0,0,0,-29,-90,0,0,-20,-24,0,-15,8,48,0,-33
-76,43,-23,0,0,-97,0,0,0,0,-40,22,-23,0,0,0,0,0,0,0
0,48,0,-28,25,-97,0,0,0,-84,-41,0,0,-26,-62,-10,1,0,0,-36
0,0,0,0,0,0,92,0,0,-43,96,0,-21,0,0,0,0,0,98,0
0,0,-21,0,0,-91,0,0,0,0,0,0,0,0,0,0,0,0,93,0
0,47,0,-32,0,0,0,0,0,0,-40,0,0,0,0,-11,0,56,0,0
0,0,-45,16,0,-21,0,94,0,0,0,0,-30,46,30,0,0,0,0,0
-75,49,0,0,0,0,0,0,0,0,0,21,0,0,-56,0,0,0,0,-28
0,45,0,0,15,0,0,0,0,0,0,0,-24,0,0,0,0,0,0,0
-34,0,0,0,0,0,94,0,0,-42,0,0,0,0,0,64,36,97,0,-84
0,0,0,-30,0,0,0,0,0,0,-36,0,0,0,0,0,-6,0,0,0
0,47,0,-25,0,0,0,0,0,0,0,0,0,-26,-49,0,0,0,0,0
0,23,-49,0,0,0,0,0,0,0,0,0,-26,0,0,0,0,97,100,0
0,21,-49,0,0,-25,90,0,0,-45,0,0,-26,0,30,62,0,96,0,0
0,44,0,0,0,-95,0,0,0,0,0,0,0,-24,-59,0,0,0,93,0
-76,0,0,0,0,0,0,0,-34,0,0,0,0,-27,0,0,0,0,0,0
0,0,0,-35,0,-93,0,0,0,0,0,0,0,0,-48,0,0,0,94,0
0,0,0,0,0,-100,0,47,-33,0,-46,0,0,0,-60,0,0,51,0,0
0,16,0,0,-13,0,0,85,0,0,97,0,0,0,29,0,0,0,0,0
0,0,0,0,0,-23,0,92,70,0,0,0,0,0,0,0,0,0,0,0
0,44,0,0,0,0,0,0,0,0,0,0,-18,-32,0,0,4,0,0,0
-73,0,0,0,0,0,0,0,0,0,0,0,0,-23,-52,-14,6,0,0,0
-76,0,0,0,21,0,-2,53,-33,0,0,0,0,0,0,0,0,0,0,-33
0,0,-49,0,0,-27,97,0,0,0,0,0,-27,0,29,0,36,0,0,0
0,0,0,0,0,0,0,0,0,0,0,0,0,0,0,0,0,0,100,0
-77,0,0,0,16,0,0,53,0,0,-39,19,0,0,-53,0,3,0,0,0
0,0,0,0,19,0,-4,52,0,-89,0,0,0,0,0,0,5,0,95,0
-72,47,0,0,0,0,0,0,0,0,0,0,0,0,0,0,0,0,98,0
0,0,0,0,0,-89,0,0,0,0,-40,16,0,0,0,0,0,52,0,0
0,0,0,0,-14,0,94,0,0,-45,0,0,0,37,29,62,0,91,0,0
0,0,-48,8,0,0,93,0,0,0,0,0,-29,0,33,0,0,0,0,0
-35,0,0,0,0,0,0,0,0,-43,0,66,0,41,34,0,0,0,0,0
0,44,0,0,15,0,0,0,0,-86,0,23,0,0,0,0,0,47,0,-39
0,0,-22,0,0,0,0,0,-29,-88,0,0,0,0,0,0,4,50,0,0
-35,0,0,0,-9,0,90,92,0,0,0,70,-24,0,0,0,41,97,0,-76
0,44,0,0,0,0,0,0,0,0,0,13,0,0,0,-14,0,0,0,0
0,0,0,0,0,0,0,88,0,0,0,0,-27,0,29,0,0,0,97,0
0,26,0,0,0,0,0,89,0,-40,0,0,-21,0,0,62,0,97,0,-80
0,0,0,0,0,0,0,0,0,0,0,72,0,0,30,0,0,0,0,-82
0,0,0,9,0,0,89,0,0,-49,0,0,0,36,0,0,38,0,96,0
0,23,0,0,0,0,0,0,0,0,101,63,0,0,0,0,0,0,0,0
0,20,-50,0,-10,0,0,0,0,0,0,0,0,0,24,0,0,99,0,0
0,0,0,0,0,-88,0,0,0,0,-37,16,0,0,0,0,0,0,0,0
-34,0,0,10,0,0,93,0,0,0,0,0,-26,0,0,0,0,100,0,0
0,0,0,0,0,0,0,0,-30,-87,0,0,0,0,0,-11,0,0,0,-36
0,0,-21,0,0,0,0,0,0,-90,-37,21,0,0,0,0,0,0,95,0
-37,0,0,0,0,-25,92,0,67,0,0,0,0,0,27,0,34,0,95,0
-71,51,0,0,0,0,0,0,0,0,0,0,-20,0,-56,0,0,0,0,0
-82,0,0,0,0,0,0,0,0,-87,0,0,-19,-24,0,0,0,56,93,0
0,0,0,0,0,0,0,0,0,0,0,0,-19,0,0,0,0,0,0,-30
0,0,0,0,0,0,90,0,0,0,0,0,0,0,0,0,41,97,0,0
0,0,0,0,21,-94,0,51,0,0,-38,17,-19,-24,0,-13,0,0,0,0
0,0,0,4,-15,0,0,0,0,-39,0,0,0,0,32,0,0,0,98,0
0,47,-21,0,0,0,0,0,0,0,0,0,0,0,-56,-11,0,0,94,0
0,0,-43,0,0,0,93,0,0,0,96,71,0,48,0,62,0,0,0,-79
0,0,0,0,0,0,0,0,0,0,0,0,-18,0,0,0,0,0,0,0
0,0,0,-32,0,-94,0,0,0,0,0,0,0,0,0,0,0,0,0,0
0,0,0,0,0,0,89,0,0,0,0,0,0,0,0,0,0,0,0,0
-38,0,0,14,0,0,88,0,0,0,0,67,0,43,0,57,0,0,0,0
-34,0,0,0,0,0,0,0,0,0,100,0,0,44,0,63,0,0,100,0
0,26,0,8,-9,0,0,0,0,0,0,0,0,0,0,0,0,0,0,-79
-40,22,0,0,0,0,0,0,0,-47,94,0,0,38,23,67,0,0,0,0
-35,0,0,0,0,-20,88,0,70,0,0,0,0,0,0,63,35,0,0,0
0,18,-49,0,0,-22,91,88,0,0,0,0,0,37,0,0,36,0,98,0
0,21,-48,0,0,0,89,0,73,0,0,0,0,0,25,0,0,0,0,0
-30,0,0,0,0,-18,0,0,0,0,0,0,0,50,28,70,0,0,100,0
0,0,-23,0,0,0,0,0,-31,0,0,0,-22,0,0,0,0,0,0,-33
-75,0,0,0,0,-90,0,57,0,0,0,0,0,0,-50,-9,0,0,0,0
0,0,0,0,20,0,0,0,0,0,0,0,0,0,0,0,0,49,0,0
-42,20,-50,3,0,0,87,0,0,0,0,0,0,39,0,0,0,0,93,0
0,47,-21,0,0,0,-2,0,0,-83,-40,0,0,-23,-59,-11,0,0,0,0
0,46,-22,0,0,0,0,0,0,0,-37,0,0,0,0,0,7,0,95,0
0,49,0,-27,16,0,0,0,0,-88,0,0,-22,-27,0,0,0,0,99,0
0,41,0,0,0,0,0,0,0,0,0,0,0,0,0,0,0,46,0,-38
0,0,0,0,0,0,-3,0,0,0,0,0,0,0,0,-11,0,0,92,0
0,0,-54,9,-12,0,92,0,0,0,95,0,0,40,29,59,0,0,0,0
0,0,0,0,0,0,0,0,0,-45,96,0,0,0,31,0,0,98,0,0
0,0,-47,0,-15,0,0,0,0,-46,0,0,-28,0,0,0,0,0,0,0
-37,0,0,0,0,0,95,89,0,0,0,66,0,0,0,0,0,0,0,0
0,0,0,-28,0,0,0,48,0,0,-40,0,0,0,0,0,0,0,0,-34
0,45,0,0,0,0,0,0,0,0,0,0,0,0,0,0,0,0,0,-33
0,0,0,0,0,0,0,0,0,0,0,67,0,0,0,0,0,95,97,0
0,0,0,0,-12,0,0,92,0,0,0,0,0,45,31,0,42,101,0,0
-72,0,0,0,0,0,-1,0,-33,0,0,0,0,0,-57,-15,7,0,95,0
0,0,0,0,-5,-26,0,93,0,0,104,0,0,0,0,0,34,0,0,0
-70,42,-17,0,0,0,-1,0,0,0,0,0,0,-25,0,0,0,0,0,-36
0,0,-14,0,0,0,0,56,0,0,0,20,-18,-21,0,0,0,52,0,0
-75,45,0,0,19,0,0,0,0,0,0,0,0,0,0,0,6,0,96,0
0,0,-52,8,0,0,0,0,0,0,0,63,0,46,0,60,0,0,0,0
0,0,0,11,0,-23,0,0,0,-39,0,0,-25,41,0,62,40,0,0,-80
0,0,-52,0,-15,0,0,0,0,0,0,0,0,0,0,0,38,0,0,0
0,22,-43,0,-15,0,0,0,0,0,0,0,0,0,0,0,0,0,0,-84
0,0,-21,0,0,0,0,52,-26,-88,0,0,0,0,0,-13,5,0,0,0
0,45,-24,0,0,0,0,0,0,0,0,20,0,0,0,0,1,0,94,0
-37,22,0,0,0,0,94,90,0,0,0,0,-28,41,0,0,0,0,0,0
0,46,0,0,15,-94,0,0,-29,0,0,0,0,0,0,0,0,47,0,0
-78,0,0,0,18,0,0,0,0,0,0,0,0,0,0,0,0,0,0,0
0,0,0,0,20,0,0,0,0,-84,0,21,-22,0,0,0,0,0,0,-33
-33,0,0,0,0,0,92,0,0,-42,0,0,0,0,0,0,0,0,0,0
0,0,0,0,0,-21,0,0,0,0,95,69,0,0,0,61,0,0,93,0
0,0,0,0,0,0,0,0,72,0,0,0,-24,0,0,0,40,0,0,0
0,0,0,0,0,0,3,0,0,0,0,0,0,0,0,0,-6,52,0,-39
0,0,0,0,0,-89,0,0,0,0,0,0,0,-22,0,-19,0,0,95,0
0,0,-51,0,0,0,0,0,69,0,0,0,-27,0,0,0,0,0,97,0
-74,0,0,-25,17,-91,0,55,-29,-88,0,0,0,0,0,-9,2,0,97,-31
-35,0,0,0,0,0,0,89,0,0,0,0,0,0,0,0,40,0,0,0
0,0,0,0,24,-92,1,0,0,0,-38,18,0,0,-55,0,3,53,97,0
0,0,0,0,0,-20,93,0,0,0,0,69,0,0,0,0,0,0,0,0
-32,0,0,0,0,0,0,0,0,0,94,73,-24,44,0,0,0,0,96,-79
0,0,0,10,0,0,0,89,0,-40,0,0,0,0,0,0,0,0,0,0
0,0,0,-28,0,0,0,51,0,0,0,20,0,0,0,0,1,0,98,0
0,0,0,0,0,0,-4,51,-30,0,0,0,0,0,0,0,0,0,0,0
-35,29,0,0,0,0,0,0,0,-42,0,72,-21,0,0,0,0,0,0,0
0,0,0,0,0,0,0,0,-33,0,0,0,0,0,-55,0,-2,0,0,0
-37,0,0,8,0,0,0,90,0,0,98,0,-29,0,0,65,0,0,0,-81
0,0,0,0,21,-95,-1,50,0,0,-40,19,0,0,0,-14,4,50,0,-33
-71,0,0,0,0,0,0,0,0,0,0,25,0,0,0,0,0,0,0,0
-39,0,0,0,0,-20,85,0,0,0,0,0,0,0,0,0,0,0,98,0
-33,21,0,0,0,0,0,0,0,0,96,0,-23,0,0,60,0,0,99,-81
-75,0,0,0,0,0,0,0,0,0,0,0,-22,0,0,-14,0,0,0,0
-37,0,0,0,-10,0,0,0,0,-42,0,66,0,0,0,58,0,0,0,-80
-75,0,-23,0,18,0,0,0,0,-90,-47,18,0,-28,0,-18,0,0,0,0
0,0,-47,0,0,-25,0,0,0,0,0,0,0,44,0,65,0,0,99,0
0,0,0,0,0,0,0,0,0,0,0,0,0,-27,0,0,0,0,0,0
0,0,-18,0,18,-89,0,0,0,0,0,0,0,0,-55,-11,0,0,0,0
-39,0,0,0,-13,0,0,91,0,0,0,0,0,0,0,63,0,0,0,0
0,0,0,0,0,0,2,0,0,0,-40,0,0,0,0,0,2,0,0,0
0,0,-24,0,0,-95,0,0,0,0,0,0,0,0,0,0,0,0,0,0
0,20,-48,0,0,0,0,89,0,0,0,66,0,46,0,57,0,0,0,0
-71,0,0,0,0,0,0,0,-23,0,0,0,0,0,0,0,7,52,0,-32
0,0,0,0,0,0,0,0,0,-86,-36,18,0,0,0,0,0,0,0,-31
0,47,0,0,18,0,0,0,0,0,0,0,0,-20,-59,0,0,0,0,-38
0,0,0,0,0,0,0,0,0,0,0,0,0,0,0,0,4,0,0,0
0,49,0,-31,0,0,0,0,0,0,0,0,0,-19,0,0,0,56,0,0
0,45,0,0,0,0,0,0,-28,-89,0,0,0,-27,0,0,0,0,0,0
0,0,0,0,0,0,0,0,-30,0,0,24,-21,0,0,0,1,0,0,0
0,21,0,12,-17,-21,0,0,0,-43,0,68,0,0,0,65,0,0,102,0
0,0,0,0,0,0,86,87,70,0,0,0,0,0,0,0,36,0,91,0
0,0,0,0,0,-19,0,0,0,-40,0,0,0,45,0,0,0,0,0,0
0,18,-47,0,-13,0,95,0,68,0,0,67,0,40,0,0,0,95,94,0
0,0,0,0,0,0,0,0,0,0,0,0,0,-26,0,-10,0,0,0,0
0,0,0,0,0,0,0,0,0,0,-40,0,-16,-27,0,0,0,0,0,0
0,24,0,0,0,-21,0,0,0,0,0,76,0,0,0,0,0,0,0,-78
-35,0,0,0,0,-16,91,0,74,0,107,0,0,44,32,69,0,0,0,0
-77,43,0,0,0,-94,0,0,0,-90,0,0,0,0,0,-18,0,46,95,0
0,0,0,0,0,-18,0,0,0,0,0,66,0,0,0,0,0,0,0,0
0,50,0,0,0,0,0,0,0,-82,-41,0,0,-26,-51,0,0,0,0,0
0,46,0,0,20,0,0,0,0,0,0,0,0,0,0,0,0,0,97,-33
-80,0,0,-32,0,0,0,0,-33,0,0,0,0,0,-53,0,3,0,0,0
0,0,0,0,0,0,0,0,0,-42,0,0,0,0,29,0,0,0,0,-82
-34,0,0,0,0,0,0,88,72,0,96,0,0,0,0,0,38,95,0,-83
-80,46,0,0,17,-92,0,50,0,0,0,0,0,0,0,-17,0,0,95,0
-39,0,0,0,-16,0,0,0,69,0,0,0,0,0,0,63,0,0,0,-88
0,0,0,0,0,0,0,0,0,-87,-37,16,-21,0,0,0,0,49,0,0
0,45,0,0,0,0,0,49,-31,-84,0,0,0,-27,-51,-11,4,0,95,0
-35,0,-45,10,0,0,92,0,0,0,0,69,0,41,29,67,0,99,0,0
-75,51,0,0,0,-86,0,55,0,0,0,0,0,0,0,-12,0,0,0,0
0,0,0,-34,17,-94,1,0,-30,-85,0,0,0,-25,0,0,0,0,0,-34
0,0,0,0,22,0,0,0,-27,0,0,15,0,0,0,0,0,0,0,-34
0,0,0,0,-8,0,93,90,0,0,0,63,0,0,0,0,0,0,0,0
0,0,-47,0,0,0,0,0,0,0,0,66,0,39,0,0,38,0,0,-85
0,0,0,0,0,0,0,0,0,-88,0,0,0,0,-52,-12,0,0,0,0
-80,0,0,0,20,0,0,0,0,0,0,23,0,-23,0,-14,6,0,0,0
0,0,-49,0,0,0,89,0,0,0,0,0,0,0,0,60,0,96,0,0
0,0,0,0,0,0,0,0,75,0,99,0,0,0,0,59,43,0,0,-80
0,0,-53,0,-16,-21,0,85,67,-55,95,63,0,34,0,0,33,0,0,0
0,21,0,0,-9,0,0,0,0,0,0,68,0,0,0,59,37,0,0,-79
0,0,0,0,22,0,0,0,0,0,0,0,0,-23,-51,-9,0,0,0,-35
0,23,0,0,0,0,0,0,0,0,98,74,-25,0,30,0,0,0,0,0
0,0,0,0,21,0,0,0,0,-83,0,0,0,0,-55,0,0,53,0,-28
-39,0,0,0,0,0,95,89,0,0,0,0,0,0,0,0,0,0,0,-81
0,0,0,0,0,0,89,0,0,0,0,67,0,0,0,0,0,0,94,0
-76,45,0,0,16,0,0,0,0,0,0,0,0,0,0,-15,0,52,0,0
-33,21,-47,0,0,0,99,92,0,0,99,0,-31,0,30,0,0,96,0,-77
0,18,0,0,0,-19,0,90,0,-46,0,0,0,0,0,59,0,97,0,0
-74,0,-20,0,0,0,0,53,0,0,0,0,-16,-22,0,0,0,0,0,0
0,44,-22,0,0,0,0,0,-30,0,0,0,0,-26,-55,0,0,0,0,-36
0,0,0,0,0,0,-4,51,0,0,-36,0,0,-22,0,0,0,55,0,0
0,26,0,0,0,0,90,0,0,0,0,0,0,46,0,64,0,0,95,0
0,0,0,0,0,0,92,88,0,0,0,72,-22,0,0,0,0,0,0,0
0,48,-22,0,20,0,-2,0,0,-89,-40,22,-21,0,0,0,0,0,0,0
0,0,0,0,-10,-18,97,95,0,0,0,0,0,43,0,0,0,0,0,0
-79,0,-24,0,0,-92,0,0,0,0,0,18,-22,0,0,0,0,53,0,0
0,0,0,0,0,-92,-3,52,0,-90,-39,18,0,0,0,0,0,0,0,-34
0,0,0,0,0,0,0,0,72,0,97,0,0,0,30,62,0,0,0,0
0,0,0,0,-18,-25,92,0,0,0,0,0,0,0,30,0,0,0,0,0
0,0,0,0,-8,0,95,0,0,0,0,69,0,41,0,0,0,0,0,-80
0,0,0,0,0,0,0,0,0,0,99,0,-21,0,0,0,41,0,0,0
0,52,-20,0,0,0,0,0,0,0,0,22,-24,0,-55,0,0,0,0,0
0,0,0,0,0,0,0,0,-30,0,0,0,0,0,0,0,9,50,0,0
0,0,-18,-29,19,0,0,50,-30,0,0,0,0,0,0,0,0,0,0,0
0,0,0,0,0,0,0,0,72,0,0,0,0,0,0,0,0,0,0,0
0,0,0,-29,0,-90,0,0,0,0,0,0,0,0,0,-12,0,49,95,0
0,49,0,0,21,-89,0,55,0,-88,0,0,-14,-24,0,-14,1,51,0,0
-75,0,-23,0,0,0,0,0,0,0,0,0,0,0,0,-12,0,0,0,0
-79,0,0,0,0,0,0,0,-27,0,0,0,0,0,0,0,0,0,0,0
0,22,0,9,-5,0,90,0,75,0,0,0,0,37,0,0,0,94,0,-78
-36,0,-52,0,0,0,0,0,0,0,0,0,-29,39,0,0,0,0,92,0
0,0,0,0,0,-92,0,0,-34,0,0,0,-20,0,-51,0,0,0,0,0
0,0,0,5,0,-22,85,0,0,-46,0,70,0,0,28,0,0,0,0,0
0,0,0,-29,21,0,0,0,0,0,-39,0,0,0,-56,0,0,0,0,0
0,0,-16,-30,27,0,0,0,0,-86,0,0,-16,0,-56,0,0,0,0,-32
0,18,0,0,0,0,0,0,0,0,0,0,0,0,0,0,0,0,0,-81
-32,0,-49,0,0,-17,97,0,0,0,99,69,0,0,0,0,0,98,0,0
0,0,0,0,0,0,0,90,0,0,0,0,0,0,0,57,0,0,0,-85
-36,20,-49,8,0,-25,0,0,0,0,0,66,0,0,0,0,0,95,94,0
0,21,-43,0,0,-21,0,92,72,0,97,0,0,42,0,60,0,0,0,0
-37,25,0,0,-16,0,0,86,0,0,0,0,0,0,0,0,0,0,0,0
0,0,0,10,0,0,0,0,0,-43,94,0,-26,0,0,63,40,0,0,-77
0,0,0,0,0,-25,0,88,66,0,96,69,0,0,0,0,0,99,0,0
0,0,0,0,-16,-22,0,0,0,0,98,0,0,0,0,54,0,0,0,0
0,0,0,0,0,0,0,0,68,0,0,0,0,44,0,0,34,0,0,0
0,0,-49,0,0,0,0,0,0,0,97,67,0,0,0,0,39,0,0,-79
0,44,-18,0,18,0,0,0,-35,-85,-42,17,0,-25,-57,0,0,0,0,-35
-70,0,0,-31,0,0,0,0,-27,-87,0,17,0,0,0,0,1,56,0,0
0,48,0,0,17,0,0,0,0,0,0,0,0,0,-57,0,0,0,0,0
0,0,0,0,0,0,0,0,0,0,0,15,0,0,0,-16,0,0,0,0
0,0,0,0,-12,0,0,90,0,0,97,60,0,0,25,0,0,0,0,0
0,0,0,10,0,-21,91,0,0,0,0,0,0,44,0,0,38,99,0,0
0,0,0,0,0,0,0,52,0,0,0,19,0,0,0,-15,0,0,0,0
0,0,-17,0,0,0,0,50,-31,0,0,0,-19,0,-54,0,0,0,0,0
0,0,0,0,0,0,0,0,0,0,0,62,0,42,0,0,0,0,0,0
-83,0,0,-35,0,0,0,0,0,-83,0,0,0,0,-58,0,3,0,0,0
0,0,0,0,0,0,0,0,0,-46,0,0,0,0,0,0,0,0,0,0
-37,0,-49,0,0,0,0,90,71,0,99,0,0,0,31,60,0,0,0,0
0,0,0,0,0,0,0,0,0,0,95,0,-29,0,0,0,0,95,0,0
0,0,-46,0,-15,-23,0,0,0,0,0,0,0,42,0,65,38,0,0,0
0,0,0,0,-14,0,0,0,75,0,0,0,-24,42,0,0,0,0,0,-84
-72,0,-21,0,0,0,0,0,0,-87,-42,20,0,0,-57,-16,-1,55,0,0
0,0,-47,0,0,0,90,0,71,0,0,0,0,38,0,0,0,95,0,0
-72,0,0,0,0,-92,0,0,-30,0,0,18,0,0,0,0,0,0,92,0
-30,0,0,0,0,0,0,0,0,0,0,0,0,0,0,0,0,100,0,0
0,22,0,0,0,0,91,0,0,-43,0,0,0,0,0,60,38,0,0,0
-30,0,0,0,-11,0,0,0,0,0,0,69,-31,0,0,59,0,0,0,0
-38,21,0,10,0,0,90,0,68,0,89,0,0,0,0,58,0,0,0,0
0,0,0,0,0,-92,-3,54,-29,-88,0,0,-23,0,0,-14,0,0,0,-32
0,46,0,0,0,0,0,55,0,0,-39,0,0,0,-53,0,0,53,0,0
0,0,-51,12,0,0,0,0,67,0,99,0,0,0,0,0,40,0,0,0
0,24,-42,0,0,0,0,0,75,0,0,69,0,0,0,0,0,0,93,0
0,0,0,-30,0,0,-1,54,0,0,-41,0,0,0,0,0,0,50,92,0
0,0,0,0,0,-16,0,0,68,0,0,0,0,0,32,0,0,95,0,0
-67,0,0,0,23,0,-5,0,-26,0,-35,0,-22,0,0,0,0,0,0,0
0,0,0,0,-8,0,0,0,0,0,0,0,0,0,0,0,0,0,0,0
0,0,0,0,0,0,0,0,65,0,92,0,0,0,0,0,0,0,0,0
0,23,0,0,0,0,0,0,0,0,0,0,0,39,0,0,0,0,0,-81
0,47,0,0,24,0,0,0,0,0,0,0,0,0,0,0,6,0,0,-29
0,0,0,-37,16,-100,0,0,0,0,0,16,0,-29,-64,-18,-2,49,0,0
0,0,0,0,0,0,0,0,0,-89,0,0,0,0,0,0,0,0,0,0
0,41,0,0,0,0,0,51,-32,0,-45,0,0,-31,-57,0,-2,47,0,-36
-38,19,0,0,0,0,0,0,71,0,0,0,0,0,31,0,37,0,0,0
0,0,0,0,0,0,0,51,0,0,0,0,0,0,0,-15,4,0,0,0
0,0,-23,-34,18,0,-2,0,-30,-90,0,15,0,-26,-60,-17,0,0,0,0
0,0,0,0,0,0,0,54,0,-88,0,0,0,0,0,-9,4,54,94,0
-77,0,-25,0,0,-93,0,51,-32,-89,0,0,0,0,0,0,0,0,0,0
0,0,0,-26,0,0,0,0,0,0,0,0,0,-20,0,-17,11,0,0,0
0,0,0,0,0,-89,0,0,0,0,0,0,0,-21,0,-17,6,0,93,0
-28,0,-47,0,0,0,0,0,0,0,99,71,-27,0,0,0,0,0,0,0
0,0,0,0,0,-21,0,90,0,0,0,0,-30,0,0,0,0,0,0,0
0,0,-20,0,0,0,0,52,0,0,0,0,0,0,0,0,0,0,0,0
0,43,0,0,0,0,0,0,-29,0,0,0,0,0,-57,0,0,0,95,0
0,0,-20,0,0,0,0,53,0,0,0,15,0,0,0,-16,0,0,0,0
-33,0,-51,0,0,0,0,89,0,-41,0,70,0,45,0,67,0,0,0,0
0,0,-49,0,0,-22,0,0,75,0,0,70,0,0,0,0,0,99,0,-84
0,0,-21,-30,0,-95,0,57,0,0,0,14,0,0,0,-13,1,0,0,0
0,27,0,0,0,0,96,0,0,-44,0,0,0,0,0,0,37,0,96,0
0,0,0,0,0,0,0,0,0,0,0,0,-27,0,0,62,0,0,0,-91
0,0,0,0,0,-21,0,0,0,0,0,0,0,0,0,0,0,0,0,-84
-76,0,0,0,0,0,0,0,0,0,0,0,0,0,-60,0,2,0,0,0
0,0,-28,0,0,0,0,0,0,0,0,0,0,0,0,-16,0,0,91,-38
0,27,0,11,-11,-20,0,0,0,0,0,0,0,0,0,0,0,0,0,0
0,0,0,8,0,0,0,0,0,0,0,0,0,38,29,0,0,0,0,0
0,0,-45,0,0,0,94,0,76,0,0,72,0,0,0,0,0,0,98,0
0,20,0,0,0,0,92,89,0,0,0,0,0,0,34,56,0,0,98,0
0,0,0,0,0,0,0,0,0,0,0,68,-29,0,0,65,0,0,0,0
-37,0,0,0,0,0,0,0,72,0,0,70,0,0,0,0,0,0,96,0
0,0,0,4,0,0,86,0,0,0,0,62,0,0,25,0,41,0,0,0
-75,0,0,0,0,-95,0,0,0,0,-42,0,-19,-24,-56,0,0,51,0,-34
0,0,0,0,0,-94,0,0,0,0,0,15,0,0,0,0,0,49,0,-38
0,0,0,0,0,-92,0,51,0,0,0,0,-21,0,0,-19,1,0,0,-34
0,0,0,0,0,0,0,0,0,0,0,0,0,0,0,0,0,0,0,0
0,0,0,17,-9,0,96,0,0,0,0,0,0,0,0,0,0,0,0,-79
0,0,0,0,0,0,93,0,69,0,0,68,0,0,0,0,0,0,0,0
0,0,0,0,0,0,0,48,-33,0,0,13,0,-21,0,0,0,0,0,0
0,0,0,0,0,0,0,0,-29,0,0,19,0,0,-58,0,1,0,0,-37
0,0,0,0,-8,0,0,95,75,0,0,0,0,45,0,0,0,0,0,0
0,0,0,0,24,0,0,0,0,0,0,0,0,-23,0,-14,0,0,0,0
-74,0,-23,-28,0,-94,0,0,0,0,0,0,0,0,-55,0,0,0,96,0
0,0,0,0,0,0,0,0,0,0,-42,17,0,-30,0,0,0,0,0,0
0,0,0,0,0,0,0,0,-34,-93,0,0,-24,0,0,0,0,0,0,0
-40,0,0,0,0,0,0,0,0,0,98,0,0,0,28,0,0,0,0,0
0,0,-21,0,0,0,0,46,0,-86,0,0,-25,0,0,0,0,0,0,0
0,47,0,0,0,0,0,0,0,0,0,0,0,0,0,0,3,55,0,0
0,0,0,0,0,0,0,0,0,-46,0,0,-26,0,0,64,0,0,0,-82
0,0,-46,12,0,0,93,0,72,0,0,72,-28,0,0,0,36,100,95,0
-80,0,0,0,0,0,0,0,-28,0,-38,0,0,-25,0,0,0,0,0,-30
0,0,0,0,0,0,0,54,0,-83,0,0,0,-18,0,0,0,0,0,0
0,46,0,0,22,0,0,0,0,-87,0,0,0,0,0,0,5,0,0,0
