0.0,0.0,0.0,3.2918,0.0,0.0,0.0,0.0,0.0,0.0,-1.5447,0.0,0.0,0.0,0.0,2.2149,0.0,0.0,1.9991,0.0
0.0,0.0,0.0,0.0,1.8374,0.0,2.2726,0.0,0.0,0.0,3.4517,0.0,0.0,-1.7439,-2.9907,0.0,0.0,0.0,0.0,0.0
0.0,0.0,0.0,2.3244,-4.2381,0.0,0.0,-3.4884,0.0,-1.6565,0.0,0.0,0.0,0.0,-4.0087,0.0,-2.7881,0.0,-3.0937,2.225
0.0,3.5099,0.0,-1.8863,2.3657,0.0,0.0,0.0,0.0,-3.3238,0.0,0.0,3.2879,-3.3373,0.0,-1.962,0.0,2.1957,-2.4457,0.0
0.0,0.0,0.0,0.0,0.0,0.0,0.0,0.0,0.0,-2.5424,0.0,0.0,0.0,-3.0251,-2.0895,0.0,0.0,7.0422,-2.3719,2.1472
0.0,0.0,-2.1164,0.0,0.0,-2.3899,0.0,0.0,0.0,0.0,0.0,0.0,-2.3448,0.0,0.0,0.0,1.6174,1.5336,-2.4539,1.9059
0.0,-3.7004,2.6888,0.0,-3.1738,3.4008,2.4503,0.0,0.0,2.9075,-2.9333,0.0,0.0,0.0,-3.5775,1.8562,0.0,0.0,2.8515,0.0
0.0,0.0,0.0,-4.2249,0.0,0.0,0.0,0.0,1.6874,0.0,0.0,0.0,0.0,0.0,0.0,-3.307,0.0,3.394,-1.8342,0.0
0.0,-1.6756,1.9393,0.0,-3.2653,2.7702,0.0,0.0,0.0,5.2227,-1.6254,0.0,0.0,0.0,3.367,0.0,-1.5711,2.3404,0.0,1.6619
0.0,0.0,2.9246,0.0,-2.835,-1.6943,0.0,0.0,0.0,0.0,0.0,0.0,3.3967,0.0,0.0,-1.5811,3.4841,0.0,3.3551,0.0
-2.4614,-3.614,0.0,0.0,0.0,0.0,-2.2099,0.0,0.0,0.0,2.4992,0.0,0.0,0.0,0.0,0.0,0.0,2.9277,0.0,2.548
0.0,-2.171,0.0,0.0,3.7773,0.0,0.0,-2.004,-3.0687,0.0,-3.7499,0.0,0.0,0.0,0.0,0.0,-3.7467,3.4322,0.0,0.0
-3.3575,0.0,0.0,-3.1217,0.0,0.0,1.7193,5.5662,0.0,-1.9303,0.0,-2.9447,-3.214,-3.3763,0.0,-4.4659,0.0,0.0,4.8591,-4.9032
2.5873,0.0,-2.5123,0.0,0.0,-3.4939,0.0,1.8174,0.0,1.8661,0.0,0.0,0.0,0.0,0.0,0.0,0.0,0.0,0.0,1.7519
0.0,0.0,0.0,-1.917,1.5858,2.6755,0.0,0.0,0.0,2.3248,0.0,1.6808,-1.8077,0.0,-1.8575,0.0,-3.7473,0.0,0.0,0.0
0.0,0.0,0.0,-1.723,-1.7483,0.0,0.0,-2.0531,1.5093,-2.1328,-2.3411,-3.629,0.0,-2.1762,0.0,0.0,0.0,-4.1104,0.0,0.0
-3.2042,0.0,0.0,0.0,1.6172,3.4139,0.0,0.0,-2.2003,0.0,2.4271,0.0,0.0,3.0801,0.0,0.0,0.0,0.0,1.9275,0.0
0.0,1.8538,-1.6553,5.8561,0.0,0.0,2.307,-4.7279,-3.5228,-2.4398,0.0,0.0,0.0,-3.1493,0.0,0.0,0.0,1.7362,-2.738,-2.1356
2.6658,1.7675,3.0665,2.7748,0.0,0.0,0.0,-1.8194,2.3917,0.0,1.5914,0.0,1.6898,0.0,-1.7375,0.0,0.0,0.0,-1.5349,0.0
0.0,1.816,-2.7743,3.0642,0.0,-1.5981,2.4243,0.0,0.0,-1.5501,-2.6062,-2.7736,-1.7574,0.0,1.8339,0.0,-2.8685,-2.8376,0.0,-2.1565
0.0,0.0,0.0,0.0,0.0,0.0,-1.9658,-1.5749,2.2157,0.0,1.5933,-2.0385,-2.2944,0.0,0.0,4.0497,2.1792,-2.6818,-2.1925,0.0
2.5593,0.0,0.0,2.9984,-2.5747,0.0,-1.9907,0.0,0.0,-1.573,1.9858,-2.4848,0.0,1.5477,-2.6482,0.0,-1.5819,0.0,0.0,0.0
4.5583,-1.6548,2.9942,-2.9178,0.0,-1.7506,0.0,-2.6081,-2.6006,0.0,0.0,0.0,-2.1341,3.2897,0.0,-1.6496,0.0,0.0,0.0,-2.6599
2.1174,-3.9242,0.0,3.3709,-1.9748,0.0,0.0,-1.7988,0.0,0.0,0.0,0.0,-3.0214,1.7186,0.0,2.2164,1.9947,2.7153,0.0,0.0
0.0,0.0,-2.6228,0.0,0.0,0.0,2.497,3.6593,0.0,2.1395,0.0,0.0,0.0,0.0,0.0,0.0,0.0,0.0,0.0,2.2584
2.9017,0.0,-2.3343,-2.162,0.0,0.0,1.9388,0.0,-1.8308,0.0,0.0,1.5666,-1.6293,0.0,2.7747,-4.1233,0.0,-3.0685,-2.338,0.0
-3.0452,0.0,4.3286,0.0,0.0,0.0,0.0,0.0,0.0,0.0,-1.6164,1.8251,-2.7024,-2.7737,2.2146,0.0,0.0,-1.6678,3.0744,2.9173
0.0,0.0,2.5266,4.1122,0.0,0.0,-2.4003,2.2171,0.0,0.0,0.0,1.9764,0.0,-3.2741,2.6849,0.0,-1.9553,0.0,0.0,0.0
-1.7728,0.0,0.0,0.0,1.5678,0.0,0.0,-2.0184,2.111,4.3494,-1.6046,3.6646,2.0465,-1.9699,3.6159,0.0,0.0,0.0,0.0,2.3769
3.3611,0.0,0.0,0.0,0.0,-2.2323,0.0,1.8026,-2.39,0.0,0.0,0.0,0.0,0.0,-1.9574,0.0,0.0,0.0,3.2068,0.0
-3.4505,0.0,-1.5234,0.0,0.0,2.2263,0.0,-2.3605,0.0,0.0,4.1082,-1.5725,0.0,0.0,0.0,3.8207,0.0,0.0,1.7693,-1.636
-2.923,0.0,1.9012,1.9261,-3.8558,2.3901,1.88,0.0,-2.8225,0.0,2.4095,-2.927,-1.8719,0.0,0.0,0.0,-1.6271,-3.8647,0.0,0.0
0.0,0.0,0.0,0.0,-3.065,4.301,0.0,-3.9681,-2.5888,0.0,0.0,-1.9737,-4.9589,0.0,2.0699,-1.628,2.959,3.3499,0.0,0.0
-4.8782,-3.2566,2.1175,0.0,0.0,0.0,0.0,-2.8121,1.6968,1.5093,0.0,0.0,2.1256,0.0,0.0,0.0,2.7534,2.455,0.0,0.0
-4.0265,3.6027,0.0,0.0,0.0,0.0,3.3305,-3.3435,2.4433,-2.9638,0.0,-2.2087,-1.5586,0.0,0.0,-3.0477,-3.5297,0.0,0.0,-1.878
0.0,5.6069,-1.6163,-2.3228,-1.7956,0.0,3.449,2.6334,0.0,0.0,0.0,0.0,1.5854,0.0,0.0,0.0,1.6111,0.0,0.0,1.6107
0.0,0.0,0.0,-3.8917,2.7941,1.5098,0.0,1.8048,0.0,-3.0186,-2.3252,0.0,0.0,0.0,0.0,0.0,0.0,0.0,4.4318,0.0
0.0,-4.7393,-4.2243,-1.6659,0.0,-2.7948,4.4551,1.7212,0.0,-3.2831,2.1671,-2.9523,-2.1314,0.0,2.1609,0.0,-2.404,-1.8125,2.7549,0.0
0.0,0.0,3.9235,-2.1241,0.0,1.6723,-2.2472,0.0,-1.7427,1.9631,0.0,-4.3186,0.0,2.106,1.6458,1.8388,0.0,-2.5348,1.8658,3.06
-2.2642,0.0,-2.4936,0.0,0.0,0.0,-4.353,0.0,0.0,0.0,2.9907,0.0,0.0,0.0,-1.95,0.0,2.8125,1.9995,-2.2418,0.0
0.0,0.0,4.8216,0.0,-1.5751,0.0,0.0,1.756,0.0,0.0,0.0,-4.0438,0.0,0.0,0.0,0.0,0.0,-2.0296,-3.6236,1.5461
-2.3786,3.5481,-2.3325,0.0,-3.7563,3.8115,0.0,-2.5431,0.0,-1.9569,0.0,3.8787,0.0,-1.77,2.0173,-3.6439,2.1527,1.8389,0.0,0.0
2.407,2.3292,-3.3497,0.0,2.7513,0.0,0.0,0.0,0.0,0.0,-2.0177,2.3817,4.6116,0.0,-3.3251,-1.6145,0.0,0.0,-3.6386,0.0
0.0,1.8429,0.0,2.5881,-4.7294,0.0,-3.2993,0.0,0.0,0.0,0.0,0.0,0.0,2.0777,0.0,-1.6355,2.7189,0.0,0.0,0.0
0.0,0.0,0.0,0.0,0.0,0.0,0.0,0.0,0.0,0.0,0.0,-2.7998,3.8024,-2.8903,-2.2107,1.8575,0.0,3.2827,-2.3702,0.0
0.0,0.0,0.0,-1.5064,0.0,0.0,0.0,0.0,0.0,-1.7109,0.0,0.0,-1.9744,1.6092,0.0,0.0,2.2023,0.0,0.0,0.0
0.0,-2.8509,0.0,1.5274,-1.9594,-1.8671,2.3124,0.0,1.7629,2.7368,3.3513,0.0,0.0,0.0,0.0,3.2897,-3.7285,0.0,-3.302,0.0
2.705,0.0,0.0,0.0,-3.222,0.0,-2.1622,1.8435,0.0,-4.0892,1.8806,0.0,0.0,0.0,0.0,-1.9211,0.0,-3.4662,0.0,0.0
0.0,0.0,3.6179,0.0,0.0,0.0,0.0,0.0,0.0,0.0,1.7635,0.0,0.0,0.0,0.0,3.8651,2.3727,2.2992,-2.5111,-2.896
0.0,0.0,2.4486,2.4527,0.0,4.4001,0.0,1.5842,0.0,0.0,0.0,-3.0638,0.0,0.0,0.0,0.0,0.0,-3.8051,-5.1093,2.2095
0.0,2.3603,0.0,3.4564,-1.7085,0.0,2.1047,0.0,0.0,0.0,-3.706,-3.643,0.0,2.1474,-2.7227,1.9637,0.0,5.6023,2.2,-4.005
0.0,0.0,0.0,3.9312,2.5196,0.0,0.0,0.0,2.2496,0.0,0.0,0.0,-1.9168,0.0,3.913,-7.1775,0.0,0.0,0.0,0.0
0.0,0.0,0.0,0.0,-2.8279,0.0,0.0,2.7812,0.0,0.0,1.8128,4.4437,0.0,1.6242,0.0,-2.0773,4.117,3.9738,0.0,0.0
1.8154,0.0,0.0,1.9252,0.0,5.2911,1.702,0.0,-2.2085,0.0,0.0,0.0,0.0,0.0,-4.1645,-3.558,-3.6173,0.0,1.5841,-1.8415
-2.9061,0.0,5.159,2.2344,0.0,4.3888,0.0,0.0,-1.6844,0.0,0.0,0.0,-2.2984,-3.671,0.0,0.0,0.0,0.0,2.0959,1.6605
3.2701,-2.2447,-1.5391,-4.7959,0.0,0.0,0.0,0.0,-3.4572,-2.834,2.3374,0.0,0.0,0.0,-1.7654,0.0,0.0,-2.3566,0.0,-2.5591
0.0,-2.093,2.9534,1.9905,0.0,0.0,0.0,0.0,0.0,2.3152,2.7875,-1.8187,0.0,0.0,-3.6011,-2.4375,1.6317,-2.3514,0.0,0.0
0.0,0.0,0.0,1.8016,2.2674,0.0,0.0,-3.743,0.0,2.8235,0.0,-4.8541,0.0,0.0,-2.1608,-2.035,-1.5656,0.0,0.0,2.1476
0.0,0.0,-2.1868,-2.3275,0.0,0.0,0.0,0.0,2.2392,2.2551,2.719,0.0,2.5326,0.0,-1.845,0.0,0.0,0.0,0.0,-1.7208
-1.6894,0.0,0.0,0.0,0.0,0.0,0.0,0.0,-1.9148,0.0,0.0,-1.5321,0.0,-2.9727,2.7642,2.3334,0.0,0.0,0.0,-1.9209
0.0,0.0,-1.9457,-5.0525,0.0,0.0,0.0,0.0,0.0,0.0,0.0,0.0,0.0,2.0064,0.0,1.787,-2.4047,0.0,-4.9584,5.5109
0.0,2.4997,0.0,-3.3138,-3.3812,3.4629,3.2491,-1.5329,2.1669,0.0,-4.2777,-3.6131,0.0,-3.6817,0.0,0.0,1.822,0.0,-3.329,0.0
0.0,0.0,0.0,-3.8483,-1.5149,0.0,0.0,-1.8567,0.0,-1.5493,0.0,0.0,0.0,0.0,0.0,4.1074,0.0,0.0,-1.7083,1.8447
-2.1269,-1.5158,0.0,-2.5836,0.0,0.0,0.0,0.0,-3.5488,0.0,-1.6763,1.912,2.6976,0.0,-2.1599,0.0,0.0,-1.7516,1.6172,0.0
0.0,-3.9851,2.7161,4.2816,0.0,0.0,0.0,0.0,0.0,0.0,-1.5574,0.0,0.0,0.0,0.0,-2.8262,-2.5301,0.0,-1.8308,0.0
4.2861,-1.8868,0.0,0.0,0.0,2.4942,0.0,2.6711,2.4725,0.0,-1.8524,-3.6963,0.0,-3.003,0.0,0.0,0.0,0.0,0.0,0.0
0.0,-2.3771,0.0,2.239,1.5551,-2.3792,-2.7414,-2.3412,0.0,-1.5814,0.0,2.6829,0.0,0.0,-1.6055,0.0,0.0,0.0,0.0,2.1995
-1.9403,0.0,0.0,-3.8176,0.0,-2.1461,0.0,0.0,-2.0912,-2.3592,0.0,1.7231,0.0,0.0,-3.9118,0.0,2.2133,2.7625,-1.5407,0.0
0.0,-1.5892,0.0,0.0,-2.1392,0.0,1.5229,-2.7304,0.0,0.0,-3.6785,2.0333,2.5871,0.0,-2.1594,-3.7053,0.0,4.1448,0.0,3.7516
0.0,-3.5524,-1.9173,0.0,0.0,1.5071,-2.7609,0.0,0.0,-2.4157,-2.0845,0.0,-2.7918,0.0,4.076,0.0,0.0,-1.9025,0.0,-1.5749
2.1134,-1.8533,3.1147,0.0,3.6543,0.0,-1.6471,-2.2495,0.0,0.0,0.0,0.0,1.561,-1.573,-1.8196,0.0,-1.7225,-2.4749,-2.2331,0.0
0.0,3.0947,2.9261,0.0,0.0,0.0,0.0,0.0,1.5261,2.0895,1.9385,4.3825,0.0,0.0,0.0,0.0,0.0,0.0,3.081,0.0
2.1213,0.0,0.0,0.0,0.0,0.0,0.0,0.0,0.0,0.0,0.0,2.6054,3.0554,0.0,-2.6773,-1.5528,0.0,-2.0216,0.0,0.0
0.0,0.0,0.0,0.0,3.0547,0.0,0.0,2.6617,0.0,0.0,0.0,4.2529,1.8478,3.783,-3.254,-3.2455,0.0,3.1394,0.0,-2.883
2.2219,-1.5954,-4.5609,-3.0041,0.0,3.7407,2.1395,0.0,0.0,0.0,-4.5421,3.2843,-2.4264,0.0,3.456,0.0,0.0,-2.7106,0.0,0.0
0.0,2.829,0.0,0.0,-2.2229,-1.9117,1.8228,0.0,-3.2318,-2.9222,0.0,-3.143,0.0,0.0,1.5943,0.0,0.0,1.7136,-1.7804,0.0
0.0,-4.0053,1.5643,2.8849,0.0,-3.7687,0.0,-3.4637,-2.5289,0.0,0.0,0.0,3.0061,0.0,0.0,0.0,0.0,3.0492,0.0,3.024
0.0,0.0,-2.1138,2.4714,-2.3822,-2.3447,-2.6349,0.0,0.0,0.0,0.0,0.0,0.0,2.2493,-3.9954,-2.7684,-2.5666,-2.7247,-2.5993,-2.9895
0.0,-4.1263,0.0,4.0315,1.842,3.1836,-3.4691,0.0,0.0,2.1213,-2.4556,3.6822,0.0,0.0,0.0,-4.1103,0.0,0.0,0.0,0.0
3.265,-3.1559,1.9319,0.0,3.3858,2.6229,0.0,0.0,-2.0041,0.0,0.0,0.0,1.9117,2.1737,0.0,0.0,2.4728,-1.6792,0.0,2.4088
-2.4609,-2.7998,0.0,-2.9357,-1.8881,-1.5838,0.0,0.0,0.0,-4.0952,-3.0561,0.0,0.0,0.0,0.0,4.3813,4.7087,-2.6819,0.0,0.0
-1.9008,2.6659,0.0,0.0,-3.3466,2.3042,0.0,2.0143,0.0,0.0,-2.182,0.0,0.0,0.0,0.0,0.0,-2.4461,0.0,-2.2532,-3.556
0.0,0.0,0.0,0.0,0.0,0.0,0.0,0.0,2.0442,0.0,3.1596,-1.9733,1.807,0.0,1.5035,-2.0841,2.5081,0.0,-4.021,1.8739
-1.8421,0.0,0.0,0.0,-3.1968,0.0,-2.0536,0.0,1.595,0.0,0.0,0.0,-2.004,-3.8501,-1.8423,2.9349,0.0,0.0,1.7248,0.0
0.0,0.0,1.6876,0.0,-4.9605,-5.7383,0.0,-1.82,3.1472,-2.4836,-1.6185,0.0,-2.7018,1.7628,0.0,-2.8738,0.0,0.0,0.0,0.0
1.9979,0.0,0.0,0.0,4.9652,2.3461,0.0,0.0,-3.6256,2.2375,3.1446,-2.4121,0.0,0.0,0.0,-2.2623,0.0,-1.7355,0.0,0.0
3.7986,0.0,-4.3253,0.0,2.3976,3.5351,-3.9325,2.0504,0.0,-4.1544,0.0,0.0,0.0,0.0,0.0,0.0,0.0,3.3053,1.8347,-3.6473
0.0,0.0,-3.1031,-1.531,0.0,-1.6096,0.0,0.0,3.3875,0.0,0.0,2.9356,-3.4383,-2.3455,0.0,0.0,0.0,0.0,-3.0496,3.439
-2.6247,3.4776,0.0,-1.6107,0.0,0.0,0.0,1.5177,-1.5014,2.4799,0.0,0.0,-2.1235,0.0,1.8951,-2.5758,0.0,0.0,0.0,5.4677
2.0962,2.3528,0.0,1.9213,0.0,1.9544,0.0,-2.2661,2.9,2.1384,0.0,0.0,0.0,3.2481,0.0,0.0,0.0,3.974,0.0,1.9449
0.0,0.0,0.0,1.8672,0.0,0.0,2.9724,0.0,0.0,0.0,0.0,0.0,1.9648,0.0,1.5819,-3.7466,0.0,0.0,-2.961,0.0
0.0,3.0964,0.0,0.0,0.0,2.4265,1.5357,2.165,0.0,5.9325,-2.1393,2.9834,-3.6679,3.4113,2.0445,0.0,0.0,0.0,-2.0543,0.0
-1.7154,2.3314,-2.1306,3.2181,0.0,-1.9419,0.0,0.0,0.0,0.0,-1.9886,0.0,2.2309,2.3739,0.0,0.0,1.7387,0.0,-2.601,0.0
0.0,-2.3092,-1.7344,0.0,0.0,2.3925,0.0,0.0,0.0,0.0,2.694,0.0,1.659,2.31,0.0,0.0,-1.8139,0.0,0.0,-1.8036
1.8673,-3.51,2.2447,-1.6182,1.7959,0.0,0.0,5.9494,0.0,2.702,0.0,-3.8276,0.0,0.0,3.2747,0.0,0.0,4.87,0.0,0.0
0.0,-3.1921,0.0,0.0,0.0,-1.8057,-1.9632,-4.0968,-2.0271,0.0,0.0,1.6414,-3.2112,3.1306,0.0,0.0,0.0,2.5101,3.5195,1.7706
3.814,0.0,2.5753,-2.9413,0.0,0.0,3.5909,0.0,0.0,0.0,-2.6046,2.1963,1.6152,0.0,0.0,0.0,0.0,2.294,0.0,0.0
0.0,0.0,0.0,-3.4713,0.0,-2.0639,2.1125,-2.0851,0.0,3.9489,0.0,0.0,-2.613,-1.5789,2.238,0.0,0.0,0.0,0.0,0.0
2.3392,-3.0159,0.0,1.7766,2.3148,0.0,0.0,0.0,-2.8515,1.9897,1.806,1.9865,0.0,2.5293,0.0,-4.5747,1.9583,-4.6084,-1.7675,1.8158
-2.038,0.0,0.0,2.9455,0.0,0.0,0.0,0.0,-1.849,0.0,-1.9501,0.0,0.0,0.0,-1.8986,-2.2507,1.5812,3.9684,1.6792,0.0
0.0,0.0,2.3236,-2.2868,0.0,3.1531,0.0,-1.853,-3.0824,0.0,0.0,0.0,0.0,0.0,-1.7234,0.0,0.0,-3.7113,0.0,-1.9966
-3.1278,0.0,0.0,0.0,2.8428,0.0,0.0,1.7697,-1.7057,0.0,0.0,1.8634,0.0,2.1449,0.0,-1.6014,-1.6746,2.8514,0.0,0.0
0.0,1.7249,2.7179,0.0,0.0,-2.8526,-2.9067,0.0,1.8333,0.0,0.0,1.7522,2.3016,0.0,2.0427,1.873,0.0,0.0,1.8205,1.6129
2.4107,1.6729,0.0,0.0,3.8586,0.0,1.6549,-1.5634,1.5506,-1.7874,0.0,-2.0663,2.2855,0.0,-3.3135,0.0,0.0,0.0,-2.5779,1.9995
0.0,0.0,-4.2539,0.0,3.1041,0.0,-3.1796,0.0,0.0,0.0,0.0,2.2262,0.0,0.0,0.0,-2.9274,0.0,0.0,0.0,-1.9315
0.0,-4.6539,-1.6894,0.0,0.0,5.1842,-1.5994,0.0,2.3446,1.6877,2.2981,0.0,0.0,1.999,0.0,0.0,-1.734,0.0,0.0,0.0
0.0,2.5373,0.0,-2.8902,0.0,0.0,-1.6266,0.0,2.574,-1.962,3.9588,3.0572,0.0,5.5992,-2.3612,-1.7551,0.0,0.0,0.0,0.0
0.0,4.683,1.8591,0.0,-2.9122,1.5767,0.0,1.7867,0.0,-4.1936,0.0,0.0,0.0,0.0,0.0,0.0,0.0,-3.1751,0.0,0.0
0.0,0.0,0.0,0.0,0.0,0.0,0.0,0.0,0.0,0.0,2.3708,-3.3285,0.0,0.0,0.0,0.0,0.0,0.0,0.0,0.0
2.9778,0.0,3.2843,3.9247,0.0,0.0,0.0,0.0,-1.5066,0.0,0.0,2.4083,0.0,0.0,0.0,0.0,1.6779,0.0,0.0,0.0
0.0,-1.5743,0.0,0.0,1.5616,0.0,-3.1061,0.0,0.0,0.0,0.0,2.0221,0.0,0.0,0.0,2.3988,0.0,0.0,2.8696,-1.8072
-4.2843,0.0,0.0,0.0,-2.7968,0.0,0.0,3.7335,0.0,-1.9182,0.0,-1.8932,3.4568,-1.9169,2.0019,2.3846,0.0,-1.8917,3.3241,-2.7159
0.0,0.0,-1.6811,0.0,2.0079,0.0,0.0,0.0,-4.2982,0.0,0.0,3.2258,0.0,-2.5391,-2.6803,-2.2008,0.0,0.0,0.0,1.8821
0.0,3.1716,0.0,0.0,0.0,-1.5371,-3.0543,0.0,0.0,0.0,-2.7115,0.0,0.0,-1.5815,-3.0252,4.0325,2.7519,0.0,3.1554,0.0
0.0,0.0,0.0,-3.0078,-1.6781,0.0,0.0,0.0,0.0,1.5773,0.0,0.0,0.0,3.3623,0.0,0.0,1.5634,-1.8473,0.0,4.4376
0.0,1.7965,0.0,-3.1743,0.0,0.0,2.8809,-2.543,0.0,1.7743,0.0,-4.6253,-3.0546,-1.8634,0.0,2.036,2.0075,-2.5509,0.0,0.0
0.0,-3.4935,0.0,1.9577,0.0,0.0,0.0,3.2111,-1.6114,0.0,1.7916,0.0,0.0,0.0,0.0,4.1446,2.3405,-3.3948,2.9232,1.8788
1.7413,-4.0039,0.0,-1.9998,-2.3505,2.2961,0.0,0.0,0.0,0.0,0.0,0.0,0.0,0.0,0.0,0.0,1.7864,-3.8191,0.0,-2.4297
-1.5369,0.0,0.0,-1.5009,-2.2842,2.7922,2.086,0.0,0.0,0.0,0.0,2.5783,-2.6823,-4.5525,3.2737,0.0,0.0,-5.1626,-2.0141,-1.9847
0.0,0.0,0.0,0.0,2.2422,0.0,0.0,0.0,1.9831,0.0,0.0,0.0,1.6879,0.0,-2.0905,1.8193,0.0,0.0,4.02,0.0
2.1805,0.0,0.0,0.0,0.0,0.0,-3.5904,-2.2842,0.0,4.1363,0.0,0.0,0.0,-3.3274,2.6683,0.0,-2.8081,0.0,0.0,0.0
2.573,0.0,-2.2195,-2.9625,2.2379,0.0,0.0,0.0,-2.4294,0.0,0.0,0.0,-3.5843,3.5669,0.0,-2.1986,-4.1151,0.0,-1.5261,0.0
1.8535,0.0,1.8734,0.0,2.0184,5.7131,-1.9342,0.0,-1.6326,0.0,0.0,0.0,6.4577,-3.5569,1.5178,0.0,0.0,0.0,0.0,0.0
-3.4074,-2.1494,0.0,0.0,-3.2215,0.0,-1.5501,-1.6143,0.0,0.0,1.9919,2.7082,1.5745,-1.5432,0.0,1.8986,-1.7126,0.0,-2.0052,0.0
0.0,-1.5426,2.4813,0.0,0.0,0.0,0.0,-2.1195,-1.5664,3.9753,0.0,0.0,-4.2867,0.0,-3.0195,0.0,0.0,-2.2027,-2.2457,0.0
1.7075,-2.633,0.0,3.9154,2.4831,0.0,-2.5162,2.5571,0.0,2.5536,2.1995,0.0,2.2764,2.8476,1.878,-2.1617,0.0,0.0,0.0,0.0
0.0,0.0,0.0,0.0,-2.8024,2.6555,0.0,-2.1062,0.0,0.0,-1.6167,1.9048,1.8617,1.717,0.0,0.0,2.3993,-2.7614,-2.094,0.0
-1.6662,0.0,2.3365,1.561,2.9686,0.0,-2.9142,0.0,0.0,-2.8027,0.0,0.0,-1.6616,0.0,0.0,-1.8079,-4.957,2.9057,0.0,4.1806
0.0,0.0,0.0,-1.8206,-4.2491,0.0,-2.4232,0.0,-1.9216,4.536,0.0,0.0,-1.6366,3.454,-2.534,0.0,0.0,0.0,0.0,0.0
3.9045,-2.029,3.3001,-2.2377,-1.7937,0.0,-4.3018,2.4303,3.8525,-1.7092,4.1258,0.0,0.0,0.0,0.0,5.9299,0.0,0.0,0.0,-3.258
0.0,0.0,-2.0372,4.9179,0.0,2.8662,0.0,2.8067,0.0,0.0,0.0,0.0,2.4922,4.0588,-3.334,-2.427,0.0,-3.3495,1.566,2.8041
-2.8165,-2.3836,1.9837,-2.3317,1.6721,0.0,0.0,-1.6468,0.0,2.0592,0.0,0.0,0.0,-2.1111,0.0,-2.1325,1.5832,-3.5579,0.0,0.0
0.0,3.0713,3.2088,0.0,2.3015,0.0,0.0,0.0,0.0,0.0,0.0,0.0,0.0,0.0,1.8036,2.4108,-5.1207,0.0,0.0,-4.5284
-2.1044,0.0,-3.0789,-1.5527,0.0,-2.2035,0.0,1.6539,0.0,0.0,3.212,2.5182,0.0,0.0,0.0,0.0,1.7525,0.0,4.0913,0.0
-2.1014,3.9437,0.0,0.0,-3.4617,0.0,2.6316,0.0,-2.324,0.0,-2.1715,0.0,3.306,0.0,1.7947,1.9951,-1.5343,0.0,0.0,0.0
1.7157,0.0,2.3589,0.0,3.0408,4.0404,0.0,0.0,0.0,0.0,-2.7186,0.0,6.1772,-1.8469,0.0,0.0,-3.5832,-1.5447,5.6809,-5.1872
-1.8925,-2.1863,0.0,0.0,0.0,-1.9895,0.0,2.0953,-1.7753,0.0,3.2574,1.8457,0.0,0.0,0.0,1.7842,0.0,2.1274,0.0,2.124
-1.7356,-2.034,0.0,0.0,-1.5292,0.0,-1.765,0.0,1.9859,-1.8647,0.0,0.0,1.8103,1.7836,0.0,-3.0781,0.0,-2.4737,0.0,0.0
0.0,-2.9694,0.0,-1.6495,0.0,5.206,-2.4879,0.0,-4.2033,1.7117,5.4336,0.0,0.0,1.7075,0.0,0.0,2.9592,-3.6783,-2.3423,-2.2375
4.2333,1.6738,0.0,2.0977,0.0,0.0,-1.504,0.0,0.0,0.0,2.5106,0.0,3.9086,-2.2737,0.0,0.0,0.0,0.0,0.0,2.0242
1.8814,0.0,0.0,0.0,0.0,0.0,0.0,0.0,0.0,-1.7978,0.0,-1.5578,2.2469,-1.7774,0.0,0.0,-3.0551,0.0,0.0,0.0
-2.7943,0.0,0.0,0.0,-2.027,3.2998,-3.6139,2.8446,0.0,0.0,0.0,0.0,0.0,0.0,0.0,-1.7531,1.751,0.0,1.8865,1.7589
3.4147,-3.113,-2.1203,0.0,3.9553,0.0,-2.1103,-4.1085,0.0,0.0,-2.2329,-2.836,3.1319,-2.0346,0.0,-2.4678,0.0,0.0,4.067,2.3186
-4.767,0.0,0.0,1.594,0.0,0.0,-1.5702,0.0,0.0,5.0225,0.0,1.9171,-1.6229,0.0,0.0,0.0,0.0,-1.6657,0.0,-3.774
0.0,-3.3269,2.4315,-2.1049,3.7063,-1.5736,0.0,-4.9005,0.0,0.0,0.0,4.2676,0.0,-2.8954,0.0,0.0,2.291,1.9754,2.1269,0.0
0.0,1.9256,1.8145,-2.8705,-3.6717,0.0,-2.9263,0.0,4.1571,-3.0006,0.0,0.0,0.0,0.0,0.0,0.0,0.0,0.0,2.6156,0.0
-2.7508,-1.5986,0.0,0.0,-3.3707,0.0,-2.5857,0.0,0.0,0.0,0.0,-3.0181,0.0,0.0,3.5632,0.0,0.0,0.0,-3.7038,3.8457
0.0,-3.1179,1.8433,0.0,4.6221,2.9653,2.1772,0.0,0.0,0.0,-3.6372,0.0,-1.9508,0.0,2.0505,-1.8961,1.5202,-1.8865,1.6019,3.813
0.0,-1.9567,0.0,2.773,0.0,2.3763,0.0,0.0,0.0,0.0,0.0,5.7289,0.0,0.0,0.0,0.0,0.0,0.0,0.0,0.0
0.0,0.0,3.0233,-2.5506,1.8528,0.0,0.0,0.0,0.0,-3.7323,0.0,1.5324,0.0,-2.9965,0.0,-2.7232,-2.8926,0.0,-5.5113,0.0
0.0,2.5278,5.0482,1.7321,0.0,0.0,2.2844,0.0,0.0,0.0,-2.8514,-3.1199,1.6076,0.0,0.0,-1.5114,0.0,0.0,0.0,-4.8375
3.4145,-2.1869,1.9575,-2.5661,0.0,0.0,-3.042,0.0,0.0,2.2967,1.8304,0.0,0.0,-2.1598,-1.7423,-2.6932,-1.914,0.0,-1.8967,0.0
0.0,3.3599,3.7926,0.0,1.9382,0.0,-2.1296,-1.6845,-2.0604,-2.3331,0.0,-1.5185,0.0,0.0,1.6303,0.0,0.0,0.0,-3.4559,0.0
0.0,0.0,0.0,1.5646,2.3877,3.9558,0.0,3.0508,0.0,0.0,1.8032,-1.5878,0.0,4.3163,1.52,0.0,0.0,1.7919,-1.913,-1.9332
2.2873,0.0,0.0,0.0,0.0,0.0,1.6898,0.0,0.0,0.0,0.0,-2.4456,0.0,-1.5662,0.0,-2.6593,0.0,0.0,0.0,4.0173
0.0,0.0,2.8106,1.6521,0.0,0.0,1.5061,3.4313,-1.8566,0.0,0.0,1.7504,0.0,0.0,2.6599,1.9305,0.0,0.0,2.4505,0.0
0.0,-2.394,-1.7299,0.0,1.765,0.0,-3.0038,-3.1575,-1.6549,0.0,-1.6707,0.0,0.0,0.0,-3.355,-1.7007,0.0,3.1398,-2.5997,0.0
-2.531,0.0,0.0,0.0,0.0,-3.1847,-4.2031,1.6034,0.0,0.0,-3.0767,0.0,2.2143,1.8724,0.0,0.0,0.0,-1.7135,2.3748,0.0
0.0,2.397,0.0,0.0,2.3265,0.0,0.0,0.0,-3.6259,0.0,-2.6241,0.0,-3.0408,0.0,0.0,0.0,0.0,0.0,4.2148,1.8541
0.0,1.6399,0.0,-1.951,0.0,0.0,0.0,-4.0458,4.2634,-4.6518,-1.613,0.0,1.7526,4.1442,1.7721,-2.1348,-2.0976,0.0,0.0,0.0
0.0,0.0,3.9659,0.0,0.0,0.0,-2.1885,0.0,0.0,1.6784,1.7569,0.0,-3.0464,0.0,-2.1113,-2.5145,0.0,0.0,0.0,-2.158
-2.9144,3.136,0.0,4.0362,0.0,0.0,0.0,2.3338,0.0,0.0,0.0,0.0,-1.9482,0.0,2.2576,2.2036,0.0,0.0,-3.0071,0.0
2.259,0.0,0.0,0.0,-3.7107,3.9721,-2.2094,3.2791,-1.7304,-4.2333,0.0,0.0,-2.0637,-1.5062,0.0,0.0,2.0186,-1.7825,3.2203,-3.4774
0.0,2.0929,-2.3073,-3.6132,3.2795,-3.4857,1.5671,-1.6615,0.0,-3.357,0.0,0.0,0.0,3.2908,0.0,0.0,0.0,-2.5664,-3.5691,2.1042
0.0,3.3412,0.0,0.0,0.0,1.8323,0.0,-1.7515,2.148,2.9906,0.0,0.0,0.0,2.0151,1.5426,2.1664,0.0,0.0,0.0,0.0
1.9414,0.0,0.0,-2.2691,-2.1509,-1.9149,0.0,0.0,2.5324,0.0,0.0,-2.4911,0.0,2.8852,0.0,2.0211,0.0,0.0,0.0,0.0
0.0,2.0249,-3.6945,0.0,0.0,0.0,1.8228,0.0,0.0,1.9624,0.0,0.0,0.0,0.0,2.6484,-1.6114,0.0,0.0,0.0,-1.6171
0.0,0.0,0.0,0.0,2.1152,1.8339,-1.9511,-1.8376,0.0,0.0,2.4766,0.0,0.0,0.0,0.0,-3.5554,-2.2248,0.0,6.4554,1.8488
1.7156,2.4223,0.0,0.0,0.0,1.9862,0.0,0.0,0.0,1.5598,0.0,-1.6966,2.4934,-2.8967,0.0,0.0,0.0,0.0,-4.7714,2.5116
2.1551,0.0,0.0,-2.3132,0.0,2.8545,-2.1163,0.0,0.0,0.0,-2.6191,-1.8945,2.1426,-3.5383,1.7919,2.2502,0.0,0.0,0.0,4.5125
-3.8925,0.0,2.0047,3.3854,0.0,-2.2865,0.0,0.0,0.0,0.0,0.0,2.1529,0.0,0.0,0.0,2.5452,5.1017,0.0,-2.2726,0.0
-1.6887,0.0,2.5954,0.0,0.0,2.2956,0.0,-2.9448,2.1971,0.0,0.0,-3.8931,0.0,3.6181,0.0,0.0,0.0,0.0,0.0,2.4831
-2.7262,0.0,0.0,-3.6246,0.0,0.0,0.0,0.0,0.0,-1.6029,0.0,0.0,0.0,-3.5123,-4.6676,4.4381,-1.9668,0.0,2.2151,0.0
2.6051,0.0,1.7939,0.0,0.0,3.9598,0.0,0.0,0.0,0.0,0.0,-1.9366,-1.5697,1.5113,-4.3778,0.0,-2.9547,3.086,0.0,0.0
2.182,0.0,0.0,0.0,0.0,0.0,0.0,7.2053,0.0,0.0,0.0,3.7103,-2.926,0.0,0.0,0.0,0.0,0.0,-2.9766,-1.6847
0.0,0.0,0.0,2.0254,0.0,1.6126,0.0,0.0,0.0,0.0,0.0,-2.3689,0.0,0.0,0.0,1.9541,0.0,3.1337,0.0,-2.5713
-2.0932,0.0,0.0,0.0,0.0,0.0,0.0,-2.3918,0.0,0.0,0.0,0.0,0.0,-3.1757,0.0,0.0,0.0,-3.4007,0.0,2.62
1.7577,-2.0031,0.0,0.0,1.9343,1.7881,0.0,2.1307,0.0,2.6781,4.7672,0.0,0.0,0.0,-1.6846,2.0081,0.0,0.0,-2.8745,0.0
2.6342,0.0,0.0,0.0,0.0,2.224,-4.03,-1.8076,-1.9911,0.0,-1.7126,0.0,0.0,0.0,0.0,0.0,0.0,0.0,0.0,-2.0953
-1.5151,0.0,0.0,5.4778,2.6318,-2.7163,0.0,1.5169,0.0,-2.4586,1.9762,0.0,1.5082,0.0,2.5163,0.0,5.7658,0.0,0.0,0.0
0.0,0.0,0.0,0.0,0.0,3.6073,1.6047,0.0,0.0,0.0,0.0,0.0,1.6297,0.0,-2.8879,3.2723,-1.8376,0.0,1.8006,1.6586
0.0,0.0,-3.2743,0.0,0.0,0.0,3.9247,0.0,0.0,-3.7848,0.0,0.0,-2.0753,1.8753,0.0,0.0,0.0,2.1068,0.0,1.9446
0.0,2.3167,3.2841,1.796,0.0,3.5447,0.0,1.7578,0.0,1.8798,0.0,0.0,0.0,-1.5377,0.0,0.0,0.0,0.0,0.0,0.0
0.0,0.0,-2.4051,0.0,0.0,0.0,0.0,0.0,0.0,0.0,-4.2955,-1.7787,0.0,-6.195,0.0,0.0,-1.5964,2.4696,0.0,0.0
4.0356,0.0,0.0,2.6077,0.0,0.0,0.0,0.0,0.0,0.0,0.0,-2.7726,0.0,1.7977,0.0,4.1999,1.8448,1.6059,0.0,-2.4081
0.0,-2.9222,-3.0754,-2.1733,1.735,2.5215,3.5571,0.0,-5.5349,0.0,1.7058,0.0,-2.4085,3.2963,-1.7309,-1.9227,-4.196,0.0,0.0,1.7746
0.0,0.0,2.5266,2.1865,2.8747,0.0,0.0,1.5255,0.0,2.9441,0.0,0.0,0.0,2.9194,-3.1018,0.0,0.0,-4.1657,-2.5377,2.3278
0.0,0.0,-1.6938,0.0,-2.6,4.2064,0.0,0.0,0.0,0.0,-1.8084,0.0,0.0,-1.7125,0.0,-1.8482,-1.8489,-1.5936,-2.8696,0.0
-1.8862,2.8709,-1.5059,0.0,0.0,0.0,2.6922,-2.4441,-3.2403,-4.5875,2.1608,2.11,0.0,0.0,0.0,0.0,0.0,0.0,-3.8675,0.0
1.9333,0.0,0.0,0.0,0.0,0.0,0.0,0.0,0.0,2.2259,-1.8633,1.6537,0.0,-4.709,0.0,0.0,0.0,2.3134,0.0,3.1588
0.0,2.4594,0.0,1.6279,2.2023,-2.9422,3.8757,0.0,0.0,0.0,0.0,0.0,0.0,-2.0558,0.0,0.0,0.0,0.0,0.0,2.2271
0.0,0.0,-3.5132,-3.1286,0.0,-2.321,0.0,0.0,0.0,0.0,-2.5686,0.0,0.0,-2.9948,2.4296,0.0,2.3056,0.0,2.0302,1.7821
-1.6198,0.0,0.0,3.4461,2.1898,-1.6218,-2.0548,0.0,0.0,-1.5018,3.9949,0.0,-2.517,0.0,-1.8784,0.0,-3.499,-1.91,1.6579,3.5047
0.0,0.0,-1.8953,0.0,1.5921,0.0,1.8373,0.0,2.6987,0.0,0.0,0.0,-5.5948,1.9965,0.0,0.0,-2.6955,0.0,-2.2108,-3.3511
-3.8956,2.0284,0.0,-2.6925,2.3007,0.0,0.0,3.9228,0.0,0.0,2.8366,0.0,0.0,2.0645,0.0,0.0,0.0,0.0,0.0,0.0
0.0,2.8404,3.007,0.0,-7.0163,-3.2151,0.0,2.2065,1.8265,3.0235,-2.8051,0.0,2.1489,0.0,4.3198,0.0,2.2788,0.0,-2.0968,0.0
2.5964,0.0,0.0,0.0,1.7046,-1.668,1.9374,0.0,2.9504,0.0,2.0183,-2.4052,3.7098,3.6978,0.0,3.687,0.0,-2.202,2.3063,0.0
0.0,-1.5509,0.0,0.0,0.0,0.0,0.0,3.0615,0.0,0.0,0.0,4.5856,-1.636,1.9903,0.0,0.0,0.0,3.3018,-1.7545,1.5995
0.0,0.0,0.0,0.0,0.0,2.4712,0.0,0.0,5.0566,0.0,2.4372,2.375,0.0,-1.6466,2.6679,0.0,0.0,0.0,3.3415,0.0
0.0,-2.8329,-1.7485,1.9363,-2.4114,0.0,-2.8349,-3.0875,-1.6301,-2.4826,0.0,0.0,0.0,0.0,0.0,-1.6277,0.0,-2.9124,4.171,0.0
2.1106,3.7618,3.984,1.8991,2.2505,3.1491,0.0,-1.6113,-1.6249,0.0,2.5643,2.345,0.0,0.0,1.606,0.0,4.1512,0.0,0.0,0.0
0.0,0.0,0.0,0.0,0.0,-2.4125,0.0,2.5231,4.0255,2.4274,0.0,2.013,0.0,3.5992,0.0,-2.1048,0.0,0.0,0.0,-2.3087
-1.9997,-2.3836,-1.7727,3.2878,0.0,0.0,0.0,1.968,2.3874,2.0992,-1.8414,0.0,2.2301,0.0,0.0,-4.4836,0.0,0.0,-2.9667,-3.9188
-1.5126,2.9154,0.0,1.6288,1.6873,-1.8507,0.0,0.0,0.0,-5.6277,-2.3193,0.0,0.0,0.0,1.9171,0.0,0.0,0.0,0.0,0.0
1.5204,0.0,0.0,1.5184,0.0,0.0,0.0,-2.2845,1.8951,-2.0556,0.0,-1.865,0.0,0.0,0.0,0.0,2.8715,-2.8274,2.9961,-3.1085
0.0,1.6486,0.0,0.0,0.0,2.0238,-2.1106,0.0,0.0,0.0,0.0,0.0,0.0,0.0,0.0,0.0,0.0,0.0,0.0,0.0
0.0,-3.2364,0.0,0.0,0.0,0.0,-4.3033,0.0,0.0,2.781,0.0,0.0,1.7992,0.0,-2.0017,0.0,0.0,-1.7267,0.0,1.8982
2.3221,0.0,0.0,0.0,0.0,0.0,0.0,-1.8662,3.259,0.0,0.0,1.7134,2.8829,-2.3353,0.0,0.0,0.0,-1.5997,-2.0924,0.0
0.0,0.0,0.0,0.0,-1.8284,0.0,0.0,3.857,1.8747,0.0,2.4886,0.0,-1.9797,0.0,0.0,-3.3682,-2.7068,4.742,0.0,-1.6555
0.0,0.0,4.3697,2.9594,0.0,-2.4405,0.0,0.0,-2.608,-1.9564,0.0,0.0,1.9097,-2.6517,1.6459,3.6997,-5.942,4.3578,0.0,2.1174
0.0,-2.5455,0.0,0.0,0.0,1.8573,0.0,0.0,2.0058,2.7156,0.0,0.0,0.0,2.7541,0.0,3.1122,0.0,2.5191,0.0,0.0
0.0,0.0,0.0,-3.989,0.0,0.0,-1.6838,0.0,0.0,-3.6169,0.0,-2.7649,3.4353,-2.5519,0.0,0.0,-2.3473,3.3225,3.5621,0.0
0.0,0.0,3.2027,0.0,0.0,0.0,0.0,0.0,3.1402,0.0,0.0,0.0,0.0,-5.2251,-1.5297,-2.6607,0.0,0.0,1.6489,0.0
-2.8493,-2.9177,0.0,-2.714,-1.6798,0.0,4.9329,-3.1216,2.1719,0.0,-1.7,0.0,0.0,1.5914,4.254,-4.2429,0.0,0.0,0.0,0.0
2.885,-1.6087,-3.0548,-1.7133,0.0,0.0,0.0,0.0,0.0,2.7631,0.0,-2.289,0.0,0.0,0.0,2.4895,-1.6385,-2.2007,-2.9638,-2.5275
0.0,0.0,-1.612,-1.7539,3.3419,2.5382,0.0,-1.8347,0.0,4.3887,2.5665,-1.5276,0.0,2.8227,0.0,2.0301,7.2816,-3.321,1.8786,-2.5627
-1.8576,0.0,0.0,2.6188,3.3422,0.0,2.5732,-1.9805,-1.7464,0.0,0.0,0.0,0.0,0.0,0.0,1.5007,-2.4571,0.0,-2.1907,0.0
-2.5594,1.5947,2.2616,0.0,0.0,0.0,0.0,-2.6515,0.0,3.6398,0.0,2.2976,0.0,3.6421,3.5628,0.0,2.0286,0.0,0.0,-1.6042
-1.9397,0.0,-2.1043,0.0,0.0,0.0,0.0,0.0,4.3605,1.6962,0.0,-2.6887,0.0,2.8995,-2.1148,0.0,2.4744,0.0,0.0,0.0
2.5888,0.0,4.8363,0.0,0.0,0.0,-2.3563,-1.941,0.0,0.0,0.0,2.1419,0.0,0.0,-2.1612,0.0,-2.26,0.0,0.0,0.0
-1.8923,0.0,0.0,2.6105,2.21,0.0,-2.0315,2.5974,1.6076,2.0657,-1.6026,0.0,0.0,2.3127,0.0,3.1659,4.0957,0.0,0.0,0.0
0.0,0.0,-5.4112,0.0,2.2942,0.0,-2.6525,0.0,-2.5111,1.5991,0.0,3.2209,0.0,0.0,0.0,0.0,0.0,-3.1062,2.5449,0.0
0.0,0.0,-4.7052,0.0,2.1305,-2.2143,0.0,0.0,0.0,2.5747,2.3112,0.0,0.0,0.0,2.6256,0.0,0.0,1.5612,-1.9761,0.0
0.0,2.1925,0.0,-4.138,0.0,0.0,-3.3687,0.0,0.0,2.8785,0.0,2.7613,1.5706,0.0,2.2844,0.0,0.0,0.0,0.0,0.0
0.0,0.0,0.0,-1.7825,-2.006,0.0,0.0,0.0,2.1597,0.0,0.0,-2.3106,-1.7197,0.0,0.0,0.0,0.0,-1.9372,0.0,0.0
0.0,0.0,2.6783,0.0,0.0,-2.7651,0.0,0.0,3.5254,2.892,-2.1482,0.0,0.0,0.0,0.0,-2.7407,0.0,0.0,2.8731,0.0
0.0,0.0,-3.0257,1.9057,-2.1744,-3.2782,0.0,0.0,-1.5281,3.7855,0.0,0.0,2.3814,2.7985,0.0,-3.2302,-1.9683,0.0,0.0,0.0
2.1466,0.0,4.479,0.0,0.0,-2.8784,-2.3811,0.0,2.3717,0.0,0.0,-4.675,0.0,0.0,2.348,0.0,0.0,1.586,-1.5298,0.0
-1.9715,2.88,-2.3388,0.0,-2.1125,-2.3417,4.3428,0.0,0.0,0.0,4.2037,0.0,-2.5923,0.0,0.0,0.0,0.0,0.0,0.0,-3.9175
2.6832,0.0,0.0,2.2156,2.5607,-3.9001,0.0,-3.4135,0.0,-3.2318,0.0,0.0,0.0,0.0,0.0,1.9457,3.9455,1.7073,5.064,3.1022
0.0,-4.6935,0.0,0.0,-1.5943,0.0,4.6335,0.0,3.4279,1.9059,3.1741,0.0,0.0,-3.2724,1.7772,0.0,0.0,0.0,-1.681,0.0
0.0,-2.0392,0.0,-1.8639,0.0,-3.3111,0.0,-1.5046,0.0,0.0,0.0,0.0,0.0,2.4201,0.0,0.0,0.0,0.0,0.0,0.0
0.0,0.0,0.0,0.0,0.0,0.0,0.0,0.0,-1.8574,1.9851,0.0,0.0,0.0,0.0,0.0,-2.1034,0.0,0.0,0.0,-3.2598
0.0,3.2881,0.0,-1.6411,0.0,1.6448,-4.1593,-2.2138,-2.4044,-1.5232,2.8569,-4.0374,0.0,0.0,1.8544,2.5634,0.0,0.0,0.0,1.7196
0.0,-2.5528,0.0,-1.8506,-1.563,0.0,0.0,0.0,-2.5173,4.0941,0.0,-1.7784,-2.2878,0.0,0.0,-3.1217,0.0,2.3708,0.0,0.0
0.0,1.6603,0.0,0.0,-2.1178,0.0,0.0,0.0,0.0,-2.3836,2.7259,-2.1983,0.0,-2.0929,0.0,1.5529,0.0,0.0,0.0,0.0
0.0,-3.789,0.0,2.5407,0.0,0.0,0.0,0.0,0.0,0.0,0.0,0.0,0.0,0.0,2.4364,0.0,-2.375,0.0,0.0,3.0799
-1.6157,2.2155,0.0,0.0,0.0,-2.6553,0.0,0.0,0.0,-3.2583,0.0,0.0,0.0,0.0,-4.3814,-3.4304,-2.1155,0.0,-2.6407,0.0
0.0,0.0,0.0,0.0,2.6838,0.0,0.0,1.6787,0.0,-2.8054,0.0,0.0,-1.5518,0.0,0.0,-1.5061,2.0423,2.0192,0.0,2.889
0.0,0.0,-2.7671,0.0,2.8297,0.0,2.2571,0.0,-3.6403,0.0,-2.7115,-2.976,0.0,0.0,0.0,-2.3255,0.0,-2.218,-2.9716,0.0
0.0,0.0,0.0,0.0,0.0,0.0,3.3581,0.0,-3.1407,1.9134,-3.2495,-3.1959,0.0,-2.6695,0.0,0.0,-3.1557,-3.9224,1.7447,1.9337
-1.7523,0.0,0.0,0.0,-1.6755,-3.9316,1.5513,3.7354,0.0,4.1536,4.3214,2.9621,0.0,1.5541,-1.9927,2.4904,0.0,0.0,-3.2876,2.2661
0.0,2.4924,4.7109,0.0,0.0,0.0,0.0,0.0,-2.0268,0.0,0.0,0.0,-2.8106,0.0,3.6848,0.0,0.0,1.5564,2.7004,3.7073
3.3168,0.0,0.0,0.0,0.0,0.0,0.0,0.0,0.0,-4.0107,0.0,0.0,0.0,0.0,0.0,0.0,0.0,0.0,0.0,0.0
0.0,0.0,0.0,-1.6341,0.0,0.0,0.0,0.0,3.1023,-2.0645,4.2805,0.0,0.0,-1.5818,2.1849,0.0,-2.9056,0.0,1.5038,4.4508
0.0,2.6232,0.0,2.5143,0.0,0.0,0.0,0.0,0.0,0.0,3.6733,-1.677,0.0,2.7227,0.0,0.0,0.0,0.0,1.5998,-2.5097
0.0,4.2349,-2.0058,1.9178,2.4532,-3.2543,-4.0574,-2.1654,0.0,-1.9414,0.0,0.0,2.3698,0.0,1.6521,0.0,0.0,0.0,0.0,2.1185
1.6344,2.3488,0.0,2.7594,0.0,0.0,2.021,4.4369,0.0,0.0,0.0,0.0,0.0,1.9133,0.0,0.0,0.0,0.0,4.3472,0.0
-2.0876,1.5226,2.8113,0.0,-2.8088,-5.6408,3.2288,0.0,0.0,0.0,0.0,3.3693,0.0,0.0,0.0,0.0,0.0,2.4917,0.0,-3.5854
0.0,0.0,0.0,0.0,0.0,-3.1105,2.0363,2.9298,1.7466,-2.3706,-3.3732,3.9898,-2.1627,-1.9188,0.0,-2.5143,-1.5523,0.0,2.7001,-1.8942
-1.6121,0.0,-2.6955,-1.7518,0.0,2.2916,0.0,1.512,0.0,0.0,0.0,0.0,0.0,0.0,0.0,-2.1366,-3.7112,0.0,0.0,0.0
-2.5582,-3.2196,-1.5549,0.0,2.7363,0.0,0.0,0.0,-3.0155,-2.4527,0.0,2.3091,3.0091,0.0,-3.2507,2.8985,-2.234,-1.6883,0.0,2.8083
2.0791,4.5357,0.0,0.0,0.0,2.4817,1.8454,0.0,-3.3918,1.7339,0.0,0.0,0.0,3.9418,1.6585,0.0,-1.5335,0.0,0.0,0.0
-1.9649,-3.2991,0.0,2.5501,2.5135,0.0,-6.4209,0.0,2.074,0.0,-2.6379,0.0,0.0,0.0,0.0,0.0,-3.2008,0.0,0.0,0.0
0.0,0.0,0.0,0.0,0.0,0.0,0.0,0.0,0.0,0.0,-3.6919,0.0,-1.5962,1.6105,-1.6607,0.0,0.0,0.0,0.0,0.0
0.0,0.0,0.0,3.707,2.3015,0.0,-2.7269,0.0,4.877,-1.8228,0.0,-1.5289,0.0,0.0,-4.0267,-1.6872,0.0,0.0,2.797,3.0403
0.0,0.0,-1.8269,1.8772,-2.2934,0.0,-2.3055,0.0,-2.1053,0.0,0.0,0.0,-2.4171,0.0,-2.9393,0.0,1.5142,0.0,-2.1672,0.0
-4.0711,2.2956,0.0,0.0,0.0,3.4819,2.2818,-3.3751,0.0,-3.5616,1.545,-3.552,0.0,-2.2057,0.0,0.0,0.0,1.5953,-1.626,-1.6904
0.0,0.0,-2.252,-2.6455,0.0,-3.7303,0.0,2.502,-2.4186,0.0,0.0,0.0,0.0,0.0,-2.6766,-2.8624,0.0,0.0,0.0,0.0
-2.4602,0.0,0.0,-4.2484,3.0838,1.51,1.7825,0.0,5.4441,1.6486,0.0,0.0,0.0,2.6516,0.0,1.699,2.6116,4.5782,0.0,0.0
3.3162,0.0,-1.5219,-2.6723,0.0,-2.8931,2.1467,2.5588,0.0,0.0,0.0,3.2513,2.3968,1.5952,2.3665,2.3525,0.0,0.0,-2.2506,-3.831
-3.0623,-3.1817,-2.7106,0.0,0.0,-1.5262,2.6331,-1.9462,0.0,0.0,5.2657,0.0,-2.8088,0.0,0.0,2.7928,0.0,1.5874,0.0,-2.1126
-2.0413,0.0,0.0,-1.5535,0.0,0.0,0.0,2.1125,0.0,0.0,-2.3619,0.0,3.6441,0.0,0.0,0.0,0.0,0.0,-1.9199,0.0
0.0,0.0,0.0,0.0,-2.0955,0.0,0.0,0.0,0.0,0.0,-1.6114,-3.3685,0.0,-1.6654,0.0,0.0,0.0,0.0,-2.4415,4.925
0.0,0.0,0.0,0.0,2.559,2.0559,0.0,2.3035,0.0,-2.3591,0.0,2.2751,0.0,0.0,0.0,2.268,0.0,0.0,3.2201,0.0
3.7825,-1.8676,2.4781,0.0,3.2122,0.0,-1.9273,0.0,0.0,3.584,0.0,0.0,0.0,-1.8912,1.8549,0.0,0.0,0.0,0.0,0.0
1.9616,0.0,0.0,1.5846,0.0,0.0,0.0,0.0,0.0,1.707,1.5604,0.0,2.8125,2.0127,-1.7507,0.0,-2.3233,0.0,0.0,0.0
0.0,0.0,-4.0356,0.0,0.0,1.9335,-2.4977,3.6792,2.8819,0.0,0.0,0.0,-2.0898,4.9133,0.0,2.1183,0.0,0.0,0.0,0.0
0.0,-3.6174,-2.2854,0.0,0.0,0.0,0.0,-2.9709,0.0,0.0,0.0,0.0,0.0,0.0,0.0,1.6942,-1.742,0.0,-1.5654,3.3029
0.0,0.0,1.6997,1.6627,2.39,-1.7556,-2.1896,0.0,0.0,2.1274,1.8846,0.0,0.0,0.0,-2.7663,0.0,-1.9003,-2.2943,2.6422,0.0
0.0,-1.6495,1.5808,0.0,4.51,0.0,0.0,0.0,0.0,4.6927,-2.8187,0.0,0.0,0.0,0.0,1.6247,1.5571,0.0,0.0,3.282
2.7586,0.0,0.0,3.5114,0.0,0.0,-3.4526,-1.8075,-3.7714,0.0,-3.106,0.0,1.7851,0.0,0.0,0.0,2.7305,0.0,2.1994,0.0
0.0,0.0,0.0,1.7572,1.8146,-3.2416,-4.066,0.0,0.0,0.0,0.0,-2.491,0.0,0.0,2.4959,2.8383,-3.8203,3.4953,0.0,0.0
1.6255,-2.1624,0.0,-1.9216,0.0,-2.6669,-2.6996,-1.6455,1.9102,-2.1201,-2.8133,-3.8305,-2.7689,0.0,0.0,2.0753,0.0,4.617,0.0,-3.3282
0.0,0.0,0.0,-1.6492,0.0,-2.4839,1.9244,0.0,2.2722,0.0,-2.1353,1.7991,-2.7753,0.0,-2.2633,-2.6017,0.0,0.0,0.0,3.9499
0.0,-1.9191,0.0,-4.2088,-1.8709,0.0,0.0,0.0,-2.4247,2.0783,0.0,0.0,0.0,0.0,0.0,0.0,0.0,4.1242,-2.0435,0.0
0.0,0.0,0.0,0.0,-1.783,0.0,3.6678,2.6096,0.0,0.0,0.0,0.0,4.666,5.2444,0.0,0.0,0.0,0.0,0.0,0.0
0.0,0.0,2.262,0.0,2.4747,0.0,0.0,0.0,-1.9874,0.0,0.0,0.0,2.4867,-1.5558,-1.9745,0.0,0.0,0.0,3.3607,-3.1885
3.6262,-4.292,0.0,0.0,-2.6638,0.0,0.0,0.0,-2.3131,-3.0553,1.6737,1.8756,0.0,0.0,-2.6508,0.0,-1.7726,1.6261,1.935,1.6071
-1.5976,0.0,0.0,-2.9146,3.8869,0.0,0.0,-1.648,0.0,0.0,1.5726,0.0,2.0086,0.0,-1.7768,0.0,0.0,0.0,0.0,-2.9995
2.7349,0.0,0.0,1.8942,0.0,0.0,0.0,0.0,0.0,-1.9762,0.0,0.0,2.6865,2.2345,0.0,0.0,0.0,0.0,0.0,-2.2469
0.0,1.5953,-4.9024,0.0,0.0,-3.2328,0.0,0.0,2.7636,2.3979,0.0,-2.0841,-2.8042,0.0,0.0,-1.6258,3.093,0.0,0.0,0.0
5.3599,-2.8231,0.0,0.0,0.0,2.9914,-3.2068,0.0,0.0,-2.9782,1.6437,0.0,0.0,1.7121,0.0,-2.0683,0.0,0.0,0.0,3.1762
0.0,0.0,0.0,0.0,0.0,0.0,0.0,0.0,2.2113,2.3679,-4.5486,0.0,0.0,0.0,4.7109,-2.6422,0.0,-1.5411,0.0,1.9642
3.4172,-2.0742,0.0,-3.19,0.0,0.0,0.0,1.6298,-2.0184,0.0,-2.4605,0.0,1.7474,0.0,-2.1781,0.0,-1.994,0.0,2.667,2.1091
0.0,0.0,0.0,0.0,-3.1849,0.0,3.4863,0.0,-2.3821,-2.0958,-3.5806,3.2404,2.4736,-2.3456,0.0,0.0,3.3673,-2.2611,0.0,0.0
0.0,-3.9925,-4.1047,-1.5483,0.0,2.5136,0.0,-2.3376,0.0,-1.6622,0.0,2.6327,0.0,0.0,0.0,0.0,0.0,0.0,2.2858,0.0
1.5178,-3.477,2.2946,0.0,0.0,0.0,1.6003,0.0,0.0,-2.3405,-2.1495,0.0,0.0,-1.9477,-2.0518,1.6098,2.6408,3.0836,0.0,0.0
-3.4257,-1.5671,0.0,-2.2081,-1.6009,0.0,0.0,-3.3912,1.9494,-2.419,3.2378,3.7272,0.0,0.0,0.0,0.0,0.0,-2.4592,0.0,0.0
2.0629,0.0,0.0,-1.7599,2.3953,0.0,-3.1934,2.2939,0.0,2.281,2.5047,0.0,1.751,3.0401,0.0,-3.1281,1.8212,0.0,0.0,2.8455
4.3784,0.0,0.0,-2.2396,2.5685,0.0,0.0,0.0,0.0,-4.2442,0.0,-1.6037,-3.2195,0.0,-1.7413,-1.633,-4.2046,-1.5695,-1.8801,-1.7575
0.0,0.0,-1.5045,0.0,0.0,-2.555,-1.5021,-2.672,-1.8878,-3.5158,1.5956,0.0,0.0,-1.8857,2.4879,0.0,0.0,2.9142,0.0,-3.448
0.0,0.0,0.0,0.0,5.6936,0.0,2.6898,0.0,-5.8723,0.0,0.0,4.4867,0.0,1.9467,-1.9386,0.0,-3.3374,0.0,0.0,0.0
0.0,-2.5332,2.1045,0.0,0.0,0.0,0.0,0.0,-2.1742,2.0566,0.0,0.0,3.3653,0.0,-1.8819,0.0,0.0,5.2699,-3.0045,-3.3612
0.0,0.0,0.0,0.0,0.0,2.411,0.0,0.0,0.0,0.0,-2.5235,0.0,0.0,0.0,0.0,0.0,0.0,0.0,-2.8666,-2.2937
-1.9498,-2.1091,0.0,0.0,-1.8891,3.4696,0.0,0.0,-2.2867,0.0,-5.3488,0.0,0.0,0.0,1.5774,3.2701,0.0,-3.1228,0.0,0.0
-2.4236,1.6037,0.0,0.0,0.0,0.0,2.8001,0.0,0.0,0.0,0.0,-1.9147,0.0,0.0,0.0,0.0,0.0,3.0948,0.0,0.0
0.0,0.0,0.0,1.6827,1.6577,4.7768,0.0,-3.9318,0.0,0.0,-2.0057,0.0,0.0,-3.1731,0.0,4.184,0.0,0.0,2.6893,0.0
3.1305,-5.0823,3.696,0.0,-5.1658,0.0,0.0,0.0,2.0369,0.0,2.4523,0.0,0.0,-4.0792,0.0,0.0,0.0,0.0,0.0,2.1036
1.7465,0.0,3.7796,0.0,0.0,1.6879,0.0,0.0,1.7275,0.0,0.0,-3.0069,0.0,0.0,0.0,2.8662,0.0,7.6743,2.1785,0.0
0.0,-2.6292,-2.1397,0.0,0.0,0.0,0.0,0.0,0.0,-2.2034,0.0,0.0,-1.6844,-2.5997,0.0,0.0,0.0,2.6927,0.0,-3.4049
-3.3216,0.0,0.0,0.0,2.8374,1.9605,3.5001,0.0,2.5112,-4.2593,0.0,0.0,0.0,1.8506,-3.8924,0.0,0.0,2.9143,0.0,0.0
-1.5741,0.0,-1.9569,1.5873,-2.4351,0.0,-2.073,2.8362,-2.1394,0.0,0.0,0.0,1.6667,-2.7851,0.0,0.0,0.0,-1.6065,1.8406,3.2498
-1.8548,-1.6856,-2.4583,0.0,-2.7943,0.0,-2.0865,2.4958,-2.4341,4.4793,0.0,0.0,2.5123,0.0,0.0,0.0,0.0,0.0,1.9107,0.0
2.3588,-4.7626,0.0,0.0,-5.3954,2.2155,0.0,2.4203,0.0,0.0,2.2095,2.3029,-3.141,0.0,-4.3168,0.0,5.0551,4.1297,0.0,0.0
2.8974,0.0,2.6946,0.0,0.0,0.0,0.0,-4.0015,0.0,0.0,0.0,0.0,-3.7074,0.0,5.126,-2.2575,0.0,0.0,2.568,0.0
0.0,2.8431,-3.2349,0.0,2.1516,0.0,0.0,0.0,-2.7255,0.0,2.6488,0.0,2.8205,-2.3986,3.6039,0.0,0.0,0.0,-2.8906,-2.5327
0.0,0.0,-2.8532,0.0,3.8485,0.0,0.0,0.0,0.0,0.0,2.121,-4.3086,3.7246,0.0,0.0,1.5737,-2.6589,1.6449,0.0,0.0
3.7247,0.0,-1.8612,-2.8662,-2.2638,0.0,-3.2655,-1.7793,0.0,0.0,0.0,0.0,0.0,-1.7818,1.5191,1.5357,0.0,0.0,0.0,-3.1577
0.0,1.7234,2.1054,2.6726,0.0,0.0,0.0,3.4468,-2.7266,-2.853,0.0,1.6469,1.6761,-2.9065,0.0,-2.4992,5.0067,0.0,0.0,3.6996
0.0,0.0,-4.6669,3.4698,3.318,-2.8983,2.7856,0.0,0.0,0.0,0.0,0.0,0.0,0.0,0.0,0.0,0.0,1.906,0.0,-2.8891
0.0,0.0,2.969,-2.7433,1.6594,1.56,-2.2627,0.0,2.2196,4.41,-2.8126,0.0,-2.8823,0.0,0.0,4.2167,0.0,1.6069,0.0,0.0
0.0,-2.7388,1.8484,0.0,0.0,0.0,-2.0953,0.0,-1.998,1.9399,0.0,0.0,0.0,0.0,0.0,-1.6503,0.0,0.0,0.0,2.0419
-2.3252,0.0,0.0,0.0,0.0,1.776,1.7972,-2.1256,0.0,0.0,0.0,-4.4289,0.0,0.0,0.0,-3.6987,0.0,0.0,1.8873,0.0
-2.0346,0.0,-1.8403,0.0,0.0,-2.0785,0.0,0.0,-4.1517,0.0,6.5828,-2.3935,0.0,0.0,0.0,2.3038,1.8361,0.0,0.0,5.6859
-1.521,-1.8653,0.0,0.0,3.8051,0.0,0.0,0.0,0.0,0.0,2.2526,2.0666,1.7675,0.0,-2.6885,4.5586,-2.2297,0.0,0.0,0.0
0.0,0.0,0.0,2.582,-2.2483,0.0,0.0,0.0,0.0,0.0,0.0,2.336,0.0,-3.3776,-1.6013,2.1359,0.0,2.6559,-1.6385,0.0
2.188,3.8456,0.0,-1.8254,-5.1512,-3.2632,0.0,2.2834,0.0,2.4327,0.0,0.0,2.1868,-2.1227,0.0,0.0,2.6376,0.0,0.0,3.1093
0.0,0.0,0.0,-2.8699,2.5387,0.0,0.0,-1.7487,-2.0136,2.0924,0.0,0.0,0.0,0.0,-4.5319,0.0,2.6268,-5.4966,0.0,0.0
-1.9986,-1.9364,-2.0312,-2.3202,0.0,0.0,-2.5107,-3.6719,0.0,-2.8202,0.0,3.6784,-3.4108,5.2995,-1.6003,0.0,0.0,0.0,2.7408,2.0886
0.0,0.0,5.1556,0.0,2.351,0.0,0.0,0.0,3.51,-2.3537,0.0,0.0,0.0,0.0,-3.2019,0.0,0.0,-2.6398,0.0,4.8161
5.6381,-1.7524,0.0,0.0,0.0,0.0,0.0,0.0,-3.7444,0.0,4.3831,0.0,-2.7996,3.6031,4.6732,2.0119,-2.1988,0.0,-3.9914,1.7188
0.0,-2.2464,0.0,0.0,-2.1674,0.0,3.5996,0.0,0.0,0.0,3.2629,2.2697,1.5979,0.0,-1.6816,2.3677,0.0,2.3097,0.0,0.0
0.0,-2.5535,0.0,2.1944,0.0,0.0,-5.2315,2.3848,0.0,2.5185,-4.1414,0.0,0.0,0.0,-2.4578,2.205,0.0,0.0,-2.7932,0.0
0.0,0.0,0.0,-1.8675,2.6499,0.0,2.3327,0.0,0.0,0.0,0.0,0.0,0.0,-3.2444,0.0,-3.18,-2.0954,0.0,0.0,-1.9381
4.571,0.0,0.0,-1.71,0.0,6.572,0.0,-2.0473,-2.1037,-3.5708,1.6205,0.0,1.9694,-2.5284,1.9645,-3.0868,0.0,0.0,0.0,0.0
0.0,-2.3479,0.0,0.0,2.9038,2.331,-3.2653,0.0,-2.9806,0.0,-3.9027,0.0,-2.3108,0.0,-3.2504,2.8883,0.0,0.0,2.5672,0.0
1.7217,4.4499,-2.4092,0.0,2.3672,-2.6857,2.4191,0.0,0.0,0.0,0.0,2.1033,2.1035,-1.6403,-1.5589,0.0,0.0,-4.543,0.0,2.8753
0.0,-2.6179,0.0,0.0,0.0,-4.0137,0.0,0.0,0.0,-3.4884,0.0,0.0,0.0,-2.8984,0.0,0.0,0.0,0.0,0.0,0.0
-2.0657,0.0,0.0,3.8446,-3.9938,0.0,3.5462,0.0,0.0,1.6469,-3.7348,-4.7542,-1.9685,2.6998,0.0,0.0,0.0,0.0,1.9049,1.5187
0.0,0.0,2.9307,0.0,-2.452,-2.2625,0.0,-1.8483,0.0,-3.5991,-3.0804,-1.9277,2.4195,-2.1736,0.0,-2.7729,0.0,3.8509,-2.2336,0.0
0.0,0.0,0.0,-1.6975,0.0,-1.7367,2.0881,0.0,0.0,0.0,0.0,0.0,0.0,-2.7967,0.0,0.0,-1.7748,2.4876,0.0,-2.3158
3.0196,0.0,1.5298,0.0,0.0,0.0,-2.2768,0.0,0.0,0.0,0.0,6.0881,0.0,0.0,1.991,-1.8582,0.0,2.7852,2.534,0.0
0.0,0.0,-3.3107,0.0,0.0,0.0,4.4899,0.0,2.0212,0.0,-3.3047,0.0,0.0,-1.5002,0.0,2.4176,-1.9423,0.0,0.0,2.0235
-3.3856,0.0,0.0,-5.2239,0.0,0.0,0.0,-1.8285,-3.3762,0.0,-1.5138,-4.0078,1.5144,1.5986,0.0,0.0,0.0,0.0,0.0,0.0
0.0,0.0,0.0,0.0,-5.3804,-3.0562,0.0,1.5371,0.0,0.0,2.5449,-1.9066,-1.9639,0.0,0.0,2.7534,-1.957,0.0,0.0,2.2733
0.0,0.0,0.0,-2.3569,0.0,-5.1889,0.0,-2.1601,0.0,0.0,-3.9983,0.0,0.0,1.8452,0.0,0.0,-2.8574,1.8535,2.5342,0.0
-3.6024,0.0,0.0,-2.0249,-1.8683,0.0,0.0,0.0,-1.5888,0.0,3.4094,0.0,-3.5072,0.0,0.0,-1.8189,0.0,0.0,0.0,-2.4361
-2.7876,0.0,2.1749,2.5213,2.6063,-1.5927,-2.2193,0.0,0.0,0.0,0.0,0.0,-2.4479,-4.7369,0.0,0.0,1.6427,0.0,0.0,0.0
-1.8076,1.8164,2.7082,-2.5136,0.0,0.0,-2.6811,0.0,0.0,0.0,0.0,0.0,-1.6147,2.2665,1.6678,0.0,-3.4663,3.0708,2.2605,-2.4832
0.0,0.0,0.0,-2.4787,0.0,2.1144,0.0,1.7757,0.0,0.0,0.0,0.0,0.0,-2.6551,1.6418,0.0,3.2599,0.0,0.0,0.0
-1.8537,0.0,0.0,0.0,0.0,-1.5656,1.7422,3.8631,2.3552,0.0,0.0,0.0,0.0,-3.4441,0.0,2.7112,-3.1575,0.0,2.9695,0.0
3.6805,-1.8311,0.0,0.0,1.5279,2.1412,0.0,0.0,0.0,0.0,0.0,0.0,0.0,0.0,-2.9654,2.8021,0.0,-1.581,0.0,0.0
0.0,3.5263,0.0,3.1382,0.0,1.8378,0.0,0.0,0.0,-1.6836,0.0,0.0,0.0,0.0,0.0,0.0,-1.7944,0.0,2.0023,1.5819
0.0,1.8112,0.0,0.0,0.0,0.0,4.5838,-1.7387,-2.3439,0.0,0.0,-3.0722,2.5039,0.0,-2.3769,0.0,2.1307,0.0,2.4993,0.0
0.0,0.0,0.0,0.0,-1.5326,-2.2659,3.2052,0.0,2.2316,0.0,-3.8445,0.0,0.0,1.6684,0.0,-3.175,0.0,0.0,-1.521,-1.9427
0.0,-2.6561,0.0,3.2986,0.0,-2.7222,0.0,0.0,0.0,0.0,0.0,0.0,0.0,2.1844,0.0,0.0,0.0,0.0,1.6422,-2.1223
0.0,0.0,0.0,0.0,0.0,0.0,0.0,-3.1125,0.0,0.0,-1.8703,0.0,0.0,0.0,0.0,0.0,0.0,0.0,0.0,0.0
-1.8128,3.5794,0.0,-2.5883,0.0,0.0,-3.1027,0.0,-3.2286,0.0,0.0,0.0,-1.8653,0.0,0.0,0.0,2.8556,0.0,2.9041,3.1672
-2.8129,0.0,2.5208,0.0,3.1536,0.0,-1.6662,0.0,1.9751,0.0,0.0,0.0,2.9247,2.0208,0.0,1.9462,-2.5428,-2.4214,0.0,0.0
0.0,0.0,0.0,0.0,0.0,1.9047,2.5445,1.5397,0.0,-2.2317,1.8831,2.0704,-1.7083,1.5137,0.0,0.0,-1.7988,3.4731,0.0,5.6028
0.0,3.1979,0.0,0.0,2.0678,-1.5998,0.0,-2.0661,0.0,0.0,0.0,-3.3384,-3.3454,0.0,-2.5123,0.0,3.0049,-2.9687,0.0,0.0
0.0,0.0,0.0,0.0,-2.4357,0.0,-2.0927,0.0,0.0,0.0,0.0,0.0,0.0,0.0,-4.4691,-1.9116,0.0,0.0,-1.5052,0.0
-2.9205,-3.9652,1.669,1.5051,0.0,4.287,-1.5288,4.8176,3.4009,0.0,7.1416,-2.596,0.0,0.0,-2.0015,-2.3083,2.7344,0.0,1.8204,-3.2769
0.0,0.0,0.0,1.7578,2.0167,0.0,4.7677,0.0,-1.6595,0.0,0.0,2.0742,2.6966,2.0469,-1.8832,-1.6294,-2.491,5.5785,0.0,0.0
0.0,0.0,0.0,3.6903,2.5928,0.0,0.0,0.0,-2.7762,-3.296,0.0,4.1403,0.0,0.0,0.0,0.0,2.2312,0.0,0.0,2.0978
0.0,1.6994,-2.6794,0.0,-2.2173,3.4798,0.0,0.0,-4.5391,0.0,3.4669,0.0,3.1305,0.0,0.0,-1.9739,2.6309,3.2817,-4.3981,0.0
0.0,0.0,0.0,4.7927,0.0,-1.8049,0.0,0.0,0.0,5.2482,0.0,-1.7643,-4.1012,0.0,3.4191,0.0,-2.3237,0.0,1.8734,-2.6469
2.0827,0.0,0.0,-7.5371,0.0,0.0,2.4585,-4.0791,0.0,0.0,2.0823,0.0,-2.4132,0.0,0.0,2.5997,0.0,0.0,0.0,-3.5161
0.0,1.648,2.2937,-4.2959,0.0,0.0,-2.007,0.0,1.9828,1.8799,0.0,0.0,0.0,3.9119,0.0,1.6123,0.0,0.0,0.0,-1.8616
0.0,-3.7674,0.0,-2.001,-3.5414,0.0,2.7806,2.0005,0.0,0.0,2.8893,0.0,-2.2054,4.4744,0.0,-3.1908,0.0,0.0,0.0,0.0
2.3291,-3.8008,-2.5651,5.6381,0.0,0.0,3.6261,0.0,2.2843,-2.2479,0.0,0.0,1.5656,0.0,0.0,-1.7017,-2.8359,2.5372,-2.1821,3.5391
0.0,-3.5367,5.5637,-3.1651,2.8102,0.0,1.6088,0.0,-1.7915,2.9494,0.0,1.9954,2.3264,-2.7405,0.0,-3.4305,0.0,1.7967,0.0,0.0
0.0,2.1224,0.0,0.0,-4.0379,1.6276,0.0,0.0,0.0,-3.7259,0.0,1.7318,0.0,0.0,2.6702,-2.1369,0.0,-2.2743,2.3082,0.0
3.3513,-2.192,-3.4331,-2.0269,1.8948,0.0,0.0,0.0,4.0025,-1.7048,0.0,0.0,0.0,0.0,0.0,0.0,-5.5486,0.0,0.0,-3.1142
0.0,2.2389,-3.222,2.6047,2.6514,0.0,3.1225,-1.5817,0.0,5.0281,2.394,0.0,0.0,-1.706,0.0,1.5639,0.0,0.0,-1.6726,-2.0446
0.0,0.0,1.7541,1.7023,-5.2721,-1.8027,2.8699,-2.7944,-1.7365,0.0,-2.0956,-4.3913,0.0,0.0,0.0,5.3805,0.0,2.39,-1.6996,4.0272
0.0,-2.3741,0.0,2.4625,0.0,0.0,-1.9052,1.9479,0.0,2.4041,0.0,0.0,0.0,0.0,-5.0625,1.8155,0.0,-2.9409,0.0,-4.2864
0.0,0.0,0.0,4.7006,0.0,0.0,0.0,-2.8422,0.0,2.2694,0.0,0.0,0.0,0.0,0.0,-1.7944,0.0,5.4902,2.3569,0.0
0.0,0.0,4.7571,0.0,-2.2517,0.0,2.4143,0.0,0.0,-2.6431,2.113,-1.9276,0.0,-5.8816,1.9942,2.4233,-2.7434,0.0,-1.6476,3.5289
0.0,0.0,2.4714,1.6691,0.0,0.0,-3.9951,-2.0006,4.4054,1.9998,0.0,0.0,-1.8561,3.4007,0.0,0.0,4.5475,0.0,0.0,0.0
2.7896,0.0,0.0,-2.1117,0.0,-3.2187,-2.2281,-2.2813,0.0,0.0,0.0,-1.8007,1.827,1.7763,0.0,3.0343,0.0,2.6776,-1.7596,-3.2618
0.0,4.3076,0.0,3.5366,0.0,-1.6132,3.3038,0.0,0.0,2.2691,0.0,0.0,0.0,0.0,0.0,0.0,0.0,0.0,0.0,0.0
-2.7781,0.0,0.0,0.0,0.0,-3.0951,-2.3079,1.9639,0.0,2.355,0.0,1.5017,0.0,0.0,2.8463,-2.3941,0.0,-2.1112,-2.6162,-4.4029
0.0,0.0,0.0,3.0776,4.9741,1.5055,0.0,0.0,3.6289,4.0421,2.2345,-2.0249,-2.1562,0.0,-1.8287,-3.5833,2.9131,0.0,3.7365,0.0
3.618,0.0,0.0,-3.6644,0.0,0.0,5.8124,1.9329,0.0,0.0,0.0,4.1264,-2.9145,1.6305,0.0,0.0,0.0,0.0,0.0,0.0
0.0,1.9924,1.6449,0.0,-3.624,-2.1341,0.0,0.0,2.8535,-2.7871,0.0,2.0923,4.1843,-1.8082,0.0,0.0,0.0,2.6087,-4.9915,0.0
2.5118,-2.2389,-1.5593,0.0,0.0,2.5428,3.0868,0.0,0.0,2.5682,0.0,2.9402,0.0,0.0,0.0,-2.855,2.7718,4.4881,0.0,0.0
-2.3442,0.0,1.5558,0.0,2.7564,0.0,0.0,0.0,-1.5681,-2.1599,3.9347,1.5031,0.0,0.0,0.0,-3.1432,0.0,0.0,0.0,0.0
0.0,0.0,0.0,4.0563,0.0,1.91,0.0,0.0,3.1311,0.0,-1.62,-1.5006,0.0,3.4468,2.4111,0.0,0.0,1.7901,0.0,0.0
0.0,3.8237,0.0,1.6158,0.0,0.0,-1.6722,0.0,2.09,-2.3418,0.0,2.9456,0.0,0.0,0.0,0.0,0.0,-3.0195,2.0248,-2.301
-4.8473,1.6751,0.0,0.0,0.0,3.1398,0.0,0.0,2.2922,0.0,0.0,0.0,-4.4866,2.0041,0.0,1.9379,0.0,0.0,0.0,-1.6221
0.0,0.0,-1.6022,-2.7522,1.9496,-1.5958,-1.5853,4.4417,0.0,3.6742,0.0,0.0,0.0,0.0,0.0,-3.5023,-2.1173,2.0927,0.0,0.0
3.5939,0.0,0.0,1.5911,0.0,-1.8605,2.2015,0.0,2.9013,0.0,-2.2095,3.2408,0.0,-2.7885,0.0,0.0,0.0,2.1184,0.0,0.0
-1.6277,0.0,0.0,0.0,2.4421,0.0,0.0,1.8473,0.0,0.0,1.909,-3.9168,0.0,4.1537,0.0,0.0,0.0,-3.8784,0.0,0.0
0.0,0.0,2.6665,-2.0879,1.5904,0.0,0.0,0.0,0.0,0.0,-2.2663,2.6874,2.7476,-2.0425,0.0,0.0,0.0,0.0,1.6746,-4.0588
3.9944,0.0,-2.5676,2.7204,0.0,2.2595,0.0,0.0,0.0,0.0,2.6004,0.0,0.0,0.0,0.0,-2.1543,0.0,0.0,0.0,1.509
2.2595,-4.6395,0.0,0.0,0.0,0.0,1.6834,2.2653,1.8036,1.9982,-2.4578,2.7204,-5.1135,0.0,0.0,1.9545,-2.407,1.804,0.0,0.0
0.0,-4.229,4.2409,1.6508,2.7019,1.6957,-1.6528,5.3134,-1.7864,2.8911,1.5792,2.0028,1.5029,-3.8003,0.0,-2.203,1.6803,0.0,1.8997,-2.474
0.0,2.6885,2.4373,0.0,-1.8252,3.5234,1.9388,0.0,0.0,0.0,-3.5005,0.0,-1.7021,0.0,0.0,2.887,1.717,0.0,0.0,0.0
2.0954,0.0,1.9767,-2.3231,-2.552,0.0,-3.8925,0.0,6.3961,-1.9378,0.0,-3.6148,0.0,0.0,2.3552,0.0,1.5256,0.0,-4.0557,0.0
0.0,2.3987,0.0,3.3822,0.0,3.3018,0.0,0.0,0.0,0.0,0.0,1.9844,0.0,-3.1653,0.0,0.0,1.7459,0.0,0.0,-2.1351
0.0,3.7267,0.0,0.0,-2.9597,0.0,0.0,0.0,0.0,3.2433,-1.655,1.5211,0.0,0.0,2.8103,0.0,0.0,0.0,0.0,0.0
1.6766,-2.508,0.0,0.0,0.0,0.0,0.0,0.0,0.0,-3.5976,4.77,3.5084,-2.4485,0.0,0.0,0.0,-2.1749,0.0,0.0,2.0131
0.0,-3.8537,0.0,0.0,0.0,0.0,3.8718,0.0,0.0,0.0,0.0,-2.1652,2.7003,0.0,-1.7768,0.0,1.5674,-4.2647,-2.0686,3.6338
1.9735,-1.7124,0.0,2.9946,1.6509,0.0,0.0,-1.6655,-3.1848,-1.8173,-2.5703,2.8286,-1.578,0.0,3.2976,0.0,0.0,0.0,0.0,0.0
0.0,0.0,0.0,0.0,-2.0639,0.0,0.0,0.0,-4.4721,0.0,0.0,-3.6007,0.0,0.0,0.0,-5.3879,-1.7465,0.0,0.0,0.0
2.5099,3.2678,0.0,0.0,0.0,0.0,-2.3479,0.0,-3.3304,-3.1521,-3.7088,1.929,4.3773,-2.9987,0.0,2.0107,-2.3661,0.0,0.0,0.0
0.0,-2.3714,-2.0498,0.0,4.5066,0.0,0.0,-1.9836,0.0,-2.4724,0.0,0.0,-1.5055,3.4924,0.0,0.0,1.9983,-1.7313,0.0,0.0
1.7541,0.0,2.8826,0.0,1.9476,0.0,2.6092,0.0,0.0,-2.4747,3.0441,3.2489,-2.289,-1.9087,2.0687,-3.546,-1.8297,0.0,0.0,-3.7613
0.0,2.5159,-3.7632,-4.2844,-2.9106,-1.7005,0.0,1.5118,0.0,4.2033,2.2219,-2.1377,-2.1854,0.0,2.0115,0.0,0.0,0.0,0.0,0.0
2.7605,-1.8673,-2.2242,0.0,0.0,1.5601,3.3014,-2.1487,-1.5581,1.5759,0.0,0.0,0.0,0.0,0.0,-1.7945,0.0,-1.7812,0.0,0.0
-2.9154,0.0,0.0,-1.9004,-1.9452,0.0,-3.0362,0.0,3.2091,0.0,-2.7157,0.0,0.0,2.0678,-2.4001,2.0271,0.0,-5.7205,1.5324,-2.5731
-2.1156,0.0,0.0,4.2913,-2.3165,0.0,1.9865,2.6211,2.2346,2.8208,-2.5375,0.0,0.0,0.0,-2.1783,0.0,1.5426,2.6896,0.0,0.0
0.0,0.0,1.7475,0.0,0.0,0.0,2.1554,0.0,0.0,2.5364,0.0,0.0,0.0,0.0,0.0,0.0,2.9794,-4.8826,0.0,3.143
4.0543,-4.5961,0.0,0.0,0.0,0.0,0.0,-2.2811,0.0,0.0,0.0,1.9441,0.0,-4.7261,0.0,0.0,0.0,0.0,0.0,-4.3947
2.1901,0.0,2.0389,-3.5093,0.0,0.0,0.0,-2.2679,0.0,0.0,2.5844,0.0,1.6722,0.0,1.9365,-2.1848,3.9979,-1.7104,0.0,-1.6923
0.0,0.0,-1.8162,-3.4445,3.4049,0.0,0.0,0.0,0.0,0.0,0.0,0.0,0.0,0.0,-2.3581,1.8924,0.0,0.0,2.437,0.0
0.0,0.0,0.0,0.0,2.7635,0.0,0.0,-1.7381,1.5409,-4.1159,0.0,0.0,2.1125,2.4152,0.0,-2.0738,2.1274,3.0297,3.7603,-4.927
1.5099,0.0,0.0,0.0,-2.1225,0.0,0.0,0.0,2.7436,0.0,0.0,3.088,1.7699,0.0,4.5974,0.0,0.0,0.0,1.6344,2.6565
0.0,0.0,4.4773,2.5503,0.0,-4.4661,-3.9548,0.0,1.8002,-2.8608,1.7781,0.0,0.0,0.0,1.8851,2.2229,0.0,2.3031,0.0,1.5918
0.0,0.0,-2.3709,1.8056,-2.2481,0.0,3.4976,3.4255,0.0,0.0,-2.0179,0.0,0.0,0.0,0.0,-2.7615,2.1546,0.0,0.0,0.0
-3.4585,0.0,-1.8218,-2.2763,0.0,2.6448,-1.9253,2.3676,2.1568,-3.7868,0.0,-5.2961,1.6799,3.163,0.0,-2.27,-2.2244,0.0,-1.5764,0.0
-3.1763,2.42,0.0,2.0858,-2.0243,-1.813,0.0,0.0,0.0,0.0,0.0,0.0,0.0,0.0,2.2335,2.8121,0.0,2.9652,0.0,0.0
3.9299,2.6921,0.0,0.0,0.0,0.0,0.0,2.1442,0.0,0.0,1.9807,0.0,1.7089,0.0,-2.2141,-1.5779,-3.2326,4.0318,2.3986,0.0
0.0,1.5876,0.0,0.0,-3.4846,-3.1606,0.0,0.0,1.5309,0.0,0.0,0.0,0.0,-1.6068,-2.146,2.2852,-2.2713,0.0,0.0,-2.8921
0.0,0.0,-1.7176,3.1156,2.661,0.0,0.0,0.0,0.0,0.0,-2.1036,0.0,0.0,0.0,-1.942,0.0,3.6036,0.0,-2.2565,0.0
-1.785,-1.8323,2.0427,0.0,1.9105,0.0,-2.1517,-2.5549,3.3341,0.0,0.0,1.7144,-2.4726,2.4317,0.0,-1.6998,-2.2358,0.0,0.0,2.8958
0.0,0.0,0.0,0.0,0.0,3.2768,-3.4492,2.7147,4.117,0.0,0.0,2.3431,0.0,0.0,0.0,0.0,0.0,0.0,0.0,2.5201
0.0,0.0,1.9087,-1.889,1.8789,-1.7703,-2.3399,0.0,0.0,-1.8042,0.0,0.0,2.1121,0.0,-1.7604,-3.4625,1.5174,0.0,-2.618,3.3185
-3.3988,0.0,0.0,-2.8811,0.0,2.7165,-1.5278,0.0,0.0,0.0,0.0,1.5008,1.8192,-1.6861,0.0,-3.4373,0.0,0.0,0.0,-1.7628
0.0,1.7796,0.0,-3.2628,1.5793,-1.9569,3.1911,1.8118,0.0,0.0,0.0,-2.6921,0.0,0.0,-3.1762,0.0,0.0,0.0,0.0,1.9621
-3.9905,0.0,1.9073,0.0,-1.5844,0.0,4.2849,0.0,0.0,-2.2754,0.0,3.3591,0.0,-2.2437,0.0,2.2361,0.0,0.0,0.0,-1.6997
0.0,-2.424,0.0,0.0,0.0,3.9595,0.0,0.0,0.0,0.0,-2.1548,0.0,2.1285,0.0,0.0,1.6377,0.0,-2.5757,0.0,0.0
-1.6032,1.5247,0.0,0.0,0.0,0.0,-2.9482,-3.1386,0.0,-2.2236,1.5724,0.0,-1.893,0.0,0.0,0.0,-5.7899,0.0,0.0,0.0
-2.6366,0.0,2.1615,0.0,-2.1178,2.4573,-3.6316,0.0,-1.8051,0.0,0.0,0.0,0.0,2.4812,-3.9354,0.0,0.0,0.0,0.0,3.5679
0.0,0.0,-4.9128,0.0,0.0,0.0,2.7036,0.0,0.0,4.5043,0.0,0.0,1.6432,0.0,0.0,0.0,1.6203,0.0,2.1108,0.0
0.0,-1.6014,0.0,4.6741,0.0,-3.9144,0.0,1.9617,0.0,0.0,0.0,0.0,2.7006,0.0,-3.8542,0.0,1.8921,0.0,0.0,0.0
0.0,1.9514,0.0,0.0,0.0,2.7561,-5.6013,0.0,0.0,2.0046,1.7304,0.0,0.0,0.0,0.0,-2.8001,-2.2024,-2.3504,-2.5874,3.8804
-1.6492,0.0,0.0,0.0,0.0,1.5837,0.0,-2.7045,0.0,-2.5551,3.1821,0.0,4.4658,-3.21,2.1017,2.1411,0.0,0.0,3.8689,0.0
0.0,0.0,2.1142,0.0,0.0,-2.8481,2.2376,0.0,-3.5725,0.0,2.8172,0.0,-1.8572,-3.4363,0.0,3.3193,1.9472,0.0,-1.5091,0.0
0.0,-2.8998,-1.807,0.0,-1.5004,-1.6471,-2.1101,0.0,-2.3795,0.0,2.5913,0.0,0.0,-2.025,0.0,1.9057,0.0,-4.3402,0.0,0.0
0.0,0.0,4.0824,4.4179,0.0,3.3782,0.0,0.0,-1.5409,0.0,0.0,0.0,-4.667,0.0,-2.4001,1.6008,0.0,0.0,-1.8368,1.5974
0.0,0.0,0.0,1.9307,0.0,1.7437,2.2315,-2.0891,0.0,0.0,0.0,0.0,-1.5475,0.0,0.0,0.0,0.0,-2.5615,3.9865,0.0
0.0,0.0,0.0,0.0,0.0,0.0,0.0,-2.3182,3.3928,2.5804,0.0,0.0,0.0,3.295,2.3964,2.4865,1.8689,0.0,4.3798,0.0
0.0,-3.2344,-3.3736,0.0,0.0,1.6619,-1.6533,0.0,0.0,0.0,3.6916,0.0,0.0,0.0,-2.0275,2.1566,0.0,-4.4815,0.0,0.0
-2.2755,2.0219,1.563,0.0,0.0,2.0422,0.0,0.0,-4.0492,3.6289,2.5158,0.0,4.0431,0.0,-5.7001,3.4295,0.0,0.0,2.6671,2.2209
0.0,0.0,0.0,0.0,0.0,0.0,-2.6706,-3.9256,0.0,0.0,0.0,0.0,2.7973,0.0,0.0,0.0,0.0,2.3721,0.0,2.1256
0.0,3.2812,1.6474,-2.3066,-2.213,0.0,-3.3225,0.0,-2.0184,-4.3381,5.4715,3.414,0.0,0.0,3.3266,0.0,0.0,0.0,0.0,0.0
-2.7535,0.0,2.0141,0.0,0.0,0.0,0.0,0.0,0.0,-3.8216,0.0,0.0,3.3006,0.0,0.0,0.0,-2.8683,1.7773,-1.7693,0.0
0.0,0.0,0.0,3.2111,-2.0719,1.7562,0.0,-2.8318,0.0,-2.3735,2.9709,-3.323,0.0,0.0,-2.4194,1.7256,0.0,1.5888,0.0,0.0
0.0,0.0,3.9267,-3.3266,-2.9221,0.0,0.0,1.7816,0.0,-2.8077,-1.5952,-2.4009,0.0,2.0357,-3.5095,2.2365,3.16,1.5132,0.0,4.3875
-2.49,2.6269,-4.9504,0.0,-2.8911,0.0,0.0,0.0,0.0,0.0,5.3564,0.0,0.0,0.0,1.6943,1.7267,0.0,-1.5863,2.0992,0.0
3.3437,0.0,-2.0357,0.0,1.6486,-3.4641,-1.9399,-3.2941,0.0,0.0,0.0,0.0,0.0,0.0,-2.7426,2.7299,0.0,-2.2609,2.2653,4.4891
0.0,0.0,0.0,0.0,3.3147,0.0,-2.907,-1.9745,0.0,0.0,2.5713,-2.2577,-1.5977,0.0,3.4203,0.0,0.0,1.7656,0.0,0.0
0.0,3.2568,0.0,0.0,3.1734,5.0488,2.3336,0.0,0.0,0.0,-3.1877,-1.9482,-1.9344,4.1002,0.0,-2.8326,0.0,0.0,0.0,0.0
-2.66,0.0,0.0,3.3274,2.4178,0.0,0.0,3.125,-1.876,-2.0488,-1.8684,-2.321,1.5485,2.9171,0.0,5.6923,0.0,0.0,0.0,0.0
0.0,0.0,0.0,0.0,0.0,0.0,-3.9897,0.0,-2.9359,-3.3035,0.0,0.0,0.0,3.0639,0.0,0.0,0.0,0.0,4.5713,0.0
-3.7542,-1.8654,1.5027,0.0,3.937,2.0108,-2.4484,3.1963,3.9144,-3.03,2.4788,2.5551,0.0,1.9483,0.0,2.6959,0.0,0.0,0.0,3.9878
3.3455,0.0,-2.3871,-1.662,0.0,0.0,0.0,0.0,0.0,0.0,0.0,0.0,-4.4685,-2.1175,0.0,4.1069,0.0,0.0,0.0,0.0
2.0042,0.0,0.0,3.7841,3.9098,0.0,0.0,1.7843,2.756,0.0,3.5008,0.0,2.4984,-4.3656,0.0,0.0,2.6703,-2.6628,0.0,0.0
0.0,-2.7293,4.0086,1.9796,1.7818,1.7326,0.0,1.6479,0.0,0.0,-1.9013,0.0,0.0,0.0,-3.1847,0.0,-3.0392,1.5234,4.3986,0.0
0.0,0.0,-1.6794,1.7753,1.7458,0.0,-1.9513,3.5485,1.6995,0.0,0.0,-3.3489,-1.53,0.0,2.9752,2.3074,-2.4543,0.0,0.0,-1.8532
-2.1292,0.0,0.0,0.0,-2.9599,-1.9015,3.0914,0.0,0.0,0.0,2.1099,1.5078,0.0,0.0,0.0,0.0,0.0,0.0,0.0,2.5103
0.0,0.0,-1.5741,0.0,0.0,0.0,0.0,0.0,0.0,-1.7851,2.9193,0.0,2.3084,0.0,0.0,5.2416,0.0,6.438,-2.8613,-3.0718
-3.2087,0.0,0.0,0.0,-2.2102,0.0,2.2419,-1.6479,-1.6898,2.2452,4.2252,1.8498,0.0,0.0,0.0,3.8811,0.0,0.0,0.0,0.0
-3.9821,1.7873,1.8556,2.131,0.0,0.0,0.0,-1.5891,2.304,4.3258,1.7741,0.0,1.9377,-1.6493,0.0,0.0,0.0,1.8731,0.0,0.0
0.0,-2.2157,0.0,-2.2966,0.0,0.0,2.6312,0.0,0.0,0.0,2.8388,4.1936,4.8374,-2.369,0.0,2.1877,0.0,0.0,-5.0159,0.0
0.0,0.0,1.6692,0.0,-2.4844,0.0,1.7884,2.3651,-2.1898,-4.4019,0.0,3.8968,0.0,0.0,0.0,1.8991,0.0,3.3983,0.0,0.0
-2.4693,-2.9511,0.0,0.0,0.0,3.6836,0.0,0.0,-2.0961,5.3757,0.0,0.0,0.0,0.0,2.3635,-1.5415,0.0,0.0,0.0,0.0
2.4041,0.0,0.0,-2.4487,-3.5447,-2.1837,1.8087,0.0,-1.8272,0.0,2.0957,0.0,-1.5404,0.0,0.0,0.0,0.0,0.0,3.9991,0.0
0.0,-2.8803,3.011,0.0,2.3644,-3.053,0.0,3.3428,0.0,0.0,0.0,0.0,-2.4078,0.0,0.0,0.0,2.5175,-2.0165,0.0,-2.7305
-1.9351,-1.5995,1.882,0.0,0.0,-3.1508,0.0,0.0,-1.8862,0.0,0.0,-2.8336,3.7637,0.0,2.341,1.9119,0.0,0.0,1.8199,0.0
0.0,0.0,0.0,0.0,2.734,2.3105,-3.2962,4.0574,0.0,2.8488,0.0,0.0,0.0,0.0,0.0,2.6249,0.0,2.9291,-2.3314,-3.2886
-4.7864,0.0,3.1046,0.0,0.0,1.6783,0.0,0.0,0.0,-2.6725,0.0,-2.778,1.685,0.0,1.8074,-3.314,0.0,4.0567,-1.718,0.0
0.0,0.0,0.0,-2.8963,2.503,0.0,2.4932,0.0,0.0,2.2459,0.0,0.0,2.3322,3.0978,0.0,1.5943,0.0,1.6169,1.9402,2.2954
0.0,0.0,0.0,0.0,-1.7771,2.2172,-2.6807,0.0,0.0,0.0,1.646,0.0,0.0,0.0,-2.637,0.0,-2.4521,0.0,0.0,0.0
1.8643,0.0,1.9282,0.0,3.4502,0.0,-1.7085,0.0,0.0,-4.3607,0.0,-3.7645,0.0,4.2701,0.0,2.0184,0.0,2.963,3.4533,0.0
2.8191,0.0,0.0,2.2674,0.0,-2.7198,0.0,0.0,-1.6299,0.0,0.0,0.0,-1.9209,0.0,0.0,-2.628,-2.2012,0.0,0.0,-3.7781
0.0,1.975,0.0,2.7559,2.0846,2.6171,-1.6878,0.0,-2.4122,3.3781,-1.955,-1.8371,-1.5427,3.804,-3.8177,-1.516,-2.904,-4.1043,1.8798,0.0
0.0,1.6209,1.6423,1.8002,0.0,-2.7799,0.0,0.0,0.0,0.0,0.0,0.0,0.0,-1.6266,3.2092,0.0,2.642,0.0,-2.4902,0.0
0.0,0.0,0.0,0.0,0.0,0.0,0.0,-3.5095,-4.1137,0.0,0.0,-2.5532,0.0,1.8737,4.2704,2.6414,0.0,0.0,0.0,3.7974
0.0,0.0,0.0,0.0,2.7668,-1.9146,2.1145,-4.3932,0.0,-2.675,0.0,0.0,-2.209,1.8852,0.0,-2.012,0.0,0.0,0.0,-4.0374
1.865,-4.681,0.0,0.0,0.0,0.0,0.0,0.0,0.0,0.0,0.0,-2.1268,0.0,0.0,0.0,-2.7905,2.7784,0.0,-2.8944,0.0
1.7114,1.9009,2.769,0.0,0.0,-3.301,0.0,2.7456,1.5228,2.4754,3.4208,1.5049,0.0,0.0,0.0,-5.0661,-2.9987,0.0,0.0,0.0
0.0,1.6481,0.0,3.0484,0.0,0.0,0.0,0.0,0.0,-1.8682,-2.5899,-1.9698,1.8985,3.9904,-1.5589,0.0,5.314,4.0403,-2.1711,1.5985
0.0,0.0,-3.0401,4.8536,-3.231,0.0,0.0,0.0,0.0,0.0,0.0,0.0,-3.6239,-2.1982,0.0,0.0,0.0,2.0864,0.0,1.6678
0.0,0.0,-2.9359,0.0,0.0,-1.572,0.0,0.0,0.0,0.0,-2.1398,-1.6542,-2.1886,0.0,3.5909,-4.1509,-1.7076,-1.5967,0.0,-3.3433
0.0,1.6355,-3.368,0.0,0.0,0.0,0.0,-1.6377,0.0,0.0,0.0,0.0,1.6237,0.0,0.0,-1.6753,0.0,-1.5582,0.0,3.6156
2.6141,2.9201,0.0,0.0,0.0,0.0,0.0,0.0,0.0,0.0,-2.5602,0.0,0.0,-1.7232,-2.9773,-6.803,0.0,5.2269,0.0,0.0
0.0,-1.6577,0.0,0.0,-2.422,-3.3034,0.0,0.0,-1.6323,0.0,0.0,0.0,0.0,0.0,-1.8392,0.0,0.0,-2.2748,-5.314,-1.9207
2.9479,0.0,0.0,0.0,0.0,6.33,-2.8058,0.0,-4.1208,0.0,0.0,0.0,-3.4774,-3.2077,4.5946,0.0,0.0,2.6813,0.0,0.0
0.0,0.0,0.0,3.1079,0.0,0.0,3.1966,0.0,0.0,0.0,0.0,-1.8774,0.0,0.0,2.3127,0.0,2.225,-3.8027,0.0,1.8292
0.0,-2.1632,0.0,0.0,0.0,-3.2817,-2.0728,0.0,0.0,-4.7078,0.0,0.0,2.2488,6.3099,2.7556,0.0,0.0,-1.6377,2.8961,-2.1967
1.7955,0.0,0.0,0.0,2.4218,0.0,0.0,0.0,0.0,3.9059,-2.2428,-4.2869,0.0,0.0,0.0,1.6967,-2.4717,-2.9678,2.3653,0.0
0.0,-4.3378,1.677,0.0,0.0,1.946,0.0,0.0,-3.3774,0.0,-1.9304,-2.8964,-2.1087,0.0,0.0,0.0,0.0,0.0,-1.7621,-2.5722
0.0,1.8986,2.4046,2.5146,0.0,-2.9104,0.0,2.4559,0.0,0.0,0.0,0.0,0.0,0.0,0.0,0.0,-1.7632,0.0,2.6524,1.9056
0.0,0.0,-4.3829,2.9439,-2.4094,0.0,2.2259,-2.8365,-3.6648,-2.3962,-2.9556,2.6872,2.4466,-1.7057,0.0,-2.5608,0.0,-2.7824,-2.6088,2.4732
2.1657,-2.6065,0.0,-1.6563,0.0,2.9414,-2.934,-1.6525,0.0,1.5798,0.0,-3.5636,0.0,0.0,0.0,0.0,0.0,0.0,-1.5944,-2.6098
-4.4534,-1.595,0.0,-1.7102,-3.6798,-4.9934,0.0,-1.8246,0.0,0.0,-1.5064,0.0,-1.5228,0.0,0.0,0.0,-2.2854,0.0,0.0,0.0
-1.815,-2.2307,0.0,0.0,0.0,5.2584,0.0,-1.7371,0.0,0.0,0.0,0.0,2.5858,1.576,2.9532,-2.59,0.0,2.1847,0.0,0.0
0.0,0.0,3.5177,-3.5411,0.0,1.5859,-4.0556,0.0,2.4706,-3.0745,0.0,2.5071,-1.6032,-2.4807,0.0,0.0,0.0,-1.9533,0.0,0.0
2.8211,3.1499,-2.489,3.0041,0.0,0.0,0.0,0.0,0.0,3.1921,3.8737,0.0,0.0,0.0,-1.5012,0.0,0.0,0.0,0.0,2.0903
0.0,0.0,2.1987,1.855,2.8725,3.8517,3.2653,3.1452,0.0,0.0,0.0,0.0,0.0,-1.8495,-2.3904,-1.8616,0.0,-3.4425,-1.9389,2.0122
3.5401,2.6497,0.0,0.0,0.0,-2.1966,-2.4743,-2.7468,-5.4394,0.0,0.0,-2.1298,-2.6446,0.0,0.0,-2.5374,0.0,3.133,3.0108,1.6942
-1.8059,-3.7523,0.0,5.3424,0.0,-2.0674,0.0,1.9283,1.674,3.0514,0.0,0.0,0.0,0.0,-3.3238,2.1553,1.9932,0.0,-3.0515,4.6637
-2.0725,3.4551,0.0,0.0,0.0,-2.0349,0.0,-1.7841,-3.4743,-2.1041,-3.0194,0.0,-2.3134,-2.2016,2.6653,0.0,3.4286,-3.9537,0.0,0.0
-2.4591,0.0,0.0,0.0,0.0,0.0,2.0699,0.0,0.0,3.8075,-4.306,0.0,0.0,0.0,0.0,-2.2635,0.0,0.0,1.9277,-1.8584
0.0,-1.7177,1.687,0.0,1.9308,0.0,0.0,0.0,0.0,0.0,0.0,0.0,-2.678,0.0,0.0,-1.7478,-3.401,0.0,2.0894,-2.1466
0.0,0.0,0.0,1.5418,2.6831,-3.3695,0.0,3.3536,0.0,0.0,-2.7191,0.0,-5.0667,0.0,0.0,-2.5252,-2.6315,0.0,-2.5171,0.0
1.5123,3.0319,0.0,0.0,-3.6195,4.4919,1.6833,0.0,0.0,2.468,0.0,0.0,0.0,0.0,0.0,0.0,0.0,3.6767,4.1804,0.0
1.9524,0.0,0.0,-1.613,0.0,0.0,0.0,-4.2314,-3.2822,0.0,-2.5896,0.0,-2.611,2.8089,2.695,-3.4179,0.0,-2.6658,0.0,2.4672
-3.4107,0.0,0.0,2.5844,0.0,-3.0693,2.9726,0.0,1.5136,2.5831,0.0,0.0,0.0,0.0,0.0,-3.6438,0.0,0.0,0.0,-2.7441
3.7066,0.0,3.4127,0.0,2.299,2.0163,0.0,0.0,0.0,3.3191,1.6851,0.0,0.0,0.0,0.0,-2.5278,2.8198,-2.1524,1.5127,0.0
0.0,0.0,0.0,-2.9605,-3.1997,0.0,0.0,0.0,-2.2774,0.0,2.1568,0.0,0.0,-1.7786,0.0,2.0656,-1.6246,-2.6893,0.0,-1.7705
2.8788,0.0,0.0,0.0,4.1577,0.0,0.0,-2.3908,3.8054,0.0,2.6884,-3.5735,-3.0072,0.0,2.7286,0.0,-2.6746,-1.5013,0.0,2.2697
-1.747,3.1858,0.0,1.7701,0.0,-3.336,0.0,0.0,0.0,0.0,1.7151,-2.0721,0.0,0.0,0.0,2.3975,0.0,1.7346,3.6256,-3.6997
0.0,2.0231,-1.8906,0.0,0.0,0.0,0.0,0.0,-5.1159,0.0,0.0,0.0,0.0,0.0,-1.6097,0.0,1.9469,0.0,0.0,3.4727
0.0,2.2097,0.0,0.0,0.0,-1.9155,0.0,0.0,-2.2054,0.0,0.0,1.6432,2.2016,-2.0573,-4.362,0.0,0.0,0.0,-2.5143,0.0
0.0,0.0,-1.8962,2.3856,0.0,0.0,2.6685,0.0,0.0,1.7325,0.0,2.5857,3.273,0.0,0.0,0.0,2.8286,-2.8739,2.7612,0.0
0.0,-2.4955,-2.5442,1.9502,1.8991,2.8344,1.5758,0.0,0.0,0.0,0.0,0.0,0.0,0.0,2.499,2.0635,1.9928,-2.2643,3.552,0.0
2.2251,-4.2347,0.0,1.935,0.0,1.7955,-2.5385,0.0,0.0,0.0,2.2358,0.0,0.0,0.0,2.3976,1.542,-4.134,0.0,-2.2447,1.9455
-2.5364,0.0,-3.7487,2.4977,1.6083,0.0,0.0,0.0,0.0,0.0,0.0,2.4476,4.3092,0.0,0.0,0.0,0.0,0.0,2.9835,0.0
0.0,4.417,0.0,-3.9717,0.0,-2.1937,0.0,0.0,0.0,0.0,1.8733,0.0,0.0,2.8317,2.3563,-2.934,5.067,0.0,-1.5454,0.0
0.0,0.0,1.8993,0.0,0.0,0.0,0.0,0.0,0.0,-1.7906,0.0,-2.657,0.0,2.5162,0.0,0.0,0.0,0.0,0.0,0.0
0.0,0.0,3.1484,0.0,0.0,0.0,1.8028,2.1917,3.5798,1.9131,-2.4479,0.0,0.0,0.0,0.0,0.0,0.0,0.0,-2.543,0.0
0.0,0.0,1.576,-3.5175,-1.6505,0.0,0.0,-2.8923,0.0,0.0,3.6057,0.0,0.0,1.9086,0.0,0.0,0.0,0.0,0.0,0.0
-1.6215,0.0,0.0,0.0,0.0,-1.9957,0.0,0.0,0.0,2.2759,-1.9104,-2.4941,0.0,1.5534,1.6098,-2.3854,-1.6099,0.0,0.0,3.5168
-3.4801,4.0605,2.1484,0.0,0.0,-1.9251,0.0,0.0,0.0,0.0,0.0,1.8259,-1.5795,-2.312,4.3678,1.7747,0.0,-1.6139,3.3101,0.0
0.0,1.5163,0.0,0.0,-1.6616,3.2941,0.0,0.0,1.6241,0.0,-2.078,0.0,0.0,0.0,-3.7038,0.0,2.8565,0.0,0.0,-2.8642
0.0,0.0,-3.9652,0.0,2.7571,0.0,-1.5294,3.259,0.0,1.8285,2.8394,-2.2663,3.3242,0.0,0.0,0.0,0.0,0.0,-3.879,5.5352
4.1226,2.2211,1.8824,0.0,0.0,0.0,0.0,2.7445,0.0,0.0,0.0,0.0,0.0,0.0,0.0,0.0,1.8746,-4.5503,0.0,1.5641
0.0,5.5213,0.0,0.0,-1.582,-1.561,-1.5241,0.0,0.0,0.0,1.5619,4.3418,0.0,0.0,1.945,0.0,0.0,0.0,0.0,-1.6036
3.2544,-4.4845,-2.2022,0.0,0.0,1.6344,0.0,0.0,0.0,0.0,0.0,0.0,1.6906,0.0,-2.2618,-1.7647,2.1298,2.0579,0.0,-1.8624
0.0,3.2248,0.0,0.0,0.0,-1.9075,2.1092,3.0546,0.0,1.7352,0.0,1.7636,0.0,-2.8088,1.9717,1.5901,0.0,0.0,3.7311,0.0
2.8713,2.7857,3.6801,-1.8917,0.0,-3.4287,-3.2924,-2.1583,2.6676,0.0,-2.0953,0.0,0.0,0.0,1.6331,4.2323,5.8613,0.0,0.0,0.0
4.3065,0.0,0.0,0.0,0.0,0.0,-3.3282,2.0371,-2.8519,-3.5174,0.0,3.6523,0.0,0.0,3.9477,1.8719,0.0,0.0,-1.5819,0.0
2.5434,0.0,0.0,-3.3182,2.6608,0.0,4.1969,0.0,0.0,4.9304,1.7968,2.477,0.0,0.0,1.7796,-1.708,2.2323,0.0,0.0,-2.0445
0.0,0.0,0.0,0.0,0.0,0.0,2.8415,3.5432,1.6047,0.0,0.0,-4.5872,0.0,2.0712,0.0,0.0,0.0,0.0,2.2712,0.0
0.0,0.0,1.9386,3.3728,0.0,0.0,0.0,0.0,0.0,0.0,5.0163,0.0,0.0,2.2735,2.6712,0.0,-3.424,-2.9693,1.5168,0.0
0.0,-4.2439,1.5682,4.559,0.0,0.0,4.197,5.2826,1.5783,2.1777,0.0,0.0,0.0,0.0,1.5804,-6.8513,-1.752,0.0,-1.9206,0.0
0.0,0.0,0.0,0.0,0.0,0.0,0.0,0.0,2.2842,-5.2175,0.0,2.8433,0.0,0.0,0.0,-1.6887,0.0,0.0,-2.548,0.0
0.0,0.0,2.5731,2.1714,0.0,0.0,1.8793,0.0,0.0,1.9015,-1.6008,2.9711,0.0,0.0,1.5912,0.0,3.0399,0.0,0.0,-4.0372
-3.446,0.0,0.0,0.0,-1.6574,0.0,0.0,0.0,-3.3704,-1.9595,0.0,0.0,0.0,-1.8554,0.0,0.0,-1.9675,3.6932,-2.9994,-1.8441
-3.2677,0.0,-2.585,-1.5297,0.0,0.0,-2.0519,-2.3795,0.0,0.0,-1.9695,0.0,0.0,-2.2355,0.0,-1.6324,4.6987,0.0,0.0,0.0
-2.2383,-3.2217,0.0,0.0,2.478,0.0,-2.8596,-1.7696,2.4884,-3.4901,0.0,1.5655,-2.3203,0.0,-2.7008,2.1128,0.0,2.7829,-3.8972,2.2706
-2.158,0.0,0.0,-2.774,1.635,0.0,0.0,0.0,0.0,0.0,0.0,0.0,0.0,0.0,-1.5145,3.6259,0.0,3.3163,0.0,0.0
0.0,0.0,0.0,0.0,1.9289,-4.2708,0.0,0.0,0.0,0.0,0.0,1.8743,0.0,0.0,2.358,-2.1128,0.0,-1.7844,0.0,0.0
1.541,0.0,0.0,2.1518,0.0,-2.0134,0.0,0.0,2.6613,2.2825,2.11,-2.5512,1.7117,0.0,2.0106,0.0,0.0,0.0,3.0717,0.0
0.0,1.6112,0.0,-3.2302,0.0,0.0,0.0,0.0,2.4471,1.9979,0.0,0.0,-1.8741,0.0,0.0,1.9369,0.0,0.0,0.0,0.0
0.0,0.0,0.0,2.6707,0.0,0.0,2.5071,-1.8419,1.6033,0.0,-3.2704,0.0,0.0,-1.652,0.0,1.9693,0.0,1.9326,0.0,2.8131
0.0,-2.794,1.6523,2.2683,1.5106,2.6417,0.0,0.0,0.0,0.0,0.0,0.0,0.0,0.0,0.0,2.0128,0.0,3.3459,-3.6812,0.0
0.0,-1.5489,0.0,0.0,0.0,0.0,0.0,0.0,-3.0002,-1.6101,0.0,2.7693,-2.1875,1.8282,0.0,0.0,2.6801,0.0,0.0,1.933
0.0,4.3258,0.0,0.0,-2.5631,4.2385,1.6959,0.0,0.0,0.0,0.0,0.0,1.559,2.4376,0.0,0.0,0.0,-1.6038,1.8749,-1.8199
3.5757,-4.0169,0.0,0.0,0.0,0.0,0.0,0.0,-2.3206,0.0,0.0,3.0748,0.0,0.0,-1.8599,-3.2078,0.0,2.3282,0.0,-1.5928
0.0,0.0,-3.265,0.0,-1.7844,-1.6792,0.0,-2.783,0.0,0.0,0.0,0.0,0.0,0.0,-3.0229,-2.236,0.0,0.0,0.0,0.0
0.0,0.0,0.0,-1.5552,-2.2989,0.0,0.0,1.8597,-2.1978,0.0,-3.2984,0.0,0.0,-2.0825,2.4045,0.0,2.1712,0.0,0.0,0.0
0.0,0.0,2.2935,0.0,0.0,2.8467,0.0,4.4194,0.0,0.0,-1.9724,0.0,0.0,0.0,0.0,1.5769,-4.0176,2.2661,-4.0584,0.0
0.0,-2.1258,0.0,0.0,0.0,0.0,-2.8367,1.7637,-2.221,0.0,2.4291,-2.1541,0.0,0.0,0.0,0.0,1.8345,3.9809,0.0,2.0103
2.6303,3.625,-1.8325,1.9321,0.0,0.0,1.6637,2.0859,3.1693,-1.9761,-1.8421,-3.9061,0.0,0.0,0.0,0.0,0.0,-2.6777,-2.2186,3.552
4.2161,-1.8974,-2.3179,-1.5622,0.0,0.0,0.0,1.9284,0.0,0.0,4.2392,-2.9723,0.0,0.0,0.0,0.0,3.2937,0.0,0.0,0.0
-2.4016,2.5482,0.0,2.5258,0.0,-2.2468,0.0,0.0,0.0,0.0,2.2485,0.0,-1.8516,0.0,0.0,2.8914,-2.2633,-2.531,0.0,0.0
-2.6247,0.0,0.0,0.0,-2.2219,-1.7462,-1.9468,0.0,1.7039,0.0,0.0,-5.1213,0.0,-3.2675,-2.0941,0.0,0.0,0.0,0.0,0.0
0.0,-2.026,0.0,-2.1939,0.0,0.0,-1.7546,3.3158,-1.835,0.0,2.8541,0.0,-2.5496,-2.2772,0.0,0.0,-1.8778,0.0,0.0,0.0
-1.9937,0.0,-1.6395,0.0,0.0,0.0,2.4248,0.0,0.0,-2.4336,0.0,3.4905,0.0,-2.04,0.0,0.0,0.0,-2.6134,-2.9768,0.0
0.0,1.5699,4.0492,0.0,-2.957,0.0,0.0,-2.4233,0.0,0.0,1.8158,1.5171,-2.2283,0.0,2.6428,0.0,0.0,1.5088,0.0,-2.0299
-4.0741,0.0,1.682,0.0,0.0,0.0,1.9328,-2.8192,0.0,0.0,-3.6397,0.0,-3.5806,0.0,2.2049,0.0,0.0,-2.2097,3.825,-3.9542
0.0,1.8906,0.0,3.1943,-3.2301,0.0,0.0,0.0,0.0,2.276,2.391,2.2988,0.0,-1.7668,1.7262,0.0,0.0,0.0,0.0,-2.8153
-2.6221,0.0,2.596,2.8357,0.0,-1.8896,2.3516,-5.8661,0.0,0.0,2.6816,1.9354,0.0,-2.033,-2.1022,-2.9072,-4.323,0.0,0.0,-2.0438
0.0,0.0,-3.6512,-1.7438,0.0,0.0,-2.3547,1.6137,-2.0443,0.0,0.0,-1.6418,0.0,1.7674,0.0,0.0,3.2057,0.0,2.1171,1.531
0.0,0.0,0.0,0.0,-2.103,0.0,0.0,0.0,0.0,-3.5722,0.0,2.2359,0.0,0.0,0.0,-1.7339,0.0,0.0,0.0,0.0
2.9799,-2.2225,0.0,0.0,0.0,-2.7646,-2.2477,0.0,0.0,0.0,2.5294,2.3827,-1.7362,1.7132,0.0,-1.7145,-2.535,2.889,-2.8565,1.6021
-1.5582,0.0,0.0,0.0,1.5638,0.0,-2.0778,0.0,-3.8261,0.0,0.0,3.1502,-5.3084,0.0,-4.9432,0.0,5.0465,0.0,0.0,1.509
0.0,0.0,0.0,-2.1093,-1.9554,-1.515,2.1886,0.0,0.0,1.8769,1.7368,0.0,-1.5198,0.0,-2.4462,-1.9181,1.5094,-2.1522,2.3581,2.1514
0.0,0.0,-2.2073,0.0,5.6139,1.6288,0.0,0.0,0.0,2.5547,0.0,-2.6122,0.0,0.0,0.0,0.0,0.0,-1.5647,0.0,0.0
0.0,3.3036,0.0,4.2927,0.0,-1.508,0.0,-3.2306,0.0,-1.5122,0.0,0.0,0.0,0.0,0.0,0.0,0.0,-1.6997,3.0579,0.0
0.0,-2.2379,2.0708,-2.9425,0.0,0.0,0.0,1.5297,-2.9137,1.7882,0.0,0.0,-3.7354,0.0,0.0,-2.1382,1.623,0.0,-2.9084,0.0
0.0,0.0,1.5419,0.0,0.0,0.0,-3.3706,3.6833,0.0,-5.1015,-3.6982,-2.0198,-2.1909,2.0899,-2.8522,0.0,-3.2326,-4.8557,2.4645,3.1752
1.7402,1.8826,0.0,0.0,0.0,0.0,0.0,0.0,0.0,1.8701,0.0,0.0,-1.8697,0.0,0.0,-1.723,0.0,0.0,-6.0725,0.0
0.0,0.0,-2.9662,0.0,7.1307,3.1755,-3.7911,-2.9327,1.9945,0.0,0.0,0.0,-4.5806,2.2132,0.0,0.0,0.0,1.9117,0.0,0.0
0.0,0.0,0.0,-1.8389,-5.0997,0.0,1.8754,0.0,0.0,0.0,1.6334,0.0,2.2893,0.0,-2.3744,0.0,0.0,3.9455,0.0,0.0
-2.1821,0.0,0.0,0.0,1.5843,0.0,0.0,0.0,-1.7776,1.7704,0.0,0.0,1.7785,0.0,-2.6533,0.0,0.0,1.8931,0.0,-2.1803
-2.9093,-3.2079,0.0,0.0,0.0,1.5291,0.0,-2.1715,4.1264,0.0,0.0,0.0,-1.6648,1.5047,-1.8267,0.0,0.0,0.0,2.9512,0.0
0.0,-2.456,2.0188,-2.9984,0.0,1.9318,0.0,0.0,3.6524,2.4429,0.0,1.7766,1.5392,0.0,0.0,0.0,0.0,-1.9542,0.0,-3.0366
0.0,3.9276,0.0,0.0,2.2825,-2.4259,0.0,2.2523,2.5927,4.4434,-1.728,0.0,-3.5204,-3.1477,2.4846,-2.5857,-4.6862,0.0,0.0,2.0741
0.0,0.0,0.0,-1.5419,0.0,-2.4947,0.0,0.0,0.0,-4.6397,1.6346,2.1797,0.0,-3.6368,0.0,0.0,-1.8227,0.0,0.0,0.0
4.8942,0.0,0.0,0.0,-2.9536,0.0,0.0,0.0,-3.2031,0.0,0.0,-1.5127,3.056,0.0,-1.7542,-1.6942,3.1612,0.0,0.0,1.5947
-2.4168,0.0,0.0,0.0,3.5935,1.7191,1.7643,-2.9862,-1.6855,3.4617,0.0,1.5444,-2.0508,5.5252,2.5865,-3.608,2.1687,-1.5927,0.0,2.0029
0.0,0.0,-2.3084,0.0,0.0,0.0,0.0,0.0,0.0,0.0,0.0,0.0,1.7982,-2.4297,0.0,3.3838,-2.3926,0.0,0.0,0.0
-3.0342,0.0,2.3897,0.0,0.0,0.0,0.0,-1.9017,0.0,0.0,-2.7647,1.5119,0.0,2.752,1.8705,0.0,0.0,0.0,3.6139,1.6824
3.4169,-1.5524,2.5279,0.0,2.7413,-3.6066,-1.7717,0.0,0.0,-2.4963,0.0,2.7242,0.0,0.0,0.0,0.0,0.0,0.0,0.0,-2.9769
0.0,0.0,0.0,0.0,0.0,2.2314,-4.7785,1.6874,0.0,-1.7565,-4.551,1.6533,0.0,0.0,-2.3428,0.0,0.0,3.0498,0.0,1.5873
0.0,0.0,0.0,-2.1278,-2.535,2.3018,0.0,2.5832,0.0,5.2552,0.0,0.0,0.0,0.0,1.5748,0.0,-1.8503,-2.5402,2.4665,-1.9009
0.0,3.3775,0.0,0.0,0.0,0.0,0.0,1.8063,0.0,0.0,0.0,0.0,-1.6355,0.0,-1.9932,-2.2305,0.0,-3.3915,0.0,0.0
0.0,0.0,0.0,0.0,0.0,3.6086,0.0,0.0,0.0,3.5538,0.0,-4.2442,-2.1331,0.0,1.5181,0.0,0.0,-3.1872,-2.1899,1.9081
1.9547,0.0,0.0,3.5209,0.0,0.0,1.9175,1.855,0.0,0.0,0.0,-4.6623,0.0,0.0,0.0,0.0,0.0,-1.8149,1.5859,0.0
0.0,1.6923,0.0,0.0,0.0,5.2229,2.0421,-2.933,2.4087,0.0,3.8085,0.0,2.9253,0.0,-1.7581,0.0,0.0,0.0,2.1738,0.0
2.0755,0.0,0.0,0.0,2.2398,-2.0874,-1.5078,0.0,2.2322,2.4097,-2.6356,0.0,0.0,1.5038,0.0,0.0,2.9734,2.2671,4.231,3.4812
-2.5027,-1.9536,-1.9153,0.0,0.0,0.0,0.0,1.5918,0.0,0.0,0.0,-5.0013,-2.2409,0.0,2.0598,0.0,2.1551,0.0,-2.9556,-1.8695
0.0,-2.3516,0.0,4.1657,-1.7294,-2.5574,0.0,4.656,1.9863,3.9414,3.0721,0.0,2.2034,0.0,0.0,-1.9974,2.8334,0.0,-1.6837,1.9514
-3.6387,-1.5478,0.0,0.0,0.0,0.0,3.8133,1.6463,-1.5127,-1.7897,2.1122,1.8385,0.0,0.0,0.0,0.0,2.4366,0.0,1.8544,0.0
-4.978,-2.5548,0.0,0.0,0.0,0.0,4.0562,0.0,0.0,0.0,0.0,-3.3599,0.0,0.0,2.0629,0.0,2.6704,-1.5465,0.0,2.1383
0.0,0.0,-3.0139,0.0,4.4031,0.0,0.0,0.0,0.0,0.0,0.0,5.541,-2.5276,0.0,0.0,1.5468,0.0,-2.2002,0.0,0.0
0.0,2.0852,0.0,0.0,1.7225,2.56,0.0,0.0,0.0,-1.6476,-3.0521,-2.0343,0.0,0.0,-3.0246,0.0,0.0,0.0,0.0,-2.0179
2.3828,2.8838,2.542,-2.6399,0.0,2.0092,2.6846,0.0,-2.493,-3.9695,0.0,0.0,3.5662,-2.2024,-3.1357,0.0,0.0,-3.6461,0.0,2.1032
1.5995,0.0,-1.75,-1.9551,0.0,0.0,0.0,2.9587,1.6546,0.0,0.0,-3.0426,-2.8356,0.0,2.7459,0.0,2.9648,3.1482,0.0,-2.7373
0.0,0.0,2.1698,0.0,4.1317,1.5901,0.0,0.0,0.0,2.8442,0.0,0.0,0.0,0.0,0.0,-1.6027,0.0,-1.659,-1.8757,0.0
3.3717,0.0,0.0,0.0,0.0,-3.9905,2.299,-2.7195,-6.055,0.0,0.0,3.0203,-2.8861,0.0,0.0,0.0,0.0,0.0,0.0,-2.5988
0.0,2.5661,0.0,1.9767,-2.9492,2.2095,0.0,0.0,0.0,0.0,0.0,2.8303,-2.3901,0.0,2.1748,0.0,-2.4035,0.0,0.0,-2.4789
0.0,-3.1332,-1.6885,0.0,-3.5922,0.0,2.2925,1.7701,5.0509,-1.5184,-2.4928,0.0,-1.9473,0.0,0.0,0.0,0.0,0.0,0.0,-3.8986
2.5357,2.0796,0.0,0.0,1.6692,0.0,-1.5984,-3.5756,0.0,0.0,0.0,0.0,0.0,2.0968,-1.592,0.0,-1.6747,0.0,4.6362,0.0
-3.2352,-3.2992,-2.0548,-2.8156,0.0,2.0213,2.9171,2.4522,1.9615,3.5563,0.0,0.0,-2.4235,0.0,0.0,-2.6972,0.0,0.0,2.479,0.0
0.0,2.9236,0.0,-1.681,-2.212,4.055,-3.4195,-3.0866,0.0,0.0,0.0,-3.5477,2.2643,0.0,-3.7861,1.7252,1.5501,0.0,0.0,0.0
-2.5677,0.0,0.0,2.6673,2.8,2.8133,0.0,0.0,0.0,-2.4176,0.0,3.2037,0.0,-2.3519,2.4021,0.0,0.0,2.5107,0.0,0.0
-2.6004,0.0,0.0,0.0,2.3819,1.8188,0.0,2.0174,0.0,0.0,-2.1449,0.0,-2.3448,0.0,0.0,0.0,0.0,-4.5273,2.1212,0.0
-2.5538,-2.1339,2.2017,0.0,0.0,0.0,0.0,0.0,-3.6607,-3.1019,0.0,0.0,0.0,-2.8283,-3.4416,0.0,0.0,0.0,0.0,6.8022
0.0,0.0,0.0,2.0347,0.0,0.0,1.509,-3.0923,0.0,-1.9237,-1.6985,-1.6189,0.0,4.3415,0.0,-2.0045,0.0,0.0,0.0,0.0
0.0,0.0,0.0,-1.8091,0.0,-1.7053,0.0,0.0,0.0,0.0,0.0,0.0,0.0,0.0,2.6602,0.0,0.0,2.3825,0.0,2.7184
0.0,0.0,0.0,1.8326,-1.9056,3.181,0.0,-1.5808,8.8847,0.0,0.0,-2.0571,0.0,0.0,-2.5392,0.0,2.3965,1.8721,0.0,1.9765
0.0,2.1272,-2.496,0.0,0.0,1.9214,0.0,-2.9146,0.0,0.0,0.0,-1.5953,-2.2695,-3.8957,-2.3811,-2.2353,0.0,3.5595,-2.6051,-2.4338
2.8125,0.0,2.0526,-2.3743,0.0,1.5331,1.5015,0.0,1.5795,0.0,0.0,0.0,-3.413,-3.1357,-2.9304,-4.1168,0.0,0.0,0.0,2.8768
1.573,-1.7362,2.6204,0.0,0.0,0.0,0.0,0.0,-2.3263,0.0,-1.8068,-3.1465,0.0,0.0,0.0,0.0,0.0,0.0,0.0,-3.8997
-2.9508,0.0,-1.9372,0.0,0.0,-3.4075,1.7774,0.0,2.5789,0.0,-2.3776,2.0383,-2.5744,-2.8367,1.6534,3.364,0.0,0.0,-1.8904,5.6522
-1.6019,0.0,0.0,3.3444,0.0,0.0,-2.8502,-2.3382,2.6438,0.0,-2.1536,3.6715,-3.2701,0.0,0.0,3.4394,0.0,0.0,0.0,-1.6191
1.875,0.0,0.0,0.0,0.0,-2.5037,0.0,0.0,0.0,0.0,0.0,0.0,2.5467,-3.6218,-2.8317,0.0,1.5156,0.0,0.0,0.0
0.0,2.367,0.0,2.0621,2.0749,0.0,1.5002,0.0,0.0,0.0,0.0,0.0,0.0,1.5235,1.7454,0.0,0.0,-1.7305,2.7102,-1.8649
0.0,4.2677,-3.2361,0.0,0.0,0.0,4.4493,0.0,2.4887,0.0,0.0,2.85,2.244,-1.5068,0.0,0.0,2.0162,0.0,0.0,0.0
-2.9528,0.0,0.0,2.435,-3.7297,0.0,0.0,-1.7865,0.0,0.0,0.0,2.0046,0.0,-5.403,3.6281,0.0,0.0,-2.2244,-2.76,0.0
0.0,-3.3408,0.0,0.0,0.0,1.9647,0.0,0.0,0.0,0.0,0.0,3.483,0.0,1.7911,0.0,-1.7689,0.0,0.0,2.142,0.0
1.9384,0.0,-1.8484,-3.362,-2.424,0.0,0.0,0.0,0.0,0.0,0.0,-1.7578,2.5641,1.8548,0.0,0.0,0.0,-2.0322,0.0,-3.6387
2.4663,1.9106,0.0,2.4673,0.0,0.0,0.0,0.0,0.0,-1.546,0.0,0.0,-1.6144,0.0,-2.0665,0.0,0.0,0.0,-3.1351,0.0
0.0,0.0,0.0,0.0,0.0,7.4185,2.4989,0.0,0.0,0.0,0.0,0.0,0.0,1.8315,0.0,0.0,2.1175,0.0,2.4903,-1.5002
0.0,0.0,2.8047,2.5501,0.0,0.0,0.0,-2.0281,2.7411,0.0,2.3621,2.0413,0.0,0.0,0.0,1.6713,0.0,2.3527,0.0,-2.9197
-4.7867,0.0,-3.8013,-2.0827,0.0,0.0,2.1621,0.0,0.0,4.4672,0.0,0.0,2.3789,0.0,1.8847,4.68,0.0,0.0,0.0,0.0
2.4255,0.0,0.0,0.0,0.0,2.1763,1.5891,0.0,3.0834,0.0,0.0,4.5727,-2.7805,5.4695,0.0,0.0,0.0,-1.8677,2.8266,0.0
0.0,2.6595,0.0,0.0,0.0,2.3169,0.0,2.7863,-3.1047,5.1571,-1.9899,0.0,0.0,0.0,0.0,4.6214,-4.148,0.0,-2.3387,-2.3141
0.0,0.0,0.0,2.5501,0.0,0.0,-2.3328,0.0,-2.7534,0.0,-1.7051,0.0,0.0,0.0,0.0,-1.7495,3.5785,-3.2835,0.0,-2.214
-1.9644,-2.1361,0.0,0.0,0.0,0.0,-1.6151,-2.8392,2.2761,-3.0456,-3.5605,-2.9693,0.0,1.7769,2.3765,0.0,0.0,0.0,-3.1235,0.0
-2.4843,0.0,4.8094,1.6478,0.0,0.0,2.2409,-2.7573,0.0,0.0,0.0,-4.022,2.1439,0.0,-1.6458,2.1108,1.6053,0.0,0.0,-4.6957
-3.3273,-3.1188,0.0,-1.7063,0.0,0.0,0.0,1.6429,0.0,5.3589,0.0,0.0,0.0,1.97,0.0,0.0,0.0,0.0,0.0,0.0
-3.4183,-3.2172,-4.6104,4.9937,-1.6504,1.6869,-1.6662,2.2998,0.0,2.1514,0.0,-3.9942,2.5467,0.0,2.6037,1.6965,-2.0798,-1.6498,0.0,0.0
0.0,0.0,0.0,-4.6783,-2.1776,0.0,-1.5873,0.0,0.0,0.0,2.6023,0.0,0.0,0.0,0.0,0.0,0.0,-1.5217,0.0,0.0
-1.6669,-1.6075,2.451,0.0,1.6264,-1.6698,2.756,-1.7123,4.1372,0.0,-5.1818,0.0,2.7206,-2.4188,0.0,4.9823,2.0487,1.7054,2.7356,0.0
0.0,-3.5827,1.603,0.0,0.0,0.0,0.0,-1.6323,0.0,-2.5881,-4.9244,4.0546,-2.2916,0.0,0.0,0.0,3.5452,3.0842,0.0,0.0
0.0,0.0,4.572,2.9917,1.9967,3.5097,0.0,-3.5821,0.0,0.0,-2.8003,0.0,0.0,1.6932,0.0,0.0,0.0,0.0,0.0,1.7473
-2.6591,0.0,0.0,-1.7236,-2.4945,3.3262,0.0,4.5195,0.0,0.0,0.0,3.6272,0.0,0.0,1.8367,-4.4202,3.3835,-3.6471,0.0,0.0
0.0,-1.8244,4.127,0.0,3.261,0.0,3.5132,0.0,2.4918,1.7469,0.0,2.3902,0.0,0.0,0.0,2.9911,2.5904,2.3309,-2.1854,0.0
0.0,0.0,0.0,-2.8107,0.0,2.5094,0.0,4.6872,-1.8027,2.7281,0.0,2.1056,-2.429,0.0,0.0,2.5054,0.0,-2.9458,0.0,0.0
1.5111,-5.2857,2.7609,0.0,0.0,2.7695,0.0,0.0,0.0,0.0,0.0,0.0,-2.5673,0.0,-2.986,-1.7991,0.0,0.0,0.0,0.0
0.0,-1.8538,0.0,0.0,2.026,-2.0337,-1.645,0.0,1.9064,-2.6533,2.0723,0.0,2.7983,0.0,0.0,-1.8731,-2.2226,0.0,0.0,1.6391
-3.1892,0.0,0.0,0.0,2.5514,0.0,0.0,0.0,2.8565,0.0,0.0,-3.262,4.6677,0.0,0.0,-1.8234,6.1304,0.0,2.3744,0.0
-2.2484,-2.8491,0.0,0.0,-2.0211,1.5022,0.0,1.6113,5.0746,0.0,3.6489,0.0,2.4716,0.0,1.5006,0.0,0.0,0.0,-5.8695,0.0
0.0,-3.7932,1.8772,2.6423,0.0,2.7163,1.6791,-1.7827,0.0,0.0,0.0,0.0,0.0,0.0,-3.9935,2.0586,-4.221,2.2891,3.9001,0.0
3.906,0.0,2.6321,0.0,0.0,1.6403,-2.1051,3.4101,0.0,0.0,0.0,0.0,-3.4722,2.601,2.9081,-3.2466,0.0,2.755,0.0,-2.0355
0.0,1.5318,0.0,-1.5373,0.0,-4.3742,0.0,-3.8908,-2.241,1.6618,0.0,0.0,-2.3708,0.0,3.4985,0.0,1.63,0.0,2.6606,0.0
0.0,0.0,-2.457,-2.6116,-3.0073,0.0,0.0,2.3292,1.7495,0.0,0.0,0.0,0.0,-3.0563,0.0,0.0,0.0,0.0,-2.855,-2.6991
0.0,0.0,1.5194,-4.0701,-4.6938,0.0,2.2412,4.5709,0.0,-1.5179,-2.3134,0.0,3.0199,0.0,0.0,-1.6408,0.0,-1.8458,0.0,0.0
0.0,-1.607,0.0,2.5906,0.0,0.0,-6.2275,0.0,0.0,-3.1438,-3.4684,2.4988,0.0,0.0,1.9436,-2.8579,-1.8016,3.2491,0.0,1.6388
4.086,0.0,1.6341,-2.5937,-2.1354,0.0,1.8315,-1.8655,-2.5005,0.0,0.0,-2.5616,-2.0447,0.0,0.0,0.0,0.0,0.0,1.5862,-1.8145
0.0,-2.7512,1.8735,0.0,0.0,0.0,0.0,0.0,-1.7442,3.5974,-1.885,-3.2329,0.0,0.0,0.0,3.6285,0.0,0.0,0.0,-1.5588
6.0579,0.0,-2.133,-4.6931,2.4512,-1.9045,0.0,7.0768,-3.215,0.0,-4.1673,-2.2609,0.0,0.0,-2.9109,-3.6813,2.2664,2.224,0.0,-3.5313
-2.5339,-2.4748,0.0,0.0,0.0,1.9052,0.0,0.0,3.9472,0.0,1.9735,0.0,-2.0096,0.0,-1.6879,0.0,2.0471,-2.2812,0.0,0.0
0.0,-3.0139,0.0,0.0,-2.9533,-5.3949,0.0,0.0,0.0,-1.5097,-4.0401,-1.6405,0.0,0.0,2.7474,0.0,0.0,0.0,-1.8014,4.9388
1.7536,1.6219,0.0,0.0,-1.9598,1.9443,2.2319,-3.1224,3.4269,0.0,2.9018,-2.8467,2.7545,2.8011,1.9479,2.3198,-3.0968,0.0,-4.0094,-2.8715
0.0,2.5668,3.968,4.9917,3.4676,3.4685,0.0,2.3526,-2.3094,0.0,-1.5284,0.0,0.0,2.8347,0.0,-1.9502,1.698,1.5001,-2.5387,-2.7177
0.0,-2.7757,0.0,0.0,-3.935,0.0,5.6577,2.9523,2.2898,-2.7716,0.0,0.0,-3.256,0.0,3.4215,3.1321,0.0,0.0,-1.7986,0.0
0.0,0.0,0.0,0.0,0.0,0.0,-2.9477,0.0,-2.193,0.0,-3.0471,0.0,0.0,0.0,0.0,-2.0299,0.0,0.0,3.5593,3.0955
-4.5785,0.0,2.7829,-2.0899,2.2563,-2.387,1.6697,0.0,0.0,0.0,0.0,3.9982,3.6943,1.5544,0.0,3.9307,2.7779,0.0,0.0,0.0
0.0,2.5376,3.3414,0.0,0.0,0.0,1.5317,1.5932,0.0,-2.7967,0.0,2.3158,0.0,0.0,0.0,0.0,0.0,1.9094,0.0,0.0
1.7224,2.6902,4.3008,0.0,0.0,2.7004,0.0,-1.578,0.0,-2.5232,0.0,0.0,1.5075,2.9574,0.0,-2.0908,0.0,0.0,1.8275,0.0
-1.5075,3.9566,0.0,1.8728,2.4176,-3.2896,-1.8362,1.55,3.4898,-2.1826,0.0,-2.5022,0.0,0.0,-3.2851,0.0,0.0,1.6886,0.0,0.0
2.461,0.0,2.9423,-2.5526,3.3865,2.8021,-2.1145,0.0,0.0,0.0,4.1534,-1.7105,0.0,0.0,0.0,0.0,-2.4882,0.0,0.0,2.7137
0.0,2.5951,1.917,0.0,-3.8449,0.0,-2.0709,0.0,-1.6239,3.9682,-1.9102,0.0,2.2724,0.0,2.0598,2.0757,0.0,0.0,0.0,-1.7628
-2.0434,0.0,0.0,-1.6017,0.0,0.0,0.0,0.0,0.0,2.6796,0.0,-3.4733,0.0,0.0,-1.7263,0.0,0.0,1.7399,-4.258,0.0
0.0,0.0,-3.633,0.0,5.0312,-2.0175,1.9908,0.0,-3.1579,0.0,5.1427,3.8498,0.0,0.0,0.0,0.0,1.6848,-2.7118,0.0,0.0
3.8996,0.0,1.8173,0.0,0.0,-2.2192,4.5695,-7.6029,0.0,0.0,0.0,0.0,0.0,0.0,0.0,0.0,0.0,-2.1438,-3.0059,-1.9422
0.0,-2.2588,-1.51,1.784,0.0,0.0,0.0,0.0,3.2807,-3.5726,2.9007,0.0,0.0,0.0,-2.7252,0.0,2.9654,2.8385,2.2009,3.4173
1.8816,-3.024,0.0,0.0,0.0,0.0,-2.4413,0.0,0.0,-2.9779,0.0,0.0,0.0,0.0,-3.7105,0.0,0.0,0.0,0.0,0.0
0.0,0.0,0.0,2.2764,0.0,-4.744,-5.1214,-3.087,0.0,0.0,-2.6263,-4.1658,0.0,0.0,-1.5368,1.6089,3.5522,2.0396,-1.593,4.8819
0.0,-2.8684,0.0,4.6992,-3.2455,-3.5715,-2.6026,-1.7636,0.0,0.0,0.0,-2.3087,0.0,3.2451,4.4098,0.0,0.0,-4.456,0.0,-2.2014
