0.628,0.761,0.135,0.621,0.781,1
0.422,0.678,0.237,0.433,0.462,2
0.78,0.741,0.329,0.286,0.778,3
0.473,0.957,0.243,0.564,0.577,1
0.118,0.894,0.256,0.567,0.44,2
0.082,0.431,0.874,0.455,0.395,4
0.092,0.324,0.894,0.264,0.243,0
0.723,0.483,0.119,0.548,0.758,3
0.81,0.521,0.093,0.41,0.978,3
0.619,0.309,0.213,0.459,0.801,3
0.66,0.827,0.182,0.674,0.5,1
0.086,0.219,0.81,0.309,0.177,0
0.231,0.715,0.42,0.416,0.476,2
0.137,0.307,0.749,0.472,0.492,4
0.29,0.53,0.106,0.698,0.365,2
0.845,0.467,0.121,0.414,0.872,3
0.376,0.891,0.161,0.603,0.363,2
0.745,0.892,0.328,0.603,0.687,1
0.391,0.645,0.286,0.521,0.488,2
0.726,0.505,0.163,0.431,0.899,3
0.927,0.45,0.312,0.448,0.8,3
0.864,0.599,0.365,0.221,0.88,3
0.458,0.839,0.229,0.461,0.5,2
0.72,0.665,0.274,0.336,0.973,3
0.061,0.707,0.683,0.456,0.294,4
0.09,0.313,0.838,0.478,0.302,4
0.042,0.28,0.867,0.437,0.389,4
0.626,0.753,0.229,0.683,0.686,1
0.115,0.351,0.95,0.636,0.521,4
0.001,0.405,0.804,0.415,0.377,4
0.875,0.661,0.23,0.322,0.841,3
0.668,0.494,0.578,0.193,0.973,3
0.043,0.282,0.883,0.287,0.272,0
0.424,0.591,0.28,0.526,0.375,2
0.457,0.622,0.171,0.413,0.533,2
0.768,0.474,0.227,0.394,0.897,3
0.23,0.053,0.847,0.311,0.136,0
0.769,0.404,0.19,0.381,0.935,3
0.032,0.417,0.727,0.266,0.229,0
0.404,0.853,0.193,0.766,0.74,1
0.634,0.691,0.335,0.353,0.575,2
0.118,0.241,0.94,0.623,0.327,4
0.643,0.456,0.204,0.392,0.865,3
0.185,0.212,0.804,0.156,0.058,0
0.746,0.735,0.27,0.61,0.82,1
0.818,0.506,0.179,0.42,0.837,3
0.176,0.174,0.757,0.442,0.348,4
0.286,0.159,0.956,0.528,0.353,4
0.917,0.442,0.022,0.461,0.861,3
0.677,0.509,0.093,0.47,0.815,3
0.657,0.814,0.256,0.767,0.702,1
0.905,0.599,0.474,0.56,0.93,3
0.217,0.316,0.891,0.571,0.307,4
0.271,0.672,0.017,0.458,0.544,2
0.446,0.803,0.297,0.322,0.469,2
0.191,0.248,0.835,0.322,0.298,4
0.072,0.138,0.468,0.382,0.334,4
0.445,0.663,0.418,0.36,0.403,2
0.83,0.315,0.288,0.46,0.837,3
0.694,0.753,0.188,0.58,0.566,1
0.794,0.476,0.252,0.355,0.673,3
0.112,0.211,0.949,0.53,0.406,4
0.617,0.758,0.266,0.761,0.699,1
0.71,0.33,0.266,0.358,0.755,3
0.013,0.263,0.77,0.199,0.177,0
0.625,0.931,0.342,0.677,0.459,1
0.374,0.561,0.24,0.448,0.565,2
0.211,0.09,0.857,0.62,0.486,4
0.407,0.633,0.337,0.536,0.397,2
0.518,0.784,0.287,0.335,0.567,2
0.016,0.425,0.696,0.203,0.006,0
0.401,0.351,0.8,0.283,0.148,0
0.624,0.86,0.311,0.642,0.578,1
0.154,0.273,0.839,0.292,0.236,0
0.702,0.442,0.35,0.251,0.805,3
0.103,0.22,0.968,0.173,0.027,0
0.751,0.92,0.134,0.755,0.56,1
0.962,0.58,0.349,0.538,0.677,3
0.168,0.508,0.886,0.436,0.417,4
0.585,0.727,0.223,0.543,0.603,1
0.219,0.192,0.877,0.415,0.119,0
0.628,0.723,0.265,0.677,0.548,1
0.157,0.631,0.299,0.578,0.278,2
0.253,0.22,0.844,0.552,0.464,4
0.223,0.565,0.203,0.421,0.603,2
0.357,0.781,0.285,0.39,0.31,2
0.477,0.932,0.358,0.426,0.621,1
0.747,0.705,0.273,0.646,0.465,1
0.429,0.733,0.188,0.402,0.557,2
0.142,0.103,0.91,0.36,0.139,0
0.229,0.262,0.906,0.36,0.162,0
0.034,0.22,0.671,0.57,0.26,4
0.874,0.411,0.213,0.348,0.973,3
0.125,0.254,0.778,0.584,0.451,4
0.82,0.316,0.139,0.336,0.875,3
0.216,0.364,0.938,0.526,0.362,4
0.39,0.196,0.822,0.061,0.031,0
0.672,0.555,0.357,0.473,0.765,3
0.599,0.86,0.184,0.716,0.682,1
0.237,0.158,0.861,0.37,0.182,0
0.763,0.816,0.176,0.573,0.798,1
0.087,0.404,0.953,0.644,0.299,4
0.802,0.435,0.206,0.341,0.805,3
0.704,0.848,0.377,0.749,0.81,1
0.091,0.449,0.925,0.322,0.386,4
0.309,0.781,0.329,0.402,0.598,2
0.601,0.633,0.151,0.551,0.568,2
0.153,0.166,0.861,0.389,0.115,0
0.273,0.123,0.878,0.278,0.083,0
0.221,0.252,0.843,0.419,0.418,4
0.751,0.725,0.315,0.83,0.702,1
0.318,0.71,0.248,0.297,0.416,2
0.321,0.734,0.332,0.529,0.411,2
0.813,0.776,0.345,0.772,0.731,1
0.784,0.496,0.306,0.497,0.961,3
0.567,0.807,0.288,0.718,0.601,1
0.597,0.891,0.286,0.667,0.8,1
0.677,0.796,0.293,0.699,0.734,1
0.527,0.615,0.349,0.493,0.526,2
0.57,0.693,0.324,0.473,0.494,2
0.777,0.869,0.189,0.668,0.564,1
0.799,0.304,0.131,0.462,0.725,3
0.689,0.504,0.239,0.445,0.98,3
0.199,0.371,0.905,0.5,0.471,4
0.359,0.708,0.183,0.552,0.535,2
0.416,0.43,0.975,0.285,0.18,0
0.083,0.415,0.813,0.47,0.415,4
0.592,0.758,0.186,0.618,0.572,1
0.138,0.197,0.881,0.216,0.178,0
0.177,0.318,0.754,0.4,0.407,4
0.666,0.9,0.054,0.728,0.79,1
0.711,0.496,0.259,0.251,0.911,3
0.671,0.788,0.343,0.617,0.844,1
0.159,0.227,0.833,0.379,0.112,0
0.134,0.266,0.904,0.376,0.053,0
0.479,0.59,0.381,0.371,0.476,2
0.889,0.468,0.244,0.302,0.913,3
0.688,0.976,0.069,0.688,0.661,1
0.117,0.427,0.877,0.353,0.399,4
0.494,0.806,0.479,0.62,0.78,1
0.391,0.385,0.976,0.241,0.059,0
0.812,0.53,0.399,0.213,0.848,3
0.537,0.906,0.265,0.5,0.616,1
0.214,0.177,0.816,0.502,0.417,4
0.241,0.801,0.15,0.423,0.479,2
0.691,0.843,0.27,0.581,0.717,1
0.536,0.878,0.221,0.514,0.738,1
0.937,0.41,0.219,0.399,0.83,3
0.396,0.674,0.359,0.43,0.481,2
0.558,0.968,0.291,0.591,0.665,1
0.68,0.935,0.137,0.67,0.52,1
0.708,0.545,0.196,0.308,0.885,3
0.794,0.96,0.324,0.687,0.468,1
0.313,0.617,0.14,0.533,0.573,2
0.169,0.212,0.704,0.462,0.254,0
0.073,0.258,0.655,0.061,0.346,4
0.455,0.752,0.229,0.504,0.395,2
0.784,0.518,0.339,0.397,0.82,3
0.363,0.698,0.404,0.481,0.275,2
0.069,0.479,0.751,0.53,0.521,4
0.082,0.074,0.931,0.239,0.094,0
0.944,0.56,0.403,0.546,0.821,3
0.371,0.827,0.212,0.474,0.739,2
0.351,0.708,0.297,0.444,0.532,2
0.73,0.496,0.213,0.372,0.927,3
0.659,0.392,0.445,0.55,0.767,3
0.326,0.297,0.644,0.297,0.053,0
0.235,0.593,0.252,0.441,0.4,2
0.074,0.382,0.726,0.429,0.349,4
0.118,0.321,0.834,0.369,0.3,0
0.203,0.239,0.656,0.362,0.381,4
0.564,0.89,0.186,0.679,0.645,1
0.785,0.865,0.318,0.544,0.553,1
0.237,0.245,0.831,0.433,0.089,0
0.194,0.396,0.712,0.223,0.034,0
0.142,0.253,0.813,0.229,0.209,0
0.355,0.82,0.29,0.619,0.621,2
0.823,0.492,0.192,0.395,0.77,3
0.236,0.147,0.742,0.182,0.066,0
0.386,0.83,0.43,0.503,0.478,2
0.167,0.381,0.929,0.15,0.188,0
0.702,0.879,0.404,0.719,0.729,1
0.581,0.918,0.147,0.583,0.729,1
0.415,0.811,0.366,0.445,0.569,2
0.178,0.158,0.885,0.18,0.125,0
0.105,0.275,0.919,0.429,0.098,0
0.699,0.933,0.253,0.563,0.416,1
0.801,0.473,0.231,0.544,0.922,3
0.538,0.839,0.203,0.568,0.714,1
0.568,0.535,0.155,0.209,0.832,3
0.112,0.238,0.955,0.439,0.486,4
0.625,0.797,0.166,0.507,0.659,1
0.77,0.377,0.252,0.277,0.929,3
0.057,0.158,0.789,0.181,0.03,0
0.698,0.833,0.407,0.762,0.603,1
0.798,0.507,0.229,0.251,0.918,3
0.767,0.936,0.304,0.569,0.636,1
0.275,0.272,0.783,0.479,0.127,0
0.859,0.317,0.127,0.387,0.818,3
0.777,0.287,0.077,0.404,0.855,3
0.131,0.271,0.961,0.548,0.37,4
0.892,0.583,0.08,0.406,0.999,3
0.563,0.704,0.089,0.711,0.617,1
0.082,0.159,0.773,0.452,0.272,0
0.27,0.649,0.382,0.668,0.424,2
0.22,0.436,0.705,0.445,0.268,0
0.84,0.852,0.241,0.565,0.901,1
0.675,0.579,0.359,0.333,0.914,3
0.23,0.227,0.866,0.459,0.138,0
0.714,0.377,0.251,0.342,0.911,3
0.167,0.106,0.72,0.291,0.145,0
0.239,0.825,0.191,0.404,0.479,2
0.549,0.88,0.294,0.582,0.74,1
0.009,0.409,0.775,0.244,0.505,4
0.85,0.693,0.14,0.641,0.541,1
0.596,0.754,0.113,0.628,0.6,1
0.758,0.774,0.222,0.862,0.624,1
0.642,0.91,0.289,0.641,0.62,1
0.431,0.775,0.215,0.467,0.465,2
0.556,0.704,0.226,0.393,0.619,2
0.441,0.705,0.175,0.599,0.43,2
0.808,0.351,0.165,0.398,0.904,3
0.65,0.855,0.254,0.649,0.51,1
0.359,0.677,0.3,0.391,0.524,2
0.773,0.404,0.325,0.504,0.817,3
0.196,0.243,0.627,0.351,0.127,0
0.004,0.332,0.831,0.323,0.072,0
0.623,0.754,0.405,0.576,0.6,1
0.676,0.256,0.055,0.517,0.696,3
0.292,0.641,0.401,0.46,0.556,2
0.633,0.355,0.303,0.368,0.737,3
0.821,0.767,0.253,0.781,0.803,1
0.263,0.226,0.859,0.443,0.319,4
0.352,0.648,0.281,0.38,0.588,2
0.632,0.338,0.32,0.562,0.781,3
0.483,0.673,0.281,0.602,0.571,2
0.681,0.652,0.302,0.322,0.44,2
0.08,0.224,0.76,0.642,0.404,4
0.733,0.448,0.377,0.471,0.848,3
0.042,0.152,0.914,0.429,0.359,4
0.232,0.202,0.685,0.365,0.534,4
0.327,0.893,0.271,0.608,0.55,2
0.638,0.828,0.319,0.61,0.729,1
0.269,0.39,0.904,0.364,0.234,0
0.845,0.688,0.149,0.553,0.856,1
0.181,0.118,0.825,0.57,0.343,4
0.219,0.504,0.792,0.412,0.484,4
0.03,0.422,0.857,0.544,0.268,0
0.767,0.552,0.443,0.236,0.903,3
0.005,0.353,0.87,0.52,0.681,4
0.595,0.778,0.184,0.879,0.654,1
0.434,0.812,0.195,0.331,0.437,2
0.735,0.538,0.165,0.567,0.843,3
0.196,0.014,0.942,0.325,0.329,0
0.132,0.73,0.26,0.479,0.575,2
0.127,0.202,0.945,0.477,0.159,0
0.923,0.676,0.326,0.513,0.548,1
0.672,0.393,0.234,0.254,0.817,3
0.184,0.226,0.869,0.261,0.131,0
0.293,0.773,0.351,0.529,0.524,2
0.794,0.49,0.232,0.335,0.922,3
0.223,0.208,0.956,0.258,0.009,0
0.429,0.83,0.174,0.252,0.541,2
0.29,0.143,0.643,0.364,0.331,0
0.832,0.807,0.236,0.735,0.676,1
0.699,0.979,0.332,0.539,0.779,1
0.731,0.424,0.17,0.155,0.75,3
0.636,0.762,0.339,0.558,0.493,1
0.134,0.332,0.964,0.228,0.058,0
0.6,0.758,0.168,0.471,0.621,1
0.153,0.54,0.805,0.476,0.36,4
0.755,0.26,0.251,0.516,0.902,3
0.129,0.302,0.96,0.545,0.395,4
0.743,0.457,0.261,0.304,0.909,3
0.568,0.325,0.375,0.455,0.816,3
0.243,0.24,0.82,0.303,0.349,4
0.388,0.765,0.304,0.623,0.541,2
0.509,0.858,0.079,0.669,0.736,1
0.336,0.705,0.444,0.589,0.251,2
0.211,0.394,0.854,0.569,0.432,4
0.88,0.845,0.246,0.551,0.673,1
0.103,0.267,0.807,0.272,0.123,0
0.207,0.107,0.868,0.427,0.483,4
0.253,0.784,0.258,0.475,0.384,2
0.493,0.607,0.016,0.449,0.596,2
0.104,0.205,0.792,0.507,0.354,4
0.125,0.298,0.824,0.419,0.17,0
0.072,0.364,0.898,0.439,0.475,4
0.155,0.305,0.719,0.55,0.316,4
0.713,0.364,0.315,0.336,0.912,3
0.938,0.791,0.114,0.781,0.545,1
0.351,0.851,0.355,0.633,0.42,2
0.289,0.715,0.21,0.557,0.584,2
0.406,0.74,0.289,0.456,0.516,2
0.671,0.302,0.163,0.321,0.808,3
0.104,0.325,0.992,0.532,0.41,4
0.624,0.483,0.351,0.389,0.688,3
0.125,0.342,0.824,0.511,0.497,4
0.129,0.688,0.41,0.393,0.607,2
0.381,0.659,0.224,0.407,0.409,2
0.334,0.545,0.309,0.521,0.416,2
0.272,0.096,0.837,0.526,0.532,4
0.221,0.484,0.939,0.362,0.451,4
0.49,0.649,0.163,0.579,0.468,2
0.634,0.653,0.363,0.33,0.78,3
0.347,0.899,0.103,0.574,0.539,2
0.19,0.153,0.878,0.362,0.12,0
0.193,0.392,0.787,0.534,0.529,4
0.617,0.987,0.29,0.743,0.447,1
0.263,0.157,0.864,0.304,0.156,0
0.312,0.351,0.832,0.562,0.282,4
0.257,0.31,0.823,0.369,0.163,0
0.273,0.339,0.624,0.304,0.127,0
0.225,0.229,0.676,0.305,0.077,0
0.871,0.843,0.29,0.589,0.684,1
0.721,0.837,0.126,0.632,0.626,1
0.138,0.26,0.938,0.338,0.522,4
0.631,0.881,0.114,0.54,0.681,1
0.756,0.496,0.13,0.284,0.909,3
0.128,0.249,0.931,0.233,0.3,0
0.345,0.677,0.363,0.587,0.409,2
0.65,0.536,0.261,0.353,0.753,3
0.052,0.265,0.919,0.355,0.311,4
0.82,0.82,0.142,0.877,0.707,1
0.255,0.673,0.394,0.544,0.408,2
0.455,0.636,0.376,0.596,0.489,2
0.225,0.776,0.25,0.36,0.597,2
0.525,0.852,0.399,0.544,0.665,1
0.725,0.423,0.073,0.318,0.836,3
0.764,0.706,0.211,0.731,0.705,1
0.527,0.438,0.31,0.259,0.888,3
0.681,0.793,0.321,0.75,0.652,1
0.801,0.816,0.121,0.834,0.623,1
0.684,0.513,0.401,0.266,0.911,3
0.776,0.892,0.325,0.651,0.689,1
0.679,0.846,0.286,0.822,0.589,1
0.092,0.447,0.751,0.319,0.134,0
0.569,0.825,0.228,0.726,0.653,2
0.565,0.43,0.421,0.464,0.854,3
0.236,0.5,0.298,0.497,0.411,2
0.045,0.308,0.976,0.557,0.253,4
0.154,0.372,0.85,0.636,0.459,4
0.791,0.393,0.225,0.362,0.7,3
0.77,0.741,0.207,0.55,0.646,1
0.256,0.322,0.845,0.496,0.123,0
0.4,0.575,0.188,0.3,0.542,2
0.33,0.3,0.894,0.29,0.58,4
0.639,0.543,0.302,0.46,0.789,3
0.532,0.766,0.199,0.473,0.26,2
0.257,0.766,0.383,0.425,0.62,2
0.164,0.135,0.762,0.24,0.132,0
0.227,0.259,0.822,0.496,0.186,0
0.191,0.631,0.12,0.497,0.428,2
0.715,0.856,0.377,0.708,0.722,1
0.145,0.222,0.945,0.513,0.102,0
0.286,0.653,0.323,0.367,0.32,2
0.766,0.682,0.183,0.121,0.777,3
0.253,0.193,0.746,0.413,0.138,0
0.957,0.398,0.254,0.164,0.871,3
0.395,0.381,0.638,0.321,0.293,0
0.844,0.651,0.231,0.289,0.721,3
0.799,0.635,0.253,0.699,0.602,1
0.192,0.229,0.845,0.367,0.056,0
0.231,0.244,0.883,0.413,0.46,4
0.96,0.944,0.273,0.548,0.468,1
0.356,0.828,0.227,0.391,0.577,2
0.666,0.75,0.344,0.748,0.548,1
0.496,0.744,0.33,0.43,0.461,2
0.464,0.765,0.022,0.484,0.56,2
0.13,0.132,0.838,0.261,0.274,0
0.57,0.847,0.263,0.695,0.685,1
0.19,0.292,0.759,0.043,0.076,0
0.83,0.826,0.079,0.62,0.55,1
0.437,0.793,0.314,0.528,0.614,1
0.517,0.842,0.396,0.644,0.703,1
0.745,0.325,0.148,0.439,0.756,3
0.768,0.509,0.148,0.552,0.769,3
0.233,0.349,0.925,0.611,0.471,4
0.706,0.473,0.267,0.363,0.792,3
0.769,0.83,0.175,0.664,0.817,1
0.155,0.401,0.671,0.421,0.452,4
0.193,0.254,0.682,0.528,0.419,4
0.165,0.39,0.936,0.342,0.013,0
0.795,0.475,0.435,0.212,0.67,3
0.614,0.449,0.401,0.355,0.948,3
0.332,0.555,0.355,0.536,0.452,2
0.219,0.272,0.746,0.163,0.019,0
0.762,0.932,0.219,0.642,0.664,1
0.018,0.241,0.765,0.451,0.22,4
0.13,0.292,0.774,0.577,0.423,4
0.565,0.408,0.254,0.321,0.679,3
0.58,0.857,0.291,0.569,0.586,1
0.32,0.66,0.48,0.262,0.422,2
0.634,0.477,0.182,0.489,0.871,3
0.596,0.731,0.304,0.337,0.325,2
0.128,0.165,0.689,0.497,0.51,4
0.184,0.239,0.913,0.442,0.454,4
0.153,0.287,0.716,0.521,0.392,4
0.356,0.65,0.147,0.537,0.44,2
0.203,0.378,0.863,0.453,0.241,0
0.766,0.685,0.404,0.351,0.61,3
0.683,0.863,0.165,0.571,0.565,1
0.73,0.4,0.474,0.249,0.795,3
0.729,0.53,0.316,0.436,0.809,3
0.618,0.888,0.259,0.739,0.591,1
0.739,0.35,0.25,0.374,0.794,3
0.721,0.381,0.138,0.32,0.764,3
0.053,0.217,0.804,0.469,0.421,4
0.706,0.561,0.271,0.331,0.763,3
0.591,0.816,0.281,0.597,0.785,1
0.121,0.339,0.786,0.431,0.343,4
0.763,0.343,0.473,0.355,0.819,3
0.821,0.454,0.081,0.549,0.946,3
0.173,0.257,0.933,0.2,0.099,0
0.067,0.463,0.873,0.48,0.386,4
0.825,0.36,0.412,0.331,0.815,3
0.094,0.351,0.788,0.366,0.467,4
0.803,0.485,0.153,0.45,0.803,3
0.754,0.41,0.059,0.485,0.665,3
0.62,0.816,0.347,0.641,0.842,1
0.179,0.704,0.35,0.427,0.633,2
0.254,0.326,0.787,0.607,0.32,4
0.153,0.406,0.851,0.298,0.154,0
0.446,0.862,0.21,0.393,0.448,2
0.141,0.251,0.879,0.499,0.466,4
0.464,0.706,0.398,0.501,0.591,2
0.711,0.831,0.367,0.662,0.653,1
0.867,0.547,0.318,0.528,0.667,3
0.782,0.426,0.275,0.48,0.874,3
0.727,0.393,0.226,0.358,0.805,3
0.608,0.886,0.157,0.597,0.674,1
0.845,0.485,0.283,0.246,0.791,3
0.716,0.853,0.344,0.794,0.588,1
0.15,0.267,0.707,0.382,0.084,0
0.69,0.844,0.368,0.632,0.869,1
0.15,0.251,0.856,0.299,0.53,4
0.226,0.492,0.893,0.411,0.08,0
0.069,0.373,0.909,0.542,0.53,4
0.744,0.662,0.067,0.417,0.878,3
0.729,0.871,0.236,0.625,0.726,1
0.892,0.51,0.369,0.408,0.879,3
0.189,0.353,0.826,0.38,0.459,4
0.162,0.257,0.775,0.393,0.251,4
0.265,0.169,0.95,0.26,0.075,0
0.615,0.95,0.314,0.727,0.588,1
0.7,0.916,0.228,0.75,0.773,1
0.567,0.883,0.248,0.807,0.561,1
0.274,0.226,0.942,0.299,0.259,0
0.402,0.776,0.313,0.451,0.587,2
0.13,0.418,0.779,0.494,0.39,4
0.182,0.193,0.769,0.458,0.001,0
0.778,0.399,0.228,0.428,0.774,3
0.818,0.511,0.257,0.377,0.907,3
0.686,0.496,0.352,0.323,0.724,3
0.148,0.298,0.923,0.196,0.084,0
0.759,0.414,0.257,0.343,0.741,3
0.737,0.535,0.262,0.462,0.969,3
0.107,0.35,0.868,0.261,0.241,4
0.333,0.32,0.93,0.405,0.52,4
0.77,0.418,0.194,0.224,0.852,3
0.204,0.33,0.801,0.327,0.18,0
0.38,0.775,0.222,0.576,0.391,2
0.21,0.471,0.816,0.299,0.316,4
0.711,0.46,0.177,0.41,0.859,3
0.434,0.665,0.244,0.469,0.304,2
0.159,0.67,0.208,0.477,0.428,2
0.095,0.28,0.772,0.315,0.119,0
0.453,0.872,0.288,0.557,0.705,1
0.766,0.399,0.231,0.415,0.914,3
0.734,0.887,0.366,0.585,0.735,1
0.331,0.322,0.893,0.261,0.241,0
0.375,0.619,0.16,0.388,0.384,2
0.441,0.868,0.289,0.478,0.403,2
0.292,0.829,0.083,0.376,0.481,2
0.304,0.761,0.162,0.475,0.377,2
0.908,0.479,0.247,0.342,0.8,3
0.176,0.263,0.999,0.641,0.476,4
0.636,0.893,0.043,0.727,0.755,1
0.23,0.319,0.766,0.318,0.506,4
0.091,0.319,0.811,0.397,0.037,0
0.167,0.314,0.928,0.156,0.09,0
0.252,0.318,0.821,0.428,0.172,0
0.462,0.769,0.239,0.497,0.508,2
0.098,0.865,0.258,0.58,0.687,2
0.083,0.167,0.826,0.536,0.44,4
0.065,0.206,0.706,0.381,0.442,4
0.594,0.968,0.156,0.52,0.764,1
0.481,0.69,0.25,0.454,0.329,2
0.255,0.342,0.908,0.406,0.072,0
0.358,0.228,0.737,0.516,0.398,4
0.691,0.869,0.13,0.533,0.707,1
0.769,0.715,0.326,0.809,0.767,1
0.226,0.242,0.956,0.386,0.256,4
0.276,0.547,0.32,0.496,0.395,2
0.599,0.662,0.232,0.375,0.939,3
0.771,0.731,0.34,0.65,0.719,1
0.666,0.281,0.295,0.422,0.9,3
0.153,0.213,0.866,0.329,0.041,0
0.284,0.594,0.201,0.39,0.463,2
0.414,0.758,0.203,0.533,0.402,2
0.541,0.858,0.319,0.654,0.743,1
0.095,0.283,0.95,0.751,0.354,4
0.19,0.403,0.776,0.517,0.143,4
0.14,0.45,0.895,0.141,0.12,0
0.21,0.141,0.849,0.49,0.354,4
0.102,0.78,0.381,0.526,0.587,2
0.172,0.26,0.791,0.505,0.045,0
0.119,0.407,0.749,0.569,0.432,4
0.486,0.836,0.104,0.637,0.472,2
0.792,0.581,0.368,0.417,0.798,3
0.935,0.385,0.313,0.4,0.834,3
0.783,0.454,0.206,0.519,0.652,3
0.401,0.853,0.366,0.341,0.324,2
0.6,0.667,0.314,0.39,0.851,3
0.145,0.192,0.871,0.412,0.471,4
0.404,0.33,0.813,0.079,0.233,0
0.122,0.216,0.949,0.45,0.252,0
0.221,0.627,0.114,0.308,0.397,2
0.443,0.807,0.178,0.468,0.414,2
0.7,0.714,0.325,0.701,0.599,1
0.25,0.204,0.75,0.544,0.481,4
0.285,0.246,0.891,0.17,0.275,0
0.163,0.259,0.79,0.319,0.068,0
0.171,0.33,0.692,0.434,0.276,4
0.196,0.351,0.764,0.305,0.019,0
0.449,0.644,0.293,0.415,0.637,2
0.231,0.1,0.865,0.352,0.136,0
0.321,0.665,0.114,0.515,0.508,2
0.27,0.36,0.792,0.086,0.191,0
0.312,0.386,0.936,0.438,0.099,0
0.673,0.565,0.417,0.289,0.748,3
0.331,0.385,0.893,0.413,0.198,4
0.118,0.496,0.845,0.448,0.266,4
0.262,0.608,0.295,0.457,0.535,2
0.597,0.872,0.241,0.642,0.478,1
0.332,0.31,0.789,0.248,0.005,0
0.844,0.566,0.385,0.273,0.783,3
0.126,0.418,0.789,0.474,0.401,4
0.195,0.221,0.847,0.358,0.112,0
0.682,0.876,0.314,0.811,0.893,1
0.526,0.516,0.067,0.424,0.876,3
0.495,0.821,0.091,0.432,0.466,2
0.762,0.413,0.33,0.31,0.939,3
0.297,0.733,0.214,0.309,0.502,2
0.369,0.691,0.328,0.352,0.35,2
0.632,0.921,0.336,0.526,0.616,1
0.621,0.42,0.337,0.392,0.943,3
0.688,0.491,0.23,0.501,0.577,3
0.559,0.764,0.289,0.587,0.552,1
0.585,0.911,0.222,0.68,0.722,1
0.393,0.692,0.361,0.44,0.376,2
0.478,0.904,0.258,0.382,0.74,2
0.494,0.729,0.16,0.516,0.436,2
0.749,0.333,0.142,0.315,0.753,3
0.728,0.5,0.128,0.356,0.761,3
0.614,0.924,0.352,0.667,0.591,1
0.067,0.389,0.793,0.516,0.465,4
0.832,0.268,0.397,0.331,0.778,3
0.13,0.198,0.869,0.612,0.521,4
0.022,0.091,0.627,0.139,0.0,0
0.695,0.297,0.172,0.432,0.962,3
0.425,0.83,0.095,0.444,0.421,2
0.173,0.169,0.917,0.433,0.12,0
0.266,0.403,0.889,0.205,0.262,0
0.857,0.802,0.222,0.668,0.748,1
0.135,0.309,0.797,0.557,0.415,4
0.521,0.296,0.272,0.509,0.998,3
0.142,0.147,0.735,0.256,0.127,0
0.497,0.688,0.298,0.516,0.447,2
0.179,0.406,0.943,0.564,0.344,4
0.391,0.211,0.882,0.518,0.218,0
0.436,0.841,0.249,0.365,0.457,2
0.387,0.717,0.249,0.705,0.634,2
0.385,0.562,0.394,0.622,0.47,2
0.602,0.524,0.09,0.287,0.726,3
0.363,0.243,0.865,0.445,0.182,0
0.209,0.01,0.812,0.372,0.487,4
0.689,0.595,0.23,0.355,0.81,3
0.546,0.833,0.274,0.615,0.536,1
0.755,0.578,0.151,0.477,0.861,3
0.082,0.427,0.743,0.389,0.262,4
0.643,0.458,0.238,0.356,0.808,3
0.276,0.125,0.869,0.23,0.095,0
0.689,0.795,0.235,0.526,0.759,1
0.163,0.26,0.889,0.542,0.483,4
0.847,0.679,0.256,0.602,0.636,1
0.123,0.076,0.911,0.145,0.246,0
0.698,0.271,0.272,0.431,0.91,3
0.306,0.775,0.257,0.576,0.456,2
0.631,0.899,0.247,0.561,0.815,1
0.114,0.319,0.798,0.474,0.417,4
0.701,0.862,0.131,0.62,0.821,1
0.153,0.234,0.752,0.359,0.356,4
0.816,0.494,0.143,0.444,0.742,3
0.719,0.839,0.225,0.519,0.679,1
0.012,0.393,0.854,0.517,0.291,4
0.701,0.817,0.33,0.625,0.67,1
0.421,0.813,0.218,0.861,0.711,1
0.557,0.724,0.314,0.434,0.511,2
0.225,0.162,0.985,0.429,0.45,4
0.154,0.357,0.673,0.417,0.521,4
0.151,0.149,0.845,0.45,0.439,4
0.099,0.399,0.885,0.507,0.288,4
0.141,0.211,0.886,0.265,0.231,0
0.812,0.419,0.182,0.196,0.811,3
0.87,0.423,0.129,0.476,0.674,3
0.054,0.306,0.939,0.452,0.371,4
0.309,0.598,0.331,0.463,0.5,2
0.096,0.346,0.726,0.393,0.352,4
0.461,0.712,0.223,0.278,0.533,2
0.181,0.191,0.836,0.54,0.216,4
0.24,0.202,0.761,0.326,0.279,0
0.733,0.51,0.101,0.287,0.837,3
0.01,0.292,0.773,0.357,0.472,4
0.427,0.564,0.398,0.422,0.485,2
0.158,0.166,0.901,0.207,0.354,4
0.045,0.363,0.863,0.437,0.285,4
0.208,0.148,0.786,0.349,0.288,0
0.653,0.909,0.358,0.644,0.744,1
0.669,0.817,0.231,0.64,0.677,1
0.712,0.361,0.239,0.498,0.692,3
0.525,0.645,0.245,0.5,0.53,2
0.269,0.619,0.259,0.369,0.468,2
0.259,0.58,0.113,0.389,0.268,2
0.264,0.638,0.133,0.216,0.484,2
0.032,0.28,0.752,0.416,0.036,0
0.003,0.505,0.778,0.472,0.495,4
0.294,0.533,0.651,0.4,0.389,4
0.149,0.319,0.902,0.257,0.293,4
0.496,0.739,0.329,0.385,0.508,2
0.722,0.33,0.212,0.299,0.839,3
0.28,0.837,0.468,0.569,0.477,2
0.262,0.225,0.893,0.383,0.04,0
0.429,0.34,0.766,0.482,0.216,0
0.707,0.444,0.198,0.356,0.729,3
0.282,0.66,0.348,0.483,0.393,2
0.084,0.426,0.839,0.45,0.285,4
0.411,0.745,0.171,0.369,0.559,2
0.623,0.975,0.199,0.535,0.706,1
0.158,0.478,0.762,0.449,0.483,4
0.096,0.286,0.868,0.299,0.164,0
0.403,0.711,0.267,0.406,0.445,2
0.207,0.512,0.176,0.396,0.418,2
0.813,0.995,0.176,0.524,0.551,1
0.727,0.948,0.382,0.576,0.78,1
0.731,0.735,0.406,0.464,0.576,1
0.686,0.499,0.221,0.261,0.879,3
0.291,0.71,0.267,0.639,0.594,2
0.28,0.663,0.069,0.502,0.422,2
0.722,0.602,0.217,0.438,0.822,3
0.662,0.934,0.331,0.611,0.712,1
0.379,0.733,0.362,0.617,0.415,2
0.543,0.502,0.267,0.527,0.892,3
0.156,0.281,0.91,0.236,0.153,0
0.826,0.278,0.27,0.408,0.798,3
0.307,0.258,0.844,0.355,0.019,0
0.648,0.774,0.461,0.733,0.724,1
0.272,0.722,0.003,0.379,0.432,2
0.057,0.289,0.962,0.53,0.568,4
0.507,0.548,0.451,0.517,0.411,2
0.288,0.392,0.895,0.574,0.463,4
0.284,0.743,0.363,0.366,0.399,2
0.786,0.92,0.193,0.592,0.539,1
0.382,0.928,0.375,0.413,0.48,2
0.425,0.752,0.232,0.469,0.398,2
0.211,0.368,0.913,0.366,0.448,4
0.823,0.597,0.238,0.266,0.915,3
0.28,0.556,0.338,0.482,0.233,2
0.52,0.912,0.282,0.695,0.816,1
0.306,0.647,0.229,0.434,0.4,2
0.366,0.44,0.848,0.419,0.176,0
0.677,0.294,0.3,0.396,0.833,3
0.816,0.838,0.257,0.643,0.59,1
0.357,0.746,0.302,0.464,0.313,2
0.202,0.411,0.815,0.053,0.092,0
0.691,0.532,0.265,0.445,0.898,3
0.856,0.813,0.428,0.67,0.6,1
0.196,0.149,0.912,0.39,0.208,0
0.225,0.251,0.757,0.356,0.475,4
0.136,0.366,0.92,0.238,0.303,0
0.602,0.814,0.192,0.629,0.823,1
0.13,0.253,0.738,0.463,0.102,0
0.544,0.828,0.211,0.492,0.857,1
0.838,0.321,0.202,0.356,0.668,3
0.21,0.348,0.976,0.557,0.315,4
0.689,0.843,0.456,0.673,0.506,1
0.076,0.545,0.823,0.492,0.02,0
0.216,0.437,0.851,0.553,0.332,4
0.315,0.498,0.055,0.542,0.304,2
0.996,0.461,0.2,0.271,0.814,3
0.293,0.676,0.531,0.451,0.45,2
0.785,0.599,0.29,0.426,0.852,3
0.07,0.219,0.868,0.369,0.411,4
0.159,0.263,0.77,0.468,0.175,0
0.13,0.231,0.903,0.303,0.084,0
0.137,0.297,0.905,0.25,0.136,0
0.839,0.871,0.137,0.588,0.72,1
0.468,0.638,0.206,0.497,0.36,2
0.199,0.317,0.653,0.407,0.242,0
0.15,0.132,0.875,0.031,0.023,0
0.693,0.861,0.224,0.601,0.744,1
0.111,0.329,0.909,0.392,0.246,4
0.703,0.904,0.273,0.714,0.495,1
0.272,0.212,0.951,0.188,0.176,0
0.112,0.336,0.844,0.343,0.102,0
0.361,0.644,0.38,0.429,0.5,2
0.604,0.616,0.079,0.593,0.618,3
0.336,0.662,0.409,0.668,0.474,2
0.617,0.263,0.177,0.351,0.867,3
0.761,0.615,0.26,0.439,0.982,3
0.814,0.424,0.362,0.487,0.79,3
0.571,0.938,0.255,0.669,0.659,1
0.72,0.261,0.357,0.229,0.827,3
0.138,0.35,0.61,0.298,0.21,0
0.67,0.46,0.178,0.44,0.898,3
0.073,0.298,0.77,0.398,0.451,4
0.572,0.998,0.241,0.61,0.418,1
0.261,0.302,0.715,0.486,0.337,4
0.754,0.283,0.263,0.418,0.729,3
0.183,0.406,0.906,0.299,0.215,0
0.2,0.364,0.776,0.305,0.215,0
0.229,0.263,0.892,0.329,0.076,0
0.149,0.369,0.89,0.45,0.382,4
0.649,0.407,0.24,0.319,0.758,3
0.83,0.961,0.232,0.753,0.623,1
0.755,0.854,0.181,0.69,0.611,1
0.684,0.262,0.196,0.157,0.892,3
0.297,0.627,0.346,0.526,0.4,2
0.795,0.435,0.422,0.39,0.598,3
0.153,0.261,0.787,0.208,0.134,0
0.088,0.288,0.858,0.362,0.161,0
0.757,0.897,0.204,0.666,0.623,1
0.666,0.469,0.193,0.246,0.899,3
0.786,0.515,0.288,0.375,0.711,3
0.36,0.117,0.901,0.425,0.004,0
0.61,0.789,0.206,0.421,0.567,1
0.572,0.301,0.254,0.2,0.817,3
0.686,0.512,0.483,0.388,0.841,3
0.412,0.575,0.227,0.411,0.367,2
0.27,0.152,0.874,0.281,0.324,4
0.762,0.512,0.238,0.294,0.748,3
0.215,0.474,0.988,0.487,0.42,4
0.102,0.449,0.979,0.468,0.404,4
0.4,0.704,0.328,0.512,0.331,2
0.03,0.295,0.854,0.525,0.544,4
0.675,0.586,0.135,0.306,0.966,3
0.606,0.774,0.353,0.395,0.641,1
0.8,0.875,0.157,0.736,0.592,1
0.426,0.674,0.131,0.57,0.736,1
0.279,0.382,0.931,0.585,0.414,4
0.089,0.402,0.84,0.481,0.306,4
0.809,0.446,0.227,0.361,0.939,3
0.157,0.217,0.956,0.189,0.089,0
0.448,0.693,0.324,0.748,0.315,2
0.275,0.861,0.154,0.314,0.534,2
0.188,0.225,0.983,0.46,0.37,4
0.231,0.336,0.768,0.107,0.06,0
0.025,0.45,0.684,0.017,0.062,0
0.158,0.412,0.853,0.243,0.436,4
0.71,0.878,0.173,0.445,0.732,1
0.122,0.281,0.865,0.435,0.282,0
0.175,0.436,0.82,0.347,0.46,4
0.143,0.291,0.735,0.192,0.111,0
0.279,0.867,0.416,0.455,0.443,2
0.282,0.2,0.782,0.112,0.077,0
0.633,0.4,0.346,0.424,0.865,3
0.239,0.395,0.817,0.337,0.459,4
0.703,0.83,0.112,0.777,0.76,1
0.196,0.808,0.155,0.441,0.265,2
0.73,0.286,0.273,0.562,0.676,3
0.268,0.63,0.242,0.338,0.484,2
0.035,0.372,0.859,0.528,0.261,0
0.024,0.171,0.832,0.403,0.36,4
0.748,0.461,0.257,0.394,0.803,3
0.683,0.598,0.378,0.362,0.733,3
0.706,0.728,0.252,0.594,0.678,1
0.433,0.847,0.361,0.447,0.554,2
0.83,0.934,0.297,0.584,0.709,1
0.139,0.292,0.75,0.5,0.57,4
0.266,0.716,0.248,0.336,0.48,2
0.803,0.851,0.167,0.432,0.532,1
0.732,0.888,0.172,0.622,0.582,1
0.714,0.757,0.171,0.599,0.738,1
0.176,0.296,0.845,0.523,0.511,4
0.167,0.284,0.961,0.258,0.098,0
0.784,0.49,0.142,0.443,0.699,3
0.106,0.46,0.752,0.315,0.408,4
0.131,0.147,0.783,0.078,0.169,0
0.311,0.583,0.267,0.474,0.513,2
0.303,0.895,0.323,0.221,0.301,2
0.815,0.544,0.068,0.371,0.737,3
0.145,0.315,0.885,0.476,0.283,4
0.738,0.886,0.295,0.646,0.434,1
0.622,0.593,0.234,0.388,0.885,3
0.173,0.173,0.876,0.248,0.054,0
0.099,0.188,0.717,0.453,0.436,4
0.101,0.338,0.872,0.557,0.335,4
0.299,0.625,0.397,0.441,0.489,2
0.42,0.677,0.278,0.613,0.437,2
0.103,0.209,0.897,0.504,0.494,4
0.826,0.307,0.225,0.545,0.788,3
0.231,0.245,0.947,0.465,0.414,4
0.117,0.33,0.911,0.477,0.336,4
0.394,0.66,0.45,0.32,0.365,2
0.703,0.931,0.228,0.675,0.868,1
0.204,0.325,0.782,0.471,0.378,4
0.352,0.738,0.244,0.256,0.487,2
0.23,0.749,0.511,0.521,0.434,2
0.213,0.115,0.801,0.268,0.258,0
0.644,0.905,0.089,0.408,0.564,1
0.039,0.238,0.76,0.446,0.578,4
0.335,0.507,0.285,0.396,0.489,2
0.16,0.237,0.631,0.278,0.151,0
0.132,0.446,0.691,0.538,0.522,4
0.783,0.319,0.221,0.399,0.842,3
0.864,0.695,0.058,0.638,0.47,1
0.242,0.608,0.295,0.381,0.462,2
0.28,0.131,0.866,0.251,0.174,0
0.616,0.551,0.324,0.415,0.923,3
0.589,0.581,0.196,0.379,0.797,3
0.254,0.311,0.825,0.361,0.28,0
0.262,0.206,0.723,0.185,0.178,0
0.206,0.606,0.274,0.423,0.534,2
0.606,0.388,0.168,0.458,0.759,3
0.592,0.394,0.414,0.576,0.855,3
0.037,0.336,0.712,0.668,0.264,4
0.595,0.934,0.202,0.806,0.737,1
0.256,0.134,0.828,0.184,0.281,0
0.151,0.267,0.946,0.136,0.025,0
0.057,0.318,0.874,0.395,0.607,4
0.773,0.902,0.229,0.642,0.655,1
0.131,0.13,0.848,0.29,0.212,0
0.289,0.748,0.22,0.582,0.493,2
0.734,0.759,0.418,0.53,0.481,1
0.348,0.769,0.299,0.59,0.44,2
0.642,0.832,0.393,0.659,0.756,1
0.316,0.863,0.268,0.667,0.382,2
0.202,0.289,0.883,0.212,0.048,0
0.286,0.302,0.798,0.397,0.146,0
0.644,0.716,0.247,0.6,0.558,1
0.166,0.442,0.894,0.349,0.14,0
0.685,0.781,0.159,0.722,0.735,1
0.502,0.638,0.273,0.314,0.531,2
0.938,0.702,0.444,0.488,0.843,3
0.337,0.359,0.925,0.397,0.163,0
0.33,0.271,0.765,0.364,0.127,0
0.192,0.275,0.856,0.275,0.249,4
0.716,0.647,0.387,0.352,0.889,3
0.626,0.995,0.228,0.634,0.609,1
0.105,0.277,0.787,0.295,0.09,0
0.277,0.8,0.195,0.456,0.436,2
0.697,0.944,0.213,0.489,0.654,1
0.274,0.872,0.388,0.345,0.56,2
0.769,0.566,0.245,0.437,0.841,3
0.266,0.343,0.779,0.121,0.121,0
0.145,0.197,0.752,0.365,0.168,0
0.23,0.233,0.79,0.408,0.383,4
0.105,0.428,0.794,0.377,0.432,4
0.407,0.838,0.335,0.457,0.448,2
0.281,0.399,0.991,0.484,0.327,4
0.552,0.658,0.411,0.787,0.639,1
0.791,0.469,0.297,0.196,0.706,3
0.111,0.212,0.825,0.202,0.044,0
0.491,0.761,0.214,0.664,0.826,1
0.112,0.452,0.9,0.414,0.319,4
0.477,0.618,0.096,0.613,0.357,2
0.208,0.771,0.357,0.495,0.641,2
0.754,0.529,0.286,0.486,0.88,3
0.324,0.301,0.968,0.451,0.391,4
0.746,0.801,0.326,0.524,0.703,1
0.281,0.414,0.808,0.451,0.294,0
0.87,0.451,0.312,0.312,0.882,3
0.67,0.886,0.22,0.761,0.743,1
0.063,0.288,0.817,0.484,0.396,4
0.668,0.528,0.149,0.535,0.894,3
0.675,0.899,0.244,0.623,0.668,1
0.318,0.473,0.249,0.499,0.602,2
0.304,0.089,0.721,0.418,0.429,4
0.215,0.458,0.798,0.308,0.43,4
0.33,0.549,0.34,0.471,0.482,2
0.04,0.213,0.783,0.486,0.298,4
0.084,0.916,0.4,0.52,0.48,2
0.837,0.309,0.15,0.219,0.823,3
0.747,0.959,0.214,0.592,0.682,1
0.422,0.76,0.216,0.373,0.629,2
0.835,0.589,0.28,0.421,0.774,3
0.224,0.343,0.861,0.451,0.368,4
0.291,0.079,0.931,0.318,0.144,0
0.02,0.236,0.939,0.216,0.348,0
0.343,0.666,0.354,0.493,0.556,2
0.723,0.345,0.114,0.261,0.8,3
0.084,0.244,0.789,0.332,0.172,0
0.849,0.427,0.399,0.465,0.852,3
0.103,0.389,0.974,0.269,0.111,0
0.474,0.782,0.183,0.307,0.613,2
0.176,0.19,0.664,0.292,0.076,0
0.267,0.121,0.835,0.328,0.223,0
0.679,0.7,0.25,0.648,0.474,1
0.819,0.306,0.173,0.336,0.896,3
0.007,0.224,0.869,0.305,0.181,0
0.767,0.515,0.396,0.44,0.936,3
0.922,0.235,0.245,0.181,0.781,3
0.329,0.723,0.2,0.559,0.272,2
0.328,0.635,0.331,0.501,0.487,2
0.431,0.798,0.339,0.483,0.756,2
0.861,0.374,0.242,0.219,0.989,3
0.343,0.794,0.29,0.432,0.405,2
0.358,0.776,0.149,0.397,0.58,2
0.126,0.355,0.694,0.269,0.109,0
0.273,0.429,0.674,0.209,0.102,0
0.113,0.2,0.729,0.537,0.58,4
0.038,0.235,0.986,0.412,0.348,4
0.286,0.528,0.255,0.412,0.441,2
0.099,0.249,0.854,0.228,0.159,0
0.705,0.752,0.133,0.486,0.72,1
0.732,0.421,0.19,0.555,0.836,3
0.436,0.745,0.088,0.354,0.621,2
0.257,0.175,0.996,0.324,0.004,0
0.852,0.685,0.238,0.604,0.646,1
0.732,0.62,0.039,0.29,0.932,3
0.851,0.759,0.248,0.612,0.825,1
0.661,0.951,0.154,0.56,0.775,1
0.264,0.256,0.843,0.262,0.244,0
0.809,0.682,0.299,0.531,0.541,1
0.449,0.756,0.285,0.384,0.597,2
0.101,0.319,0.756,0.583,0.439,4
0.114,0.262,0.872,0.209,0.291,0
0.468,0.594,0.241,0.455,0.536,2
0.702,0.811,0.296,0.725,0.582,1
0.52,0.72,0.349,0.424,0.329,2
0.225,0.707,0.348,0.574,0.369,2
0.687,0.997,0.222,0.541,0.704,1
0.36,0.747,0.334,0.495,0.523,2
0.135,0.251,0.97,0.512,0.286,4
0.724,0.349,0.128,0.401,0.895,3
0.228,0.195,0.799,0.47,0.12,0
0.312,0.186,0.929,0.524,0.355,4
0.752,0.45,0.105,0.44,0.968,3
0.516,0.832,0.372,0.422,0.394,2
0.259,0.658,0.33,0.686,0.61,2
0.827,0.939,0.27,0.575,0.473,1
0.453,0.32,0.997,0.288,0.019,0
0.362,0.326,0.662,0.189,0.104,0
0.201,0.177,0.993,0.494,0.279,4
0.752,0.511,0.397,0.401,0.818,3
0.881,0.396,0.241,0.343,0.758,3
0.215,0.134,0.834,0.557,0.532,4
0.412,0.668,0.376,0.56,0.345,2
0.154,0.399,0.737,0.236,0.251,0
0.255,0.25,0.882,0.434,0.365,4
0.388,0.47,0.228,0.419,0.463,2
0.782,0.401,0.249,0.216,0.976,3
0.458,0.895,0.291,0.488,0.536,2
0.417,0.75,0.2,0.508,0.41,2
0.148,0.308,0.848,0.442,0.332,4
0.61,0.809,0.114,0.549,0.898,1
0.701,0.429,0.241,0.304,0.749,3
0.118,0.372,0.841,0.388,0.402,4
0.099,0.316,0.791,0.265,0.214,0
0.318,0.675,0.42,0.405,0.355,2
0.467,0.762,0.351,0.561,0.679,1
0.225,0.141,0.912,0.275,0.183,0
0.741,0.398,0.125,0.342,0.747,3
0.352,0.804,0.277,0.432,0.498,2
0.588,0.992,0.26,0.637,0.75,1
0.505,0.714,0.245,0.692,0.622,1
0.134,0.225,0.803,0.478,0.374,4
0.176,0.247,0.881,0.464,0.101,0
0.108,0.283,0.899,0.464,0.033,0
0.7,0.444,0.303,0.363,0.869,3
0.702,0.811,0.16,0.624,0.573,1
0.169,0.344,0.771,0.598,0.3,4
0.014,0.358,0.68,0.491,0.569,4
0.776,0.446,0.055,0.343,0.797,3
0.148,0.739,0.301,0.461,0.496,2
0.789,0.509,0.472,0.459,0.764,3
0.826,0.889,0.284,0.577,0.675,1
0.132,0.078,0.929,0.51,0.265,4
0.807,0.422,0.167,0.386,0.693,3
0.677,0.839,0.486,0.717,0.777,1
0.68,0.784,0.155,0.688,0.705,1
0.37,0.56,0.219,0.546,0.454,2
0.095,0.176,0.781,0.439,0.469,4
0.126,0.378,0.837,0.229,0.23,0
0.116,0.363,0.793,0.459,0.338,4
0.089,0.121,0.769,0.541,0.349,4
0.742,0.903,0.256,0.735,0.598,1
0.777,0.474,0.175,0.253,0.834,3
0.054,0.295,0.721,0.575,0.43,4
0.203,0.438,0.639,0.484,0.342,4
0.793,0.397,0.28,0.265,0.925,3
0.519,0.736,0.151,0.376,0.511,2
0.104,0.327,0.737,0.373,0.121,0
0.396,0.749,0.232,0.446,0.597,2
0.794,0.42,0.19,0.422,0.793,3
0.696,0.349,0.261,0.416,0.82,3
0.533,0.982,0.128,0.739,0.56,1
0.775,0.536,0.218,0.529,0.792,3
0.249,0.442,0.704,0.297,0.164,0
0.752,0.286,0.356,0.379,0.776,3
0.585,0.915,0.455,0.552,0.641,1
0.337,0.189,0.854,0.227,0.32,0
0.063,0.206,0.841,0.355,0.062,0
0.736,0.38,0.284,0.478,0.888,3
0.656,0.854,0.301,0.529,0.634,1
0.769,0.512,0.298,0.264,0.897,3
0.079,0.462,0.744,0.362,0.242,4
0.616,0.45,0.153,0.365,0.888,3
0.37,0.259,0.984,0.4,0.07,0
0.63,0.449,0.219,0.289,0.83,3
0.335,0.714,0.364,0.486,0.572,2
0.737,0.246,0.172,0.337,0.884,3
0.184,0.31,0.71,0.24,0.257,0
0.206,0.705,0.321,0.556,0.557,2
0.212,0.194,0.831,0.334,0.057,0
0.606,0.659,0.106,0.549,0.489,2
0.234,0.352,0.771,0.452,0.121,0
0.033,0.337,0.906,0.5,0.473,4
0.382,0.688,0.175,0.451,0.473,2
0.096,0.428,0.882,0.224,0.102,0
0.164,0.237,0.858,0.49,0.428,4
0.605,0.789,0.172,0.642,0.574,1
0.339,0.734,0.24,0.533,0.534,2
0.032,0.275,0.86,0.228,0.104,0
0.691,0.953,0.368,0.476,0.991,1
0.502,0.637,0.214,0.336,0.507,2
0.858,0.373,0.189,0.32,0.873,3
0.19,0.71,0.389,0.385,0.435,2
0.438,0.64,0.279,0.62,0.269,2
0.142,0.292,0.957,0.435,0.395,4
0.339,0.783,0.278,0.433,0.43,2
0.253,0.478,0.635,0.252,0.064,0
0.244,0.155,0.973,0.409,0.092,0
0.236,0.509,0.83,0.419,0.326,4
0.741,0.59,0.494,0.37,0.772,3
0.163,0.925,0.255,0.527,0.543,2
0.667,0.57,0.332,0.558,0.782,3
0.04,0.512,0.878,0.358,0.329,4
0.591,0.938,0.234,0.781,0.499,1
0.031,0.296,0.928,0.476,0.436,4
0.099,0.294,0.83,0.436,0.098,0
0.346,0.731,0.288,0.416,0.64,2
0.075,0.212,0.887,0.653,0.412,4
0.769,0.51,0.311,0.293,0.794,3
0.561,0.905,0.272,0.813,0.58,1
0.601,0.637,0.262,0.391,0.817,3
0.096,0.316,1.0,0.487,0.27,4
0.492,0.953,0.301,0.587,0.734,1
0.208,0.268,0.85,0.609,0.281,4
0.775,0.458,0.174,0.318,0.838,3
0.852,0.89,0.112,0.793,0.692,1
0.565,0.717,0.522,0.697,0.639,1
0.554,0.655,0.316,0.334,0.746,3
0.194,0.445,0.867,0.432,0.293,4
0.297,0.792,0.31,0.494,0.382,2
0.149,0.388,0.989,0.341,0.194,0
0.432,0.502,0.144,0.545,0.555,2
0.059,0.211,0.952,0.252,0.216,0
0.595,0.627,0.328,0.671,0.721,1
0.513,0.706,0.192,0.497,0.457,2
0.77,0.383,0.13,0.315,0.791,3
0.58,0.787,0.447,0.669,0.408,2
0.216,0.397,0.688,0.214,0.26,0
0.633,0.672,0.145,0.604,0.767,1
0.802,0.306,0.231,0.508,0.929,3
0.843,0.639,0.278,0.381,0.772,3
0.791,0.454,0.198,0.393,0.722,3
0.664,0.66,0.464,0.648,0.756,1
0.845,0.327,0.289,0.602,0.856,3
0.714,0.745,0.446,0.613,0.765,1
0.465,0.761,0.393,0.399,0.52,2
0.235,0.246,0.863,0.417,0.034,0
0.088,0.437,0.832,0.369,0.447,4
0.231,0.284,0.922,0.228,0.176,0
0.119,0.194,0.713,0.135,0.113,0
0.171,0.334,0.842,0.359,0.072,0
0.103,0.241,0.964,0.224,0.061,0
0.095,0.381,0.756,0.234,0.25,0
0.374,0.569,0.421,0.674,0.421,2
0.781,0.803,0.371,0.684,0.751,1
0.204,0.253,0.768,0.374,0.1,0
0.392,0.691,0.389,0.266,0.168,2
0.75,0.437,0.125,0.373,0.86,3
0.45,0.583,0.207,0.495,0.532,2
0.394,0.913,0.271,0.662,0.833,1
0.648,0.809,0.211,0.545,0.712,1
0.347,0.267,0.875,0.417,0.35,0
0.615,0.783,0.251,0.655,0.696,1
0.243,0.214,0.837,0.399,0.446,4
0.434,0.691,0.372,0.402,0.358,2
0.256,0.659,0.197,0.436,0.57,2
0.615,0.945,0.162,0.624,0.692,1
0.252,0.247,0.931,0.377,0.348,4
0.333,0.734,0.393,0.579,0.368,2
0.694,0.809,0.225,0.731,0.725,1
0.319,0.813,0.23,0.472,0.531,2
0.733,0.32,0.316,0.426,0.742,3
0.822,0.544,0.33,0.487,0.818,3
0.645,0.368,0.146,0.177,0.902,3
0.098,0.308,0.894,0.385,0.48,4
0.34,0.698,0.307,0.426,0.522,2
0.564,0.788,0.421,0.596,0.571,1
0.021,0.18,0.819,0.454,0.305,4
0.094,0.214,0.832,0.207,0.001,0
0.127,0.211,0.766,0.245,0.106,0
0.271,0.412,0.924,0.369,0.396,4
0.249,0.206,0.843,0.316,0.241,0
0.242,0.324,0.858,0.284,0.025,0
0.905,0.525,0.173,0.412,0.985,3
0.865,0.912,0.189,0.546,0.612,1
0.815,0.835,0.163,0.771,0.833,1
0.065,0.322,0.909,0.536,0.303,4
0.45,0.721,0.154,0.467,0.593,2
0.15,0.38,0.871,0.298,0.117,0
0.479,0.836,0.41,0.533,0.545,1
0.175,0.335,0.901,0.507,0.606,4
0.753,0.868,0.301,0.417,0.692,1
0.039,0.163,0.979,0.284,0.439,4
0.796,0.939,0.275,0.68,0.693,1
0.767,0.369,0.273,0.408,0.753,3
0.781,0.667,0.304,0.253,0.971,3
0.388,0.589,0.278,0.551,0.455,2
0.789,0.411,0.298,0.486,0.866,3
0.678,0.422,0.414,0.305,0.862,3
0.321,0.724,0.401,0.536,0.524,2
0.332,0.621,0.286,0.379,0.382,2
0.118,0.272,0.647,0.176,0.249,0
0.353,0.853,0.209,0.566,0.476,2
0.625,0.873,0.254,0.534,0.695,1
0.787,0.876,0.469,0.513,0.636,1
0.353,0.765,0.175,0.568,0.579,2
0.101,0.243,0.878,0.34,0.197,0
0.02,0.299,0.835,0.398,0.486,4
0.463,0.355,0.249,0.395,0.826,3
0.551,0.972,0.291,0.538,0.61,1
0.22,0.242,0.883,0.326,0.137,0
0.415,0.698,0.34,0.443,0.51,2
0.652,0.841,0.321,0.865,0.643,1
0.296,0.331,0.823,0.4,0.083,0
0.761,0.842,0.312,0.638,0.641,1
0.587,0.601,0.221,0.277,0.939,3
0.319,0.859,0.301,0.518,0.313,2
0.211,0.222,0.801,0.363,0.085,0
0.346,0.766,0.425,0.499,0.541,2
0.098,0.257,0.846,0.553,0.335,4
0.098,0.074,0.778,0.281,0.133,0
0.14,0.293,0.872,0.442,0.521,4
0.244,0.685,0.37,0.471,0.652,2
0.221,0.324,0.748,0.452,0.449,4
0.554,0.904,0.305,0.692,0.708,1
0.285,0.66,0.42,0.425,0.439,2
0.212,0.265,0.822,0.423,0.572,4
0.057,0.25,0.903,0.309,0.456,4
0.806,0.496,0.098,0.525,0.946,3
0.269,0.356,0.869,0.383,0.245,4
0.162,0.304,0.888,0.312,0.076,0
0.643,0.958,0.235,0.783,0.611,1
0.079,0.259,0.782,0.143,0.014,0
0.647,0.69,0.113,0.553,0.736,1
0.776,0.525,0.126,0.356,0.853,3
0.294,0.183,0.785,0.336,0.258,0
0.644,0.862,0.243,0.51,0.68,1
0.314,0.415,0.806,0.308,0.229,0
0.84,0.797,0.25,0.735,0.691,1
0.231,0.684,0.175,0.428,0.389,2
0.133,0.417,0.798,0.405,0.369,4
0.385,0.751,0.336,0.408,0.405,2
0.057,0.205,0.871,0.393,0.179,4
0.707,0.497,0.257,0.277,0.621,3
0.043,0.354,0.77,0.678,0.507,4
0.229,0.326,0.707,0.329,0.421,4
0.977,0.438,0.266,0.29,0.781,3
0.612,0.527,0.393,0.285,0.854,3
0.789,0.465,0.355,0.302,0.941,3
0.686,0.501,0.202,0.373,0.683,3
0.201,0.394,0.839,0.297,0.097,0
0.16,0.353,0.788,0.188,0.08,0
0.768,0.465,0.249,0.521,0.856,3
0.112,0.36,0.832,0.411,0.405,4
0.328,0.838,0.082,0.411,0.358,2
0.106,0.275,0.652,0.287,0.038,0
0.253,0.543,0.319,0.224,0.382,2
0.19,0.351,0.801,0.424,0.394,4
0.049,0.341,0.998,0.652,0.357,4
0.736,0.323,0.236,0.423,0.894,3
0.75,0.464,0.236,0.208,0.94,3
0.621,0.783,0.425,0.636,0.589,1
0.376,0.897,0.297,0.586,0.393,2
0.705,0.761,0.422,0.356,0.703,3
0.312,0.38,0.855,0.566,0.366,4
0.104,0.188,0.776,0.635,0.672,4
0.151,0.311,0.717,0.533,0.413,4
0.333,0.736,0.336,0.256,0.496,2
0.21,0.199,0.867,0.267,0.126,0
0.871,0.589,0.185,0.471,0.824,3
0.898,0.493,0.245,0.264,0.873,3
0.253,0.824,0.298,0.408,0.626,2
0.036,0.197,0.925,0.227,0.263,0
0.892,0.851,0.319,0.596,0.532,1
0.116,0.646,0.201,0.722,0.533,2
0.163,0.585,0.524,0.361,0.433,2
0.065,0.481,0.83,0.45,0.318,4
0.671,0.766,0.252,0.716,0.717,1
0.735,0.933,0.464,0.719,0.716,1
0.078,0.223,0.945,0.206,0.078,0
0.156,0.569,0.677,0.461,0.381,4
0.579,0.823,0.283,0.483,0.743,1
0.092,0.229,0.793,0.262,0.047,0
0.261,0.351,0.892,0.51,0.418,4
0.159,0.215,0.763,0.399,0.127,0
0.714,0.849,0.144,0.755,0.533,1
0.104,0.291,0.753,0.315,0.078,0
0.72,0.818,0.312,0.55,0.78,1
0.157,0.114,0.833,0.424,0.04,0
0.354,0.68,0.047,0.447,0.598,2
0.064,0.249,0.804,0.494,0.525,4
0.801,0.485,0.145,0.362,0.91,3
0.422,0.628,0.31,0.382,0.287,2
0.235,0.322,0.907,0.475,0.425,4
0.427,0.742,0.367,0.534,0.561,2
0.129,0.143,0.846,0.329,0.15,0
0.028,0.137,0.911,0.384,0.329,4
0.749,0.56,0.086,0.307,0.867,3
0.161,0.264,0.838,0.437,0.274,4
0.712,0.783,0.348,0.568,0.511,1
0.632,0.839,0.244,0.8,0.8,1
0.612,0.548,0.245,0.355,0.886,3
0.128,0.248,0.852,0.211,0.116,0
0.092,0.226,0.807,0.184,0.174,0
0.379,0.813,0.284,0.542,0.393,2
0.581,0.897,0.367,0.645,0.487,1
0.851,0.9,0.437,0.745,0.705,1
0.578,0.842,0.284,0.42,0.553,1
0.32,0.711,0.365,0.382,0.521,2
0.466,0.832,0.198,0.34,0.576,2
0.149,0.199,0.963,0.348,0.194,0
0.652,0.87,0.327,0.479,0.665,1
0.534,0.626,0.307,0.392,0.578,2
0.25,0.692,0.208,0.606,0.519,2
0.244,0.168,0.955,0.353,0.188,0
0.174,0.309,0.876,0.362,0.217,4
0.294,0.616,0.25,0.475,0.565,2
0.164,0.268,0.877,0.3,0.146,0
0.879,0.928,0.174,0.684,0.55,1
0.726,0.542,0.309,0.39,0.978,3
0.192,0.156,0.878,0.323,0.085,0
0.759,0.901,0.279,0.655,0.578,1
0.361,0.699,0.19,0.421,0.396,2
0.197,0.263,0.749,0.394,0.16,0
0.74,0.736,0.328,0.4,0.997,3
0.956,0.367,0.137,0.311,0.912,3
0.232,0.131,0.813,0.246,0.072,0
0.584,0.865,0.415,0.743,0.625,1
0.071,0.166,0.966,0.346,0.466,4
0.836,0.964,0.338,0.565,0.653,1
0.367,0.579,0.414,0.367,0.496,2
0.469,0.813,0.261,0.572,0.444,2
0.252,0.388,0.871,0.545,0.404,4
0.363,0.609,0.225,0.445,0.448,2
0.377,0.698,0.089,0.273,0.637,2
0.154,0.542,0.314,0.521,0.384,2
0.766,0.494,0.295,0.454,0.776,3
0.413,0.735,0.322,0.716,0.645,1
0.381,0.248,0.828,0.216,0.054,0
0.723,0.911,0.262,0.777,0.649,1
0.697,0.706,0.319,0.539,0.532,1
0.423,0.612,0.21,0.42,0.631,2
0.279,0.414,0.91,0.402,0.52,4
0.459,0.468,0.132,0.558,0.396,2
0.742,0.51,0.478,0.461,0.925,3
0.65,0.984,0.363,0.581,0.502,1
0.622,0.394,0.119,0.387,0.818,3
0.66,0.861,0.306,0.497,0.671,1
0.106,0.337,0.882,0.345,0.058,0
0.763,0.49,0.079,0.38,0.921,3
0.572,0.453,0.205,0.645,0.922,3
0.041,0.188,0.904,0.505,0.425,4
0.354,0.69,0.219,0.312,0.445,2
0.453,0.82,0.215,0.451,0.621,2
0.167,0.222,0.818,0.42,0.469,4
0.291,0.444,0.815,0.4,0.401,4
0.288,0.907,0.198,0.602,0.477,2
0.589,0.929,0.365,0.548,0.669,1
0.118,0.374,0.912,0.326,0.473,4
0.191,0.274,0.935,0.292,0.224,0
0.016,0.263,0.89,0.167,0.123,0
0.214,0.117,0.768,0.277,0.222,0
0.218,0.188,0.678,0.215,0.152,0
0.35,0.161,0.824,0.33,0.16,0
0.09,0.295,0.748,0.475,0.319,4
0.244,0.367,0.912,0.282,0.189,0
0.118,0.264,0.942,0.4,0.379,4
0.556,0.773,0.318,0.653,0.707,1
0.078,0.274,0.747,0.44,0.287,4
0.347,0.126,0.842,0.331,0.073,0
0.345,0.792,0.18,0.463,0.56,2
0.234,0.397,0.877,0.441,0.048,0
0.053,0.218,0.816,0.435,0.234,0
0.013,0.194,0.807,0.446,0.415,4
0.493,0.768,0.324,0.405,0.562,1
0.699,0.926,0.365,0.571,0.782,1
0.677,0.955,0.149,0.43,0.619,1
0.102,0.26,0.923,0.621,0.323,4
0.482,0.701,0.179,0.473,0.529,2
0.372,0.715,0.308,0.485,0.442,2
0.627,0.918,0.365,0.631,0.609,1
0.741,0.949,0.189,0.548,0.554,1
0.214,0.846,0.422,0.521,0.48,2
0.731,0.753,0.153,0.612,0.684,1
0.87,0.511,0.108,0.521,0.867,3
0.749,0.638,0.223,0.334,0.764,3
0.733,0.752,0.285,0.879,0.708,1
0.378,0.624,0.282,0.465,0.534,2
0.073,0.19,0.867,0.367,0.206,0
0.37,0.21,0.698,0.16,0.17,0
0.708,0.967,0.094,0.809,0.747,1
0.782,0.953,0.56,0.65,0.651,1
0.086,0.162,0.608,0.33,0.491,4
0.212,0.369,0.843,0.224,0.174,0
0.637,0.627,0.378,0.415,0.907,3
0.345,0.765,0.347,0.406,0.562,2
0.393,0.708,0.483,0.425,0.504,2
0.368,0.827,0.364,0.55,0.415,2
0.24,0.315,0.886,0.339,0.145,0
0.055,0.398,0.967,0.46,0.439,4
0.497,0.919,0.28,0.701,0.676,1
0.24,0.325,0.896,0.379,0.372,4
0.211,0.258,0.746,0.319,0.288,4
0.793,0.464,0.322,0.496,0.835,3
0.228,0.266,0.862,0.303,0.169,0
0.174,0.379,0.739,0.426,0.289,4
0.712,0.821,0.243,0.636,0.729,1
0.018,0.394,0.883,0.36,0.528,4
0.729,0.53,0.287,0.441,0.912,3
0.469,0.656,0.196,0.493,0.514,2
0.333,0.308,0.863,0.183,0.142,0
0.855,0.49,0.278,0.385,0.789,3
0.69,0.279,0.359,0.447,0.796,3
0.01,0.07,1.0,0.29,0.297,0
0.454,0.522,0.22,0.357,0.583,2
0.66,0.464,0.321,0.288,0.905,3
0.334,0.356,0.819,0.27,0.184,0
0.724,0.857,0.374,0.493,0.62,1
0.609,0.944,0.256,0.732,0.784,1
0.653,0.712,0.23,0.491,0.842,3
0.081,0.431,0.931,0.31,0.077,0
0.121,0.291,0.852,0.499,0.521,4
0.75,0.331,0.185,0.366,0.83,3
0.261,0.706,0.443,0.539,0.643,2
0.707,0.805,0.066,0.714,0.758,1
0.176,0.348,0.72,0.341,0.001,0
0.114,0.35,0.913,0.169,0.213,0
0.648,0.543,0.3,0.431,0.703,3
0.088,0.117,0.82,0.604,0.357,4
0.443,0.359,0.863,0.469,0.267,0
0.14,0.274,0.611,0.365,0.303,0
0.509,0.74,0.359,0.651,0.438,2
0.656,0.832,0.387,0.595,0.599,1
0.298,0.245,0.95,0.33,0.264,4
0.694,0.766,0.385,0.617,0.656,1
0.257,0.554,0.268,0.473,0.42,2
0.292,0.575,0.224,0.298,0.479,2
0.699,0.52,0.252,0.314,0.657,3
0.629,0.602,0.331,0.381,0.826,3
0.034,0.157,0.822,0.202,0.174,0
0.539,0.858,0.296,0.779,0.68,1
0.721,0.447,0.328,0.337,0.973,3
0.135,0.236,0.867,0.42,0.487,4
0.105,0.282,0.837,0.665,0.308,4
0.087,0.265,0.786,0.44,0.423,4
0.164,0.196,0.904,0.475,0.532,4
0.461,0.837,0.229,0.515,0.626,2
0.338,0.75,0.423,0.459,0.384,2
0.564,0.727,0.284,0.627,0.576,1
0.443,0.674,0.443,0.479,0.695,2
0.19,0.234,0.911,0.344,0.311,4
0.684,0.895,0.245,0.625,0.61,1
0.096,0.371,0.794,0.378,0.226,0
0.23,0.711,0.343,0.463,0.686,2
0.765,0.956,0.173,0.635,0.658,1
0.675,0.408,0.131,0.226,0.733,3
0.224,0.279,0.832,0.258,0.047,0
0.122,0.358,0.911,0.272,0.302,0
0.846,0.418,0.239,0.407,0.846,3
0.438,0.649,0.273,0.334,0.491,2
0.775,0.462,0.226,0.249,0.731,3
0.1,0.134,0.815,0.234,0.397,0
0.213,0.273,0.773,0.277,0.148,0
0.325,0.606,0.24,0.406,0.435,2
0.791,0.82,0.003,0.594,0.707,1
0.234,0.4,0.825,0.296,0.133,0
0.158,0.338,0.845,0.422,0.248,4
0.706,0.407,0.216,0.301,0.655,3
0.031,0.349,0.806,0.322,0.056,0
0.079,0.3,0.689,0.286,0.272,4
0.115,0.17,0.88,0.135,0.08,0
0.438,0.729,0.289,0.475,0.344,2
0.705,0.471,0.228,0.407,0.727,3
0.271,0.94,0.16,0.539,0.539,2
0.097,0.363,0.636,0.267,0.213,0
0.711,0.381,0.273,0.311,0.854,3
0.654,0.836,0.403,0.738,0.366,1
0.404,0.529,0.262,0.614,0.514,2
0.512,0.732,0.143,0.4,0.393,2
0.228,0.865,0.139,0.211,0.315,2
0.17,0.29,0.757,0.282,0.046,0
0.084,0.439,0.984,0.325,0.111,0
0.322,0.333,0.75,0.217,0.133,0
0.149,0.219,0.981,0.406,0.081,0
0.232,0.287,0.85,0.433,0.386,4
0.227,0.226,0.98,0.432,0.35,4
0.883,0.764,0.373,0.414,0.938,1
0.605,0.469,0.344,0.349,0.864,3
0.406,0.589,0.262,0.447,0.553,2
0.263,0.695,0.379,0.555,0.475,2
0.869,0.408,0.267,0.425,0.796,3
0.144,0.281,0.814,0.405,0.317,4
0.121,0.253,0.852,0.609,0.395,4
0.68,0.822,0.11,0.465,0.982,1
0.715,0.803,0.355,0.602,0.64,1
0.31,0.478,0.916,0.504,0.508,4
0.055,0.172,0.939,0.411,0.409,4
0.582,0.777,0.24,0.373,0.681,1
0.777,0.898,0.207,0.515,0.544,1
0.001,0.391,0.963,0.106,0.065,0
0.251,0.296,0.894,0.572,0.358,4
0.712,0.547,0.28,0.317,0.947,3
0.34,0.692,0.423,0.582,0.412,2
0.157,0.331,0.698,0.395,0.201,4
0.216,0.384,0.79,0.16,0.093,0
0.713,0.538,0.261,0.348,0.731,3
0.648,0.952,0.129,0.63,0.557,1
0.627,0.957,0.386,0.79,0.708,1
0.788,0.84,0.234,0.576,0.735,1
0.261,0.292,0.749,0.402,0.163,0
0.237,0.327,0.898,0.287,0.125,0
0.724,0.792,0.13,0.565,0.763,1
0.305,0.78,0.193,0.509,0.612,2
0.57,0.81,0.345,0.496,0.682,1
0.673,0.796,0.167,0.77,0.772,1
0.17,0.403,0.96,0.104,0.456,4
0.13,0.052,0.688,0.294,0.236,0
0.01,0.507,0.888,0.404,0.365,4
0.549,0.883,0.09,0.702,0.631,1
0.242,0.281,0.854,0.351,0.39,4
0.336,0.631,0.143,0.298,0.357,2
0.833,0.484,0.03,0.396,0.975,3
0.267,0.289,0.828,0.345,0.033,0
0.211,0.691,0.241,0.542,0.494,2
0.608,0.862,0.297,0.571,0.744,1
0.87,0.966,0.193,0.585,0.794,1
0.88,0.367,0.352,0.191,0.864,3
0.195,0.404,0.784,0.365,0.301,4
0.596,0.383,0.11,0.542,0.857,3
0.179,0.255,0.644,0.352,0.281,0
0.678,0.819,0.062,0.62,0.546,1
0.076,0.14,0.77,0.455,0.438,4
0.233,0.666,0.251,0.67,0.649,2
0.115,0.295,0.665,0.496,0.527,4
0.184,0.193,0.912,0.48,0.41,4
0.62,0.38,0.217,0.264,0.903,3
0.484,0.909,0.108,0.622,0.635,1
0.341,0.192,0.952,0.234,0.224,0
0.635,0.741,0.396,0.632,0.63,1
0.738,0.386,0.282,0.507,0.805,3
0.804,0.971,0.281,0.706,0.735,1
0.154,0.273,0.792,0.415,0.441,4
0.628,0.797,0.266,0.642,0.51,1
0.631,0.911,0.371,0.552,0.679,1
0.24,0.179,0.781,0.18,0.202,0
0.501,0.435,0.464,0.404,0.875,3
0.604,0.433,0.084,0.483,0.897,3
0.609,0.435,0.334,0.377,0.735,3
0.368,0.327,0.86,0.534,0.526,4
0.668,0.981,0.217,0.704,0.755,1
0.042,0.295,0.849,0.211,0.079,0
0.31,0.832,0.162,0.352,0.445,2
0.681,0.934,0.247,0.618,0.674,1
0.198,0.08,0.887,0.413,0.162,0
0.134,0.471,0.853,0.397,0.313,4
0.477,0.748,0.135,0.422,0.46,2
0.87,0.392,0.244,0.48,0.939,3
0.067,0.475,0.907,0.443,0.389,4
0.702,0.495,0.256,0.457,0.779,3
0.589,0.786,0.388,0.597,0.665,1
0.201,0.307,0.849,0.387,0.446,4
0.795,0.417,0.232,0.315,0.968,3
0.766,0.795,0.322,0.573,0.573,1
0.102,0.267,0.819,0.334,0.62,4
0.482,0.858,0.216,0.72,0.539,1
0.208,0.276,0.867,0.289,0.2,0
0.726,0.788,0.103,0.669,0.65,1
0.462,0.607,0.385,0.421,0.563,2
0.336,0.241,0.894,0.316,0.277,0
0.068,0.263,0.732,0.401,0.369,4
0.625,0.891,0.412,0.689,0.759,1
0.141,0.374,0.852,0.381,0.251,0
0.674,0.709,0.304,0.668,0.618,1
0.049,0.115,0.84,0.45,0.457,4
0.084,0.342,0.862,0.328,0.003,0
0.621,0.764,0.389,0.637,0.665,1
0.044,0.273,0.853,0.41,0.49,4
0.632,0.858,0.262,0.832,0.583,1
0.757,0.495,0.372,0.467,0.826,3
0.76,0.588,0.299,0.323,0.923,3
0.194,0.246,0.896,0.238,0.232,0
0.107,0.343,0.815,0.262,0.412,4
0.591,0.687,0.321,0.31,0.494,2
0.317,0.177,0.763,0.116,0.16,0
0.733,0.89,0.197,0.758,0.811,1
0.875,0.433,0.353,0.288,0.659,3
0.207,0.7,0.228,0.566,0.555,2
0.541,0.941,0.291,0.69,0.596,1
0.153,0.283,0.848,0.204,0.104,0
0.847,0.414,0.214,0.249,0.819,3
0.747,0.335,0.459,0.436,0.88,3
0.078,0.152,0.862,0.334,0.124,0
0.033,0.134,0.928,0.609,0.253,4
0.284,0.821,0.307,0.429,0.314,2
0.233,0.278,0.793,0.238,0.127,0
0.405,0.645,0.296,0.584,0.477,2
0.143,0.186,0.929,0.529,0.154,0
0.15,0.573,0.564,0.606,0.601,2
0.615,0.341,0.191,0.492,0.772,3
0.329,0.498,0.517,0.516,0.462,2
0.192,0.776,0.065,0.485,0.481,2
0.388,0.75,0.044,0.361,0.484,2
0.742,0.453,0.208,0.364,0.862,3
0.715,0.695,0.388,0.264,0.812,3
0.36,0.369,0.79,0.42,0.369,4
0.666,0.453,0.292,0.372,0.511,3
0.213,0.753,0.288,0.621,0.34,2
0.751,0.644,0.255,0.353,0.907,3
0.811,0.593,0.133,0.376,0.944,3
0.316,0.773,0.099,0.391,0.44,2
0.628,0.804,0.53,0.73,0.848,1
0.306,0.298,0.92,0.434,0.446,4
0.294,0.867,0.171,0.408,0.447,2
0.106,0.271,0.639,0.518,0.522,4
0.188,0.319,0.824,0.446,0.246,4
0.261,0.161,0.848,0.187,0.132,0
0.459,0.649,0.123,0.427,0.293,2
0.77,0.622,0.126,0.485,0.693,3
0.392,0.673,0.344,0.639,0.446,2
0.281,0.944,0.234,0.405,0.346,2
0.115,0.271,0.779,0.305,0.045,0
0.376,0.164,0.913,0.492,0.554,4
0.14,0.059,0.756,0.199,0.087,0
0.056,0.253,0.837,0.273,0.237,0
0.32,0.617,0.173,0.475,0.448,2
0.547,0.855,0.283,0.754,0.66,1
0.742,0.607,0.221,0.375,0.774,3
0.062,0.218,0.958,0.35,0.244,4
0.599,0.695,0.443,0.648,0.701,1
0.363,0.589,0.212,0.524,0.426,2
0.412,0.817,0.496,0.572,0.58,2
0.352,0.484,0.237,0.405,0.511,2
0.282,0.781,0.279,0.403,0.48,2
0.451,0.496,0.195,0.489,0.526,2
0.045,0.3,0.808,0.217,0.202,0
0.886,0.458,0.144,0.495,0.862,3
0.32,0.527,0.285,0.469,0.501,2
0.406,0.625,0.417,0.613,0.521,2
0.693,0.522,0.172,0.436,0.788,3
0.294,0.8,0.167,0.387,0.482,2
0.794,0.333,0.003,0.537,0.897,3
0.731,0.349,0.402,0.344,0.944,3
0.374,0.772,0.252,0.304,0.454,2
0.235,0.214,0.838,0.23,0.15,0
0.241,0.04,0.701,0.446,0.485,4
0.081,0.424,0.692,0.286,0.327,4
0.01,0.406,0.752,0.462,0.46,4
0.082,0.331,0.76,0.15,0.084,0
0.289,0.678,0.449,0.439,0.392,2
0.276,0.354,0.775,0.368,0.022,0
0.649,0.458,0.213,0.264,0.873,3
0.783,0.493,0.143,0.152,0.829,3
0.728,0.525,0.286,0.36,0.731,3
0.268,0.191,0.861,0.256,0.131,0
0.211,0.431,0.929,0.542,0.311,4
0.506,0.584,0.366,0.496,0.419,2
0.354,0.788,0.123,0.567,0.37,2
0.745,0.968,0.175,0.616,0.707,1
0.334,0.24,0.765,0.369,0.285,0
0.143,0.359,0.901,0.479,0.235,0
0.023,0.49,0.763,0.482,0.296,4
0.163,0.378,0.791,0.509,0.329,4
0.11,0.235,0.885,0.635,0.574,4
0.198,0.175,0.878,0.345,0.242,0
0.036,0.341,0.828,0.474,0.45,4
0.49,0.751,0.117,0.411,0.592,2
0.169,0.204,0.856,0.645,0.522,4
0.024,0.385,0.975,0.24,0.153,0
0.652,0.446,0.061,0.249,0.628,3
0.303,0.183,0.764,0.397,0.127,0
0.432,0.588,0.347,0.399,0.486,2
0.438,0.837,0.118,0.312,0.554,2
0.912,0.776,0.333,0.538,0.764,1
0.145,0.242,0.743,0.482,0.517,4
0.063,0.245,0.909,0.422,0.377,4
0.148,0.245,0.83,0.334,0.419,4
0.806,0.419,0.248,0.526,0.693,3
0.709,0.964,0.407,0.571,0.842,1
0.126,0.347,0.977,0.341,0.323,4
0.195,0.366,0.924,0.427,0.371,4
0.682,0.672,0.199,0.668,0.776,1
0.117,0.411,0.873,0.597,0.512,4
0.245,0.316,0.614,0.24,0.295,0
0.776,0.668,0.166,0.396,0.655,3
0.188,0.641,0.244,0.405,0.445,2
0.136,0.414,0.825,0.158,0.158,0
0.072,0.362,0.707,0.284,0.414,4
0.109,0.224,0.582,0.384,0.076,0
0.259,0.267,0.695,0.481,0.502,4
0.767,0.777,0.198,0.698,0.616,1
0.677,0.459,0.324,0.367,0.978,3
0.241,0.225,0.85,0.313,0.176,0
0.027,0.453,0.827,0.252,0.133,0
0.147,0.296,0.925,0.596,0.426,4
0.239,0.316,0.962,0.326,0.288,0
0.719,0.778,0.195,0.427,0.536,1
0.317,0.751,0.319,0.416,0.412,2
0.681,0.932,0.44,0.622,0.851,1
0.351,0.037,0.923,0.355,0.056,0
0.644,0.851,0.316,0.696,0.673,1
0.064,0.24,0.953,0.432,0.345,4
0.188,0.242,0.894,0.457,0.113,0
0.357,0.188,0.865,0.19,0.178,0
0.878,0.481,0.04,0.281,0.723,3
0.153,0.134,0.834,0.35,0.292,0
0.754,0.799,0.291,0.594,0.76,1
0.583,0.386,0.33,0.3,0.679,3
0.711,0.428,0.183,0.281,0.8,3
0.483,0.919,0.303,0.671,0.625,1
0.608,0.64,0.162,0.665,0.645,1
0.808,0.938,0.184,0.702,0.685,1
0.731,0.253,0.174,0.216,0.765,3
0.313,0.12,0.836,0.337,0.147,0
0.039,0.339,0.691,0.469,0.42,4
0.22,0.163,0.954,0.237,0.13,0
0.768,0.892,0.144,0.817,0.651,1
0.466,0.809,0.331,0.397,0.325,2
0.102,0.273,0.858,0.39,0.122,0
0.231,0.623,0.414,0.42,0.554,2
0.797,0.985,0.253,0.6,0.729,1
0.287,0.772,0.3,0.527,0.534,2
0.069,0.326,0.871,0.359,0.269,4
0.537,0.714,0.464,0.604,0.626,2
0.396,0.179,0.937,0.228,0.035,0
0.214,0.324,0.929,0.335,0.106,0
0.415,0.719,0.187,0.345,0.591,2
0.374,0.394,0.887,0.23,0.042,0
0.077,0.315,0.935,0.481,0.347,4
0.131,0.255,0.91,0.36,0.391,4
0.293,0.638,0.128,0.406,0.579,2
0.231,0.247,0.868,0.198,0.132,0
0.163,0.156,0.733,0.234,0.564,4
0.759,0.847,0.247,0.481,0.718,1
0.098,0.284,0.892,0.333,0.23,0
0.741,0.561,0.393,0.466,0.738,3
0.102,0.253,0.742,0.354,0.319,4
0.23,0.358,0.576,0.358,0.31,4
0.032,0.353,0.908,0.507,0.365,4
0.507,0.523,0.304,0.543,0.573,2
0.344,0.392,0.67,0.381,0.31,4
0.082,0.151,0.822,0.418,0.395,4
0.881,0.48,0.249,0.394,0.731,3
0.141,0.266,0.796,0.157,0.137,0
0.141,0.264,0.719,0.227,0.167,0
0.313,0.617,0.261,0.54,0.447,2
0.143,0.391,0.798,0.51,0.286,4
0.496,0.77,0.229,0.615,0.436,2
0.28,0.327,0.882,0.228,0.164,0
0.402,0.794,0.184,0.629,0.369,2
0.713,0.495,0.078,0.287,0.759,3
0.283,0.185,0.945,0.305,0.344,4
0.108,0.338,0.667,0.538,0.394,4
0.008,0.186,0.987,0.423,0.505,4
0.024,0.45,0.914,0.486,0.454,4
0.583,0.831,0.212,0.614,0.786,1
0.374,0.873,0.382,0.541,0.533,2
0.356,0.704,0.184,0.369,0.539,2
0.395,0.56,0.14,0.407,0.505,2
0.733,0.427,0.197,0.259,0.905,3
0.673,0.974,0.273,0.569,0.802,1
0.137,0.28,0.908,0.485,0.529,4
0.243,0.097,0.776,0.309,0.206,0
0.103,0.359,0.869,0.302,0.524,4
0.109,0.31,0.807,0.548,0.304,4
0.856,0.327,0.454,0.528,0.822,3
0.772,0.527,0.201,0.475,0.741,3
0.678,0.597,0.292,0.772,0.733,1
0.951,0.576,0.128,0.484,0.847,3
0.403,0.033,0.987,0.273,0.179,0
0.828,0.43,0.237,0.328,0.708,3
0.711,0.892,0.218,0.702,0.55,1
0.606,0.925,0.176,0.668,0.712,1
0.148,0.405,0.773,0.412,0.242,4
0.037,0.345,0.796,0.355,0.3,4
0.651,0.729,0.329,0.736,0.681,1
0.066,0.319,0.97,0.44,0.14,4
0.697,0.741,0.233,0.53,0.735,1
0.642,0.776,0.229,0.735,0.76,1
0.732,0.396,0.151,0.393,0.994,3
0.003,0.48,0.877,0.506,0.553,4
0.238,0.243,0.867,0.226,0.122,0
0.141,0.552,0.663,0.365,0.38,4
0.136,0.434,0.864,0.204,0.261,0
0.939,0.456,0.195,0.497,0.763,3
0.095,0.202,0.927,0.325,0.191,4
0.64,0.91,0.285,0.685,0.548,1
0.072,0.332,0.995,0.328,0.403,4
0.765,0.417,0.221,0.406,0.686,3
0.195,0.151,0.736,0.485,0.05,0
0.289,0.612,0.296,0.334,0.343,2
0.745,0.843,0.163,0.721,0.625,1
0.38,0.683,0.458,0.511,0.557,2
0.174,0.344,0.897,0.246,0.332,4
0.201,0.743,0.097,0.563,0.548,2
0.848,0.451,0.327,0.398,0.87,3
0.266,0.807,0.386,0.386,0.639,2
0.147,0.177,0.857,0.378,0.473,4
0.313,0.292,0.823,0.376,0.088,0
0.659,0.539,0.369,0.24,0.954,3
0.818,0.431,0.125,0.261,0.649,3
0.666,0.946,0.151,0.546,0.576,1
0.382,0.585,0.303,0.422,0.486,2
0.7,0.457,0.188,0.244,0.899,3
0.88,0.35,0.338,0.347,0.91,3
0.105,0.233,0.864,0.338,0.177,0
0.237,0.353,0.779,0.449,0.393,4
0.825,0.356,0.261,0.393,0.843,3
0.265,0.564,0.912,0.31,0.54,4
0.116,0.174,0.998,0.38,0.167,4
0.155,0.236,0.718,0.548,0.275,4
0.741,0.755,0.288,0.721,0.717,1
0.703,0.771,0.138,0.706,0.497,1
0.06,0.298,0.913,0.249,0.091,0
0.669,0.911,0.418,0.773,0.71,1
0.845,0.946,0.354,0.59,0.739,1
0.302,0.928,0.161,0.537,0.5,2
0.558,0.73,0.329,0.791,0.613,1
0.205,0.795,0.246,0.53,0.495,2
0.277,0.785,0.303,0.661,0.19,2
0.385,0.812,0.248,0.479,0.502,2
0.744,0.476,0.035,0.584,0.916,3
0.688,0.416,0.284,0.307,0.852,3
0.649,0.923,0.32,0.649,0.56,1
0.205,0.277,0.923,0.577,0.294,4
0.951,0.515,0.262,0.257,0.884,3
0.15,0.381,0.798,0.489,0.504,4
0.335,0.819,0.235,0.351,0.463,2
0.933,0.554,0.471,0.312,0.812,3
0.752,0.375,0.104,0.444,0.894,3
0.276,0.295,0.781,0.119,0.073,0
0.052,0.137,0.851,0.45,0.16,0
0.125,0.204,0.882,0.328,0.352,4
0.479,0.676,0.261,0.45,0.507,2
0.289,0.64,0.14,0.335,0.58,2
0.172,0.25,0.894,0.308,0.203,0
0.18,0.227,0.863,0.048,0.028,0
0.811,0.408,0.244,0.374,0.815,3
0.36,0.673,0.165,0.434,0.501,2
0.741,0.833,0.243,0.67,0.632,1
0.342,0.819,0.266,0.5,0.467,2
0.152,0.282,0.892,0.405,0.348,4
0.644,0.839,0.39,0.679,0.497,1
0.33,0.288,0.71,0.114,0.229,0
0.675,0.347,0.374,0.135,0.72,3
0.573,0.701,0.395,0.68,0.591,2
0.25,0.126,0.791,0.297,0.067,0
0.145,0.261,0.927,0.38,0.234,4
0.066,0.189,0.784,0.378,0.217,0
0.103,0.296,0.755,0.481,0.451,4
0.839,0.593,0.221,0.34,0.845,3
0.621,0.861,0.187,0.516,0.736,1
0.088,0.298,0.824,0.41,0.422,4
0.291,0.822,0.396,0.397,0.479,2
0.466,0.613,0.296,0.364,0.925,3
0.495,0.896,0.257,0.603,0.734,1
0.826,0.428,0.296,0.418,0.825,3
0.274,0.722,0.266,0.351,0.503,2
0.68,0.48,0.332,0.36,0.752,3
0.725,0.842,0.294,0.656,0.669,1
0.373,0.55,0.353,0.367,0.354,2
0.583,0.875,0.176,0.705,0.676,1
0.226,0.268,0.791,0.373,0.175,0
0.251,0.685,0.243,0.433,0.629,2
0.131,0.371,0.924,0.518,0.321,4
0.583,0.653,0.324,0.676,0.549,1
0.729,0.416,0.246,0.434,0.861,3
0.153,0.401,0.932,0.596,0.471,4
0.871,0.784,0.33,0.539,0.895,1
0.603,0.79,0.273,0.555,0.69,1
0.501,0.412,0.264,0.332,0.379,2
0.716,0.931,0.115,0.762,0.832,1
0.137,0.793,0.166,0.416,0.483,2
0.487,0.675,0.25,0.54,0.459,2
0.214,0.571,0.299,0.43,0.681,2
0.686,0.866,0.359,0.658,0.699,1
0.243,0.306,0.92,0.241,0.148,0
0.424,0.264,0.724,0.401,0.358,4
0.142,0.441,0.808,0.585,0.239,4
0.381,0.766,0.263,0.496,0.47,2
0.01,0.303,0.874,0.398,0.35,4
0.23,0.263,0.78,0.578,0.358,4
0.65,0.886,0.19,0.705,0.497,1
0.189,0.339,0.95,0.337,0.089,0
0.169,0.446,0.729,0.41,0.436,4
0.28,0.414,0.342,0.591,0.415,2
0.111,0.802,0.297,0.468,0.55,2
0.214,0.418,0.794,0.596,0.484,4
0.776,0.491,0.246,0.267,0.882,3
0.827,0.283,0.192,0.431,0.902,3
0.187,0.16,0.913,0.481,0.261,4
0.824,0.488,0.138,0.236,0.848,3
0.214,0.154,0.688,0.427,0.44,4
0.722,0.948,0.358,0.545,0.719,1
0.112,0.132,0.78,0.43,0.501,4
0.822,0.841,0.272,0.718,0.615,1
0.779,0.722,0.208,0.315,0.929,3
0.018,0.217,0.815,0.43,0.442,4
0.139,0.299,0.902,0.117,0.124,0
0.122,0.084,0.88,0.236,0.308,0
0.439,0.67,0.342,0.426,0.557,2
0.602,0.41,0.277,0.399,0.865,3
0.513,0.547,0.153,0.536,0.556,2
0.119,0.389,0.878,0.359,0.141,0
0.407,0.722,0.307,0.53,0.396,2
0.838,0.45,0.356,0.316,0.718,3
0.309,0.131,0.853,0.112,0.175,0
0.218,0.193,0.936,0.595,0.59,4
0.24,0.7,0.098,0.504,0.511,2
0.715,0.308,0.206,0.434,0.919,3
0.43,0.956,0.139,0.632,0.72,1
0.622,0.375,0.049,0.62,0.859,3
0.786,0.889,0.334,0.642,0.493,1
0.433,0.7,0.283,0.509,0.486,2
0.017,0.174,0.82,0.5,0.171,0
0.243,0.842,0.157,0.609,0.362,2
0.626,0.889,0.328,0.587,0.75,1
0.331,0.675,0.283,0.322,0.624,2
0.554,0.616,0.306,0.512,0.371,2
0.23,0.208,0.886,0.456,0.365,4
0.026,0.33,0.737,0.246,0.191,0
0.701,0.407,0.234,0.48,0.803,3
0.678,0.501,0.41,0.439,0.952,3
0.604,0.465,0.09,0.413,0.856,3
0.109,0.373,0.921,0.545,0.378,4
0.36,0.597,0.294,0.459,0.467,2
0.259,0.877,0.154,0.414,0.55,2
0.221,0.395,0.801,0.448,0.41,4
0.161,0.48,0.832,0.491,0.322,4
0.317,0.357,0.889,0.185,0.008,0
0.261,0.368,0.853,0.613,0.38,4
0.665,0.822,0.366,0.393,0.781,1
0.121,0.282,0.927,0.416,0.002,0
0.305,0.649,0.376,0.421,0.597,2
0.297,0.54,0.204,0.452,0.337,2
0.399,0.728,0.207,0.693,0.535,1
0.969,0.615,0.144,0.519,0.892,3
0.351,0.365,0.779,0.397,0.054,0
0.698,0.462,0.083,0.117,0.873,3
0.697,0.701,0.282,0.676,0.582,1
0.307,0.4,0.633,0.623,0.495,4
0.869,0.474,0.088,0.439,0.82,3
0.027,0.393,0.815,0.413,0.373,4
0.143,0.267,0.898,0.129,0.209,0
0.227,0.624,0.223,0.256,0.611,2
0.187,0.244,0.974,0.342,0.054,0
0.011,0.33,0.889,0.451,0.275,0
0.181,0.181,0.851,0.383,0.063,0
0.179,0.217,0.934,0.476,0.273,4
0.557,0.861,0.232,0.672,0.554,1
0.567,0.732,0.21,0.59,0.557,1
0.859,0.909,0.221,0.651,0.667,1
0.899,0.463,0.108,0.365,0.737,3
0.315,0.625,0.341,0.43,0.409,2
0.032,0.306,0.836,0.412,0.574,4
0.036,0.368,0.94,0.324,0.457,4
0.155,0.317,0.799,0.582,0.378,4
0.555,0.824,0.305,0.71,0.549,1
0.39,0.834,0.285,0.538,0.537,2
0.607,0.801,0.295,0.508,0.667,1
0.33,0.763,0.121,0.503,0.483,2
0.388,0.523,0.447,0.453,0.531,2
0.257,0.512,0.831,0.446,0.174,4
0.412,0.682,0.283,0.437,0.501,2
0.428,0.772,0.126,0.446,0.457,2
0.032,0.244,0.812,0.543,0.378,4
0.505,0.757,0.257,0.428,0.452,2
0.154,0.358,0.75,0.453,0.308,4
0.834,0.468,0.3,0.204,0.776,3
0.607,0.223,0.385,0.333,0.965,3
0.811,0.528,0.167,0.429,0.715,3
0.579,0.475,0.236,0.378,0.953,3
0.666,0.876,0.382,0.791,0.935,1
0.512,0.853,0.264,0.727,0.699,1
0.791,0.415,0.248,0.547,0.83,3
0.29,0.333,0.829,0.391,0.093,0
0.1,0.597,0.998,0.497,0.431,4
0.507,0.837,0.14,0.564,0.684,1
0.893,0.569,0.223,0.28,0.836,3
0.759,0.416,0.337,0.478,0.947,3
0.222,0.475,0.888,0.274,0.057,0
0.78,0.464,0.339,0.427,0.841,3
0.205,0.292,0.92,0.667,0.274,4
0.805,0.451,0.332,0.275,0.881,3
0.548,0.893,0.261,0.555,0.468,2
0.128,0.234,0.861,0.473,0.194,0
0.284,0.826,0.41,0.457,0.447,2
0.44,0.144,0.74,0.292,0.129,0
0.82,0.522,0.274,0.262,0.785,3
0.857,0.367,0.186,0.354,0.955,3
0.629,0.872,0.295,0.665,0.484,1
0.659,0.505,0.231,0.426,0.861,3
0.78,0.954,0.278,0.604,0.733,1
0.207,0.138,0.584,0.073,0.14,0
0.743,0.328,0.158,0.221,0.728,3
0.133,0.067,0.981,0.389,0.405,4
0.152,0.193,0.766,0.306,0.213,0
0.546,0.447,0.148,0.485,0.882,3
0.303,0.555,0.187,0.584,0.547,2
0.798,0.542,0.181,0.446,0.649,3
0.064,0.334,0.741,0.47,0.458,4
0.575,0.512,0.561,0.327,0.807,3
0.932,0.552,0.15,0.464,0.913,3
0.347,0.802,0.557,0.537,0.629,2
0.654,0.96,0.158,0.51,0.784,1
0.222,0.204,0.961,0.293,0.181,0
0.565,0.903,0.271,0.693,0.537,1
0.234,0.481,0.802,0.374,0.255,4
0.811,0.419,0.331,0.524,0.973,3
0.105,0.293,0.838,0.28,0.297,0
0.015,0.251,0.906,0.396,0.266,4
0.685,0.957,0.354,0.759,0.722,1
0.622,0.496,0.198,0.356,0.858,3
0.174,0.664,0.308,0.543,0.35,2
0.487,0.719,0.25,0.511,0.395,2
0.385,0.579,0.343,0.392,0.352,2
0.172,0.358,0.691,0.418,0.111,0
0.143,0.132,0.776,0.331,0.153,0
0.382,0.73,0.134,0.44,0.454,2
0.129,0.265,0.846,0.34,0.267,4
0.123,0.311,0.892,0.459,0.289,4
0.727,0.344,0.459,0.337,0.922,3
0.841,0.258,0.087,0.524,0.772,3
0.566,0.921,0.274,0.572,0.783,1
0.674,0.445,0.046,0.552,0.817,3
0.577,0.395,0.212,0.364,0.864,3
0.807,0.425,0.219,0.268,0.78,3
0.215,0.698,0.335,0.374,0.474,2
0.293,0.824,0.183,0.348,0.501,2
0.169,0.376,0.77,0.548,0.45,4
0.756,0.955,0.346,0.676,0.723,1
0.146,0.319,0.821,0.386,0.608,4
0.773,0.408,0.236,0.458,0.747,3
0.647,0.734,0.248,0.584,0.578,1
0.282,0.367,0.759,0.573,0.044,0
0.774,0.599,0.248,0.39,0.857,3
0.237,0.299,0.726,0.341,0.111,0
0.782,0.208,0.183,0.309,0.817,3
0.998,0.482,0.315,0.37,0.968,3
0.489,0.662,0.289,0.627,0.538,2
0.32,0.627,0.389,0.44,0.403,2
0.006,0.143,0.903,0.334,0.422,4
0.451,0.633,0.242,0.494,0.622,1
0.964,0.556,0.254,0.391,0.873,3
0.256,0.776,0.429,0.293,0.611,2
0.367,0.63,0.318,0.453,0.522,2
0.095,0.325,0.857,0.447,0.324,4
0.257,0.29,0.657,0.367,0.06,0
0.266,0.375,0.867,0.46,0.404,4
0.292,0.8,0.169,0.503,0.491,2
0.259,0.329,0.864,0.446,0.667,4
0.856,0.445,0.349,0.359,0.843,3
0.207,0.248,0.84,0.242,0.038,0
0.25,0.625,0.381,0.37,0.676,2
0.59,0.387,0.105,0.224,0.916,3
0.263,0.759,0.368,0.447,0.709,2
0.696,0.444,0.118,0.477,0.968,3
0.791,0.701,0.207,0.732,0.545,1
0.168,0.407,0.908,0.419,0.44,4
0.204,0.217,0.767,0.332,0.116,0
0.778,0.864,0.087,0.683,0.71,1
0.817,0.597,0.125,0.184,0.997,3
0.154,0.08,0.944,0.133,0.137,0
0.145,0.202,0.72,0.56,0.621,4
0.251,0.136,0.827,0.165,0.068,0
0.796,0.463,0.333,0.4,0.836,3
0.211,0.036,0.843,0.153,0.187,0
0.604,0.322,0.301,0.45,0.765,3
0.544,0.725,0.368,0.28,0.571,2
0.012,0.111,0.882,0.167,0.159,0
0.137,0.36,0.946,0.629,0.411,4
0.266,0.134,0.915,0.291,0.074,0
0.345,0.11,0.822,0.164,0.15,0
0.449,0.802,0.401,0.541,0.402,2
0.544,0.87,0.271,0.418,0.626,2
0.756,0.367,0.264,0.429,0.631,3
0.119,0.372,0.96,0.641,0.308,4
0.315,0.741,0.366,0.239,0.341,2
0.332,0.098,0.795,0.326,0.472,4
0.36,0.479,0.178,0.499,0.512,2
0.003,0.425,0.865,0.062,0.116,0
0.29,0.81,0.515,0.545,0.517,2
0.1,0.356,0.743,0.287,0.636,4
0.197,0.232,0.9,0.262,0.13,0
0.208,0.116,0.796,0.339,0.296,0
0.697,0.333,0.233,0.345,0.839,3
0.704,0.789,0.153,0.806,0.738,1
0.12,0.239,0.812,0.584,0.475,4
0.074,0.208,0.852,0.56,0.314,0
0.187,0.209,0.546,0.444,0.482,4
0.339,0.61,0.232,0.466,0.539,2
0.746,0.88,0.259,0.607,0.84,1
0.54,0.762,0.191,0.669,0.764,1
0.324,0.707,0.354,0.528,0.399,2
0.76,0.308,0.115,0.429,0.817,3
0.124,0.101,0.756,0.385,0.297,4
0.629,0.541,0.234,0.462,0.548,2
0.388,0.538,0.365,0.506,0.361,2
0.257,0.742,0.256,0.369,0.362,2
0.179,0.336,0.768,0.504,0.325,4
0.034,0.383,0.864,0.4,0.313,4
0.651,0.559,0.317,0.468,0.911,3
0.028,0.258,0.873,0.459,0.408,4
0.137,0.32,0.684,0.409,0.151,0
0.276,0.152,0.958,0.325,0.187,0
0.691,0.853,0.197,0.621,0.559,1
0.462,0.563,0.114,0.592,0.615,2
0.057,0.428,0.755,0.526,0.372,4
0.016,0.34,0.909,0.462,0.414,4
0.215,0.176,0.72,0.197,0.229,0
0.179,0.204,0.69,0.333,0.487,4
0.803,0.401,0.248,0.317,0.861,3
0.754,0.78,0.371,0.829,0.664,1
0.027,0.317,0.71,0.49,0.376,4
0.309,0.77,0.354,0.541,0.372,2
0.379,0.69,0.287,0.394,0.67,2
0.255,0.115,0.962,0.201,0.035,0
0.721,0.414,0.303,0.307,0.71,3
0.136,0.218,0.812,0.272,0.19,0
0.594,0.958,0.271,0.634,0.752,1
0.816,0.581,0.216,0.223,0.849,3
0.621,0.457,0.212,0.44,0.918,3
0.27,0.558,0.226,0.375,0.249,2
0.899,0.349,0.25,0.43,0.85,3
0.073,0.224,0.796,0.233,0.045,0
0.353,0.593,0.278,0.457,0.351,2
0.735,0.872,0.128,0.739,0.692,1
0.687,0.474,0.2,0.447,0.69,3
0.833,0.523,0.107,0.468,0.864,3
0.539,0.85,0.222,0.692,0.569,1
0.69,0.865,0.176,0.654,0.714,1
0.248,0.347,0.772,0.386,0.384,4
0.836,0.408,0.348,0.451,0.835,3
0.584,0.839,0.447,0.585,0.548,1
0.242,0.175,0.961,0.339,0.163,0
0.494,0.781,0.037,0.79,0.696,1
0.203,0.233,0.86,0.156,0.075,0
0.164,0.763,0.29,0.346,0.421,2
0.633,0.242,0.31,0.459,0.824,3
0.528,0.676,0.18,0.604,0.425,2
0.771,0.915,0.307,0.552,0.623,1
0.054,0.364,0.923,0.367,0.441,4
0.761,0.492,0.316,0.334,0.959,3
0.743,0.466,0.435,0.387,0.891,3
0.265,0.205,0.901,0.519,0.502,4
0.855,0.895,0.284,0.68,0.626,1
0.395,0.595,0.286,0.42,0.607,2
0.41,0.714,0.264,0.479,0.404,2
0.611,0.872,0.364,0.696,0.708,1
0.698,0.542,0.137,0.312,0.686,3
0.655,0.593,0.156,0.306,0.83,3
0.225,0.264,0.675,0.31,0.174,0
0.51,0.98,0.225,0.54,0.764,1
0.11,0.353,0.977,0.496,0.344,4
0.089,0.308,0.738,0.192,0.222,0
0.438,0.79,0.342,0.311,0.482,2
0.531,0.664,0.208,0.347,0.721,2
0.431,0.948,0.223,0.465,0.572,2
0.773,0.986,0.187,0.561,0.592,1
0.151,0.167,0.881,0.224,0.062,0
0.514,0.76,0.388,0.357,0.525,2
0.446,0.677,0.142,0.351,0.612,2
0.82,0.853,0.118,0.738,0.721,1
0.147,0.313,0.985,0.4,0.303,4
0.629,0.835,0.104,0.566,0.459,1
0.471,0.701,0.236,0.463,0.356,2
0.733,0.58,0.26,0.341,0.88,3
0.491,0.686,0.335,0.417,0.337,2
0.535,0.818,0.28,0.365,0.498,2
0.051,0.331,0.611,0.383,0.386,4
0.085,0.148,0.97,0.144,0.226,0
0.193,0.267,0.884,0.096,0.133,0
0.897,0.523,0.297,0.298,0.861,3
0.739,0.825,0.243,0.576,0.677,1
0.054,0.527,0.92,0.511,0.528,4
0.278,0.707,0.416,0.515,0.247,2
0.224,0.71,0.234,0.493,0.598,2
0.709,0.533,0.158,0.263,0.811,3
0.111,0.427,0.982,0.306,0.256,4
0.195,0.062,0.987,0.106,0.136,0
0.85,0.916,0.258,0.597,0.733,1
0.545,0.83,0.349,0.668,0.828,1
0.009,0.167,0.835,0.368,0.374,4
0.444,0.634,0.269,0.268,0.386,2
0.091,0.329,0.958,0.184,0.183,0
0.625,0.51,0.196,0.452,0.786,3
0.334,0.254,0.955,0.065,0.183,0
0.887,0.519,0.385,0.447,0.885,3
0.646,0.934,0.29,0.827,0.894,1
0.667,0.91,0.189,0.638,0.603,1
0.177,0.418,0.892,0.307,0.35,4
0.169,0.198,0.798,0.391,0.086,0
0.323,0.527,0.776,0.575,0.338,4
0.798,0.39,0.196,0.481,0.804,3
0.304,0.683,0.221,0.466,0.556,2
0.235,0.372,0.921,0.372,0.457,4
0.226,0.845,0.219,0.451,0.449,2
0.935,0.367,0.3,0.063,0.982,3
0.161,0.274,0.74,0.316,0.475,4
0.903,0.347,0.338,0.31,0.935,3
0.14,0.357,0.706,0.384,0.173,0
0.047,0.226,0.825,0.526,0.34,4
0.149,0.239,0.933,0.333,0.005,0
0.696,0.892,0.147,0.73,0.613,1
0.205,0.38,0.853,0.396,0.26,0
0.882,0.537,0.237,0.475,0.813,3
0.16,0.248,0.981,0.306,0.043,0
0.116,0.245,0.867,0.36,0.033,0
0.036,0.435,0.943,0.454,0.381,4
0.58,0.293,0.274,0.316,0.956,3
0.521,0.548,0.233,0.621,0.873,3
0.684,0.407,0.33,0.294,0.765,3
0.295,0.306,0.831,0.56,0.43,4
0.25,0.584,0.196,0.34,0.339,2
0.634,0.359,0.406,0.335,0.838,3
0.214,0.582,0.321,0.477,0.518,2
0.301,0.772,0.26,0.299,0.601,2
0.684,0.981,0.142,0.654,0.753,1
0.648,0.801,0.247,0.66,0.645,1
0.811,0.456,0.124,0.349,0.678,3
0.491,0.762,0.129,0.55,0.718,1
0.099,0.426,0.754,0.367,0.469,4
0.626,0.931,0.391,0.642,0.827,1
0.331,0.429,0.76,0.494,0.33,4
0.382,0.782,0.234,0.43,0.453,2
0.388,0.171,0.898,0.382,0.155,0
0.031,0.269,0.773,0.461,0.603,4
0.706,0.378,0.128,0.39,0.93,3
0.777,0.819,0.286,0.517,0.729,1
0.313,0.846,0.26,0.564,0.394,2
0.106,0.228,0.877,0.403,0.34,4
0.293,0.232,0.92,0.571,0.291,4
0.71,0.414,0.408,0.411,0.832,3
0.07,0.26,0.914,0.445,0.209,0
0.462,0.561,0.172,0.418,0.374,2
0.606,0.878,0.254,0.646,0.522,1
0.715,0.9,0.224,0.725,0.532,1
0.316,0.133,0.934,0.258,0.069,0
0.05,0.361,0.82,0.458,0.354,4
0.68,0.25,0.151,0.472,0.905,3
0.137,0.392,0.865,0.397,0.473,4
0.304,0.466,0.808,0.566,0.371,4
0.58,0.704,0.317,0.766,0.784,1
0.187,0.107,0.929,0.317,0.013,0
0.184,0.382,0.678,0.587,0.514,4
0.327,0.256,0.892,0.345,0.207,0
0.817,0.498,0.303,0.476,0.894,3
0.176,0.686,0.311,0.361,0.42,2
0.726,0.917,0.199,0.678,0.628,1
0.433,0.635,0.309,0.489,0.327,2
0.191,0.272,0.926,0.26,0.243,0
0.074,0.401,0.881,0.39,0.348,4
0.361,0.174,0.855,0.164,0.204,0
0.7,0.719,0.361,0.575,0.67,1
0.643,0.916,0.115,0.717,0.655,1
0.587,0.805,0.116,0.647,0.708,1
0.735,0.518,0.243,0.483,0.867,3
0.626,0.955,0.175,0.683,0.532,1
0.111,0.279,0.949,0.282,0.172,0
0.758,0.381,0.236,0.332,0.952,3
0.653,0.911,0.39,0.563,0.581,1
0.869,0.636,0.333,0.07,0.862,3
0.186,0.659,0.262,0.434,0.382,2
0.318,0.228,0.734,0.315,0.273,0
0.314,0.778,0.326,0.4,0.451,2
0.767,0.417,0.264,0.452,0.739,3
0.381,0.706,0.194,0.434,0.59,2
0.367,0.701,0.252,0.393,0.414,2
0.406,0.755,0.254,0.426,0.58,2
0.671,0.829,0.215,0.661,0.708,1
0.011,0.107,0.897,0.174,0.136,0
0.842,0.585,0.211,0.3,0.799,3
0.548,0.815,0.201,0.703,0.545,1
0.497,0.744,0.16,0.499,0.503,2
0.711,0.498,0.195,0.279,0.913,3
0.126,0.382,0.76,0.376,0.379,4
0.117,0.303,0.858,0.33,0.075,0
0.85,0.546,0.29,0.34,0.678,3
0.811,0.552,0.298,0.513,0.95,3
0.252,0.405,0.959,0.385,0.458,4
0.81,0.434,0.305,0.255,0.854,3
0.207,0.358,0.871,0.446,0.115,0
0.363,0.624,0.258,0.532,0.562,2
0.01,0.46,0.815,0.37,0.488,4
0.693,0.696,0.173,0.382,0.68,3
0.731,0.426,0.343,0.396,0.916,3
0.375,0.678,0.263,0.449,0.507,2
0.421,0.709,0.285,0.47,0.424,2
0.905,0.247,0.31,0.42,0.803,3
0.792,0.422,0.112,0.368,0.881,3
0.77,0.656,0.229,0.362,0.9,3
0.403,0.603,0.312,0.467,0.696,2
0.837,0.543,0.368,0.443,0.797,3
0.731,0.855,0.256,0.564,0.759,1
0.078,0.327,0.572,0.557,0.553,4
0.819,0.471,0.289,0.369,0.847,3
0.905,0.447,0.243,0.35,0.78,3
0.675,0.71,0.371,0.6,0.847,1
0.273,0.277,0.87,0.294,0.555,4
0.228,0.623,0.267,0.416,0.382,2
0.601,0.824,0.255,0.613,0.696,1
0.114,0.229,0.716,0.392,0.361,4
0.123,0.233,0.896,0.369,0.614,4
0.433,0.736,0.382,0.679,0.576,2
0.091,0.34,0.741,0.458,0.461,4
0.102,0.346,0.869,0.384,0.11,0
0.745,0.972,0.291,0.771,0.428,1
0.122,0.05,0.859,0.137,0.382,0
0.824,0.555,0.304,0.38,0.938,3
0.694,0.794,0.161,0.866,0.801,1
0.201,0.16,0.708,0.194,0.073,0
0.712,0.776,0.185,0.653,0.703,1
0.04,0.368,0.792,0.398,0.144,0
0.631,0.578,0.245,0.382,0.99,3
0.764,0.814,0.298,0.765,0.815,1
0.105,0.29,0.921,0.366,0.416,4
0.096,0.218,0.75,0.573,0.4,4
0.313,0.456,0.751,0.257,0.045,0
0.566,0.879,0.219,0.678,0.609,1
0.606,0.504,0.304,0.515,0.825,3
0.833,0.587,0.26,0.388,0.742,3
0.26,0.128,0.589,0.442,0.034,0
0.612,0.366,0.353,0.464,0.75,3
0.735,0.552,0.081,0.468,0.666,3
0.632,0.79,0.188,0.725,0.643,1
0.036,0.104,0.714,0.404,0.24,0
0.248,0.677,0.218,0.421,0.648,2
0.428,0.549,0.216,0.44,0.611,2
0.737,0.748,0.435,0.767,0.405,1
0.655,0.362,0.209,0.492,0.929,3
0.126,0.237,0.704,0.291,0.14,0
0.711,0.612,0.061,0.371,0.905,3
0.172,0.373,0.856,0.409,0.15,4
0.765,0.305,0.261,0.528,0.959,3
0.645,0.541,0.262,0.337,0.922,3
0.667,0.658,0.252,0.554,0.581,1
0.321,0.379,0.956,0.423,0.222,4
0.767,0.284,0.323,0.499,0.96,3
0.403,0.117,0.847,0.32,0.308,0
0.596,0.753,0.331,0.64,0.597,1
0.098,0.09,0.956,0.468,0.484,4
0.184,0.095,0.89,0.306,0.07,0
0.175,0.268,0.946,0.362,0.518,4
0.65,0.966,0.188,0.649,0.549,1
0.149,0.443,0.95,0.374,0.127,0
0.738,0.789,0.313,0.682,0.647,1
0.1,0.151,0.84,0.354,0.393,4
0.345,0.222,0.69,0.277,0.155,0
0.223,0.187,0.786,0.285,0.208,0
0.663,0.366,0.156,0.501,0.809,3
0.244,0.162,0.952,0.267,0.11,0
0.69,0.434,0.306,0.384,0.868,3
0.706,0.504,0.173,0.174,0.833,3
0.627,0.366,0.149,0.35,0.818,3
0.7,0.969,0.287,0.684,0.833,1
0.213,0.175,0.874,0.313,0.218,4
0.227,0.179,0.755,0.476,0.426,4
0.902,0.351,0.245,0.496,0.836,3
0.257,0.228,0.997,0.323,0.238,4
0.268,0.915,0.398,0.481,0.306,2
0.856,0.929,0.023,0.557,0.636,1
0.116,0.283,0.728,0.379,0.517,4
0.755,0.447,0.326,0.382,0.804,3
0.042,0.137,0.821,0.457,0.359,4
0.526,0.715,0.145,0.496,0.361,2
0.686,0.694,0.212,0.574,0.664,1
0.182,0.262,0.807,0.394,0.42,4
0.839,0.456,0.171,0.465,0.829,3
0.679,0.898,0.214,0.659,0.794,1
0.689,0.465,0.309,0.449,0.726,3
0.087,0.177,0.713,0.283,0.04,0
0.026,0.033,0.72,0.251,0.208,0
0.694,0.643,0.454,0.403,0.751,3
0.301,0.107,0.841,0.385,0.124,0
0.631,0.419,0.184,0.263,0.599,3
0.744,0.487,0.261,0.256,0.821,3
0.101,0.367,0.769,0.358,0.397,4
0.171,0.374,0.914,0.389,0.577,4
0.259,0.619,0.244,0.319,0.683,2
0.675,0.527,0.166,0.373,0.776,3
0.262,0.633,0.372,0.463,0.46,2
0.316,0.653,0.365,0.495,0.74,2
0.329,0.56,0.116,0.392,0.581,2
0.753,0.62,0.254,0.429,0.782,3
0.301,0.136,0.875,0.404,0.228,0
0.573,0.85,0.178,0.596,0.791,1
0.101,0.322,0.731,0.505,0.473,4
0.838,0.829,0.35,0.626,0.634,1
0.146,0.435,0.941,0.307,0.048,0
0.774,0.477,0.271,0.124,0.835,3
0.408,0.607,0.402,0.534,0.544,2
0.832,0.852,0.275,0.882,0.625,1
0.801,0.464,0.226,0.337,0.804,3
0.132,0.14,0.841,0.342,0.139,0
0.05,0.066,0.884,0.26,0.154,0
0.145,0.207,0.93,0.546,0.678,4
0.195,0.289,0.937,0.585,0.422,4
0.235,0.607,0.304,0.496,0.652,2
0.689,0.875,0.167,0.655,0.699,1
0.033,0.34,0.969,0.402,0.401,4
0.07,0.201,0.849,0.261,0.169,0
0.9,0.485,0.252,0.449,0.763,3
0.197,0.471,0.98,0.399,0.285,4
0.04,0.312,0.696,0.39,0.503,4
0.136,0.139,0.9,0.436,0.038,0
0.132,0.407,0.694,0.601,0.39,4
0.272,0.014,0.736,0.32,0.082,0
0.096,0.146,0.857,0.245,0.07,0
0.694,0.4,0.182,0.485,0.811,3
0.17,0.31,0.944,0.535,0.418,4
0.73,0.429,0.355,0.382,0.906,3
0.266,0.803,0.192,0.476,0.55,2
0.114,0.233,0.966,0.453,0.391,4
0.798,0.767,0.282,0.638,0.602,1
0.115,0.26,0.945,0.314,0.251,0
0.441,0.476,0.232,0.591,0.473,2
0.06,0.187,0.901,0.553,0.399,4
0.178,0.367,0.774,0.437,0.204,0
0.3,0.766,0.219,0.622,0.545,2
0.077,0.344,0.689,0.594,0.544,4
0.57,0.713,0.236,0.68,0.662,1
0.355,0.63,0.276,0.323,0.467,2
0.266,0.342,0.807,0.307,0.171,0
0.035,0.391,0.691,0.243,0.279,4
0.18,0.227,0.942,0.501,0.31,4
0.237,0.394,0.717,0.385,0.136,0
0.521,0.735,0.312,0.604,0.684,1
0.302,0.668,0.308,0.532,0.255,2
0.112,0.2,0.521,0.25,0.17,0
0.762,0.495,0.291,0.402,0.696,3
0.369,0.698,0.408,0.458,0.478,2
0.566,0.702,0.255,0.454,0.575,2
0.833,0.98,0.241,0.716,0.788,1
0.146,0.478,0.84,0.573,0.383,4
0.479,0.695,0.142,0.357,0.465,2
0.158,0.375,0.839,0.324,0.37,4
0.038,0.419,0.702,0.473,0.544,4
0.689,0.85,0.241,0.616,0.715,1
0.839,0.51,0.29,0.454,0.879,3
0.154,0.41,0.776,0.393,0.512,4
0.397,0.75,0.125,0.467,0.49,2
0.251,0.78,0.116,0.481,0.603,2
0.79,0.769,0.378,0.713,0.646,1
0.653,0.387,0.246,0.243,0.981,3
0.75,0.441,0.218,0.298,0.657,3
0.243,0.306,0.702,0.36,0.077,0
0.296,0.599,0.251,0.407,0.415,2
0.734,0.441,0.16,0.296,0.715,3
0.153,0.26,0.879,0.278,0.063,0
0.757,0.794,0.418,0.722,0.531,1
0.818,0.451,0.246,0.587,0.775,3
0.242,0.324,0.83,0.463,0.301,4
0.425,0.63,0.209,0.364,0.292,2
0.274,0.775,0.249,0.434,0.542,2
0.915,0.427,0.4,0.362,0.821,3
0.914,0.532,0.305,0.427,0.932,3
0.3,0.752,0.205,0.456,0.451,2
0.789,0.469,0.237,0.425,0.884,3
0.655,0.406,0.237,0.406,0.922,3
0.019,0.379,0.866,0.441,0.469,4
0.878,0.592,0.201,0.377,0.803,3
0.333,0.187,0.813,0.377,0.244,0
0.468,0.793,0.245,0.612,0.589,2
0.783,0.433,0.313,0.231,0.811,3
0.741,0.479,0.349,0.333,0.803,3
0.816,0.739,0.561,0.66,0.631,1
0.652,0.868,0.34,0.643,0.664,1
0.256,0.646,0.107,0.44,0.397,2
0.065,0.258,0.832,0.293,0.048,0
0.694,0.796,0.163,0.528,0.688,1
0.101,0.38,0.814,0.392,0.197,4
0.267,0.169,0.706,0.088,0.126,0
0.562,0.89,0.362,0.453,0.549,1
0.09,0.339,0.767,0.356,0.165,4
0.816,0.516,0.296,0.29,0.866,3
0.405,0.719,0.278,0.561,0.57,2
