0,0,0,0,0,0,0,0,0,-46,91,0,0,38,0,62,0,0,0,0,1
0,0,0,-26,0,-85,-1,0,0,-85,0,0,0,0,0,0,0,0,96,0,-1
0,0,0,0,0,0,-1,51,0,-85,-46,21,-27,0,0,0,0,0,0,-35,-1
0,45,0,0,20,-92,0,0,0,0,0,0,-18,-24,0,-17,0,50,94,0,-1
0,51,0,-37,26,0,0,0,-29,0,0,0,0,0,0,0,0,58,89,0,-1
0,0,0,0,0,0,98,0,0,0,0,0,-25,0,0,0,0,0,0,0,1
-33,25,0,6,0,0,0,0,69,0,0,0,-26,0,29,0,0,0,98,0,1
0,0,0,0,0,-25,0,0,0,0,0,0,-35,36,0,57,32,96,0,0,1
0,0,0,14,0,0,0,0,0,-45,0,0,0,37,0,64,0,100,98,-81,1
0,45,0,0,0,0,1,0,0,-86,0,0,0,0,-51,0,0,0,0,0,-1
-70,0,0,0,16,0,-5,0,-31,0,-40,0,-21,0,0,0,0,0,0,0,-1
0,0,0,10,-12,0,0,88,0,0,99,0,-31,42,0,0,0,94,0,0,1
0,0,-43,0,0,0,0,0,0,-39,0,0,0,0,0,0,42,0,0,0,1
0,0,0,6,0,0,86,88,0,-44,0,0,0,0,0,0,0,0,0,0,1
0,0,0,0,0,0,0,0,72,0,0,64,0,0,0,0,0,0,0,0,1
0,0,0,0,0,0,0,0,0,-45,0,0,-27,0,0,0,42,94,0,0,1
-78,0,0,0,0,0,4,51,0,0,0,22,0,0,0,0,0,0,0,0,-1
0,0,0,0,19,0,0,0,0,0,-42,0,0,0,0,0,2,48,0,0,-1
-34,19,0,0,0,0,89,0,0,-44,0,0,0,0,0,63,0,0,0,0,1
0,44,-22,0,0,0,0,0,0,0,0,22,-18,0,-53,0,0,0,0,-33,-1
0,47,-25,0,0,0,0,0,0,0,0,0,0,-18,0,0,0,0,0,0,-1
0,0,-54,0,-14,0,0,0,0,0,0,0,0,0,0,0,0,0,0,-79,1
0,0,0,0,0,0,91,0,0,0,0,0,0,0,31,61,0,96,0,0,1
0,0,-53,0,-12,0,89,0,0,0,0,0,0,39,0,0,35,0,0,-84,1
-77,0,-16,-32,0,0,4,0,-32,0,0,0,0,0,0,-10,0,0,0,0,-1
0,0,0,-32,0,0,0,55,-35,-88,0,0,0,-27,0,0,0,0,0,0,-1
0,0,0,0,0,-90,0,0,0,0,0,0,-21,0,0,0,0,48,98,-32,-1
0,0,-46,0,0,0,0,87,0,-46,0,0,0,0,0,0,0,0,95,0,1
0,0,0,0,-12,0,0,0,0,0,100,0,0,0,0,0,0,0,0,-83,1
0,0,0,0,19,0,0,0,0,0,0,0,-20,0,0,0,0,54,0,0,-1
0,0,0,0,0,0,0,0,-28,-86,0,0,0,0,0,0,0,0,0,0,-1
-36,0,0,12,0,0,0,92,78,0,0,0,0,46,0,0,0,0,0,0,1
0,0,0,0,14,0,0,52,0,0,0,0,0,0,-62,-16,-1,0,0,-34,-1
-76,0,0,0,0,0,0,0,0,0,0,0,0,-28,-57,0,0,0,90,-30,-1
0,22,0,0,0,0,93,85,0,0,0,0,0,0,0,61,0,97,0,-82,1
0,0,0,0,0,0,0,0,0,-45,0,65,0,0,0,0,0,0,0,-83,1
0,0,0,0,0,0,0,0,0,0,-49,0,-24,-31,0,0,0,0,93,-32,-1
0,0,-49,0,-10,0,0,0,0,0,97,0,0,0,0,0,0,0,0,0,1
0,0,0,0,0,0,0,0,0,0,0,19,0,0,-59,0,0,0,96,-36,-1
0,0,0,0,0,-98,0,49,0,0,0,20,-27,0,0,0,0,49,0,0,-1
0,0,-18,0,23,-91,0,0,0,-91,-41,20,-18,0,0,0,0,0,0,0,-1
0,0,0,-31,20,-93,0,0,0,0,0,0,0,0,0,0,0,0,0,-31,-1
-82,0,-23,-35,0,0,0,0,0,0,0,20,-26,0,0,0,0,0,0,-39,-1
0,0,-50,0,0,-26,91,88,74,0,0,0,-24,0,0,0,0,0,0,0,1
-73,55,0,0,0,0,3,0,0,-85,0,0,0,-21,0,-11,0,0,0,0,-1
0,0,0,0,22,0,0,54,0,-85,0,20,0,0,0,0,5,0,97,0,-1
0,0,0,0,-11,0,0,0,70,0,100,67,-26,0,0,67,0,0,0,0,1
-70,0,0,-31,0,0,0,0,-30,0,0,0,0,0,-56,0,0,0,0,0,-1
0,24,-49,0,0,0,0,91,0,0,0,0,0,0,0,0,0,94,0,-83,1
0,0,0,-30,21,-92,0,54,-26,0,0,0,0,0,-55,0,0,0,100,0,-1
0,0,0,9,0,0,0,0,0,0,0,0,0,38,32,0,0,0,95,0,1
0,0,0,-24,0,-88,0,0,0,0,0,0,0,0,-54,-16,4,0,0,0,-1
0,47,0,0,23,0,0,0,-32,0,0,0,0,0,0,0,0,0,0,0,-1
0,0,0,0,0,0,0,0,0,0,-46,0,0,-23,0,0,0,0,0,0,-1
0,0,0,7,-18,0,94,0,73,0,96,0,-23,44,0,59,0,100,0,0,1
0,0,0,0,0,-17,0,0,0,0,0,0,0,0,0,0,0,0,0,0,1
0,0,0,-32,21,0,0,0,0,0,0,0,0,-25,0,0,0,0,0,0,-1
0,0,0,13,0,0,0,90,0,0,0,0,0,0,0,0,0,0,0,0,1
0,44,0,0,0,-100,0,0,-28,0,0,0,0,0,0,-12,0,0,0,0,-1
0,0,0,0,0,0,-3,54,0,0,0,0,-14,0,0,-12,-2,0,0,0,-1
-36,29,0,0,0,-19,0,91,0,0,0,0,0,0,0,0,0,0,0,-81,1
0,0,0,0,-7,0,96,0,0,0,0,0,0,0,0,65,0,98,100,-77,1
0,0,-18,0,19,0,0,53,0,0,-42,0,0,0,0,0,0,0,0,0,-1
0,48,0,0,0,0,-6,0,0,0,0,19,-20,-25,-61,0,0,0,93,0,-1
0,0,0,0,0,0,0,0,70,0,0,0,-30,0,0,0,32,0,0,0,1
-75,0,0,0,0,0,0,0,0,0,-36,0,-21,0,0,0,5,0,94,0,-1
0,0,0,0,23,0,0,0,0,0,-37,0,0,-29,-54,0,0,0,0,0,-1
0,22,-53,7,-18,0,0,0,0,0,0,0,0,38,0,0,36,0,0,0,1
0,0,0,0,0,0,0,50,0,0,0,20,0,-23,-54,0,0,0,0,-33,-1
0,0,-49,0,0,-26,91,0,0,0,0,0,0,0,0,0,0,0,96,0,1
0,0,-50,0,0,0,96,0,0,-43,98,0,0,0,0,65,36,98,97,-82,1
0,48,0,0,16,0,0,0,0,-89,0,17,0,0,-59,-15,0,0,0,0,-1
0,46,-25,0,0,0,0,0,-38,0,0,0,0,0,0,-18,0,0,97,0,-1
0,0,0,0,-16,0,0,0,71,-42,0,68,0,0,0,0,0,0,98,0,1
0,0,-25,0,0,0,-5,52,0,-90,0,21,0,0,0,0,0,51,0,-35,-1
-73,0,0,-29,0,0,0,52,0,-86,0,0,-21,0,-54,0,0,48,0,0,-1
0,0,-53,15,0,0,89,0,0,0,0,0,0,0,0,0,43,0,98,0,1
-73,0,0,0,23,0,0,0,0,0,0,0,0,0,0,0,0,54,0,-29,-1
-33,0,0,0,0,-28,0,0,0,0,0,60,-22,38,0,62,43,0,0,0,1
-40,0,0,5,-15,-22,0,0,0,-46,0,0,-31,0,0,0,0,95,0,0,1
0,0,0,0,0,0,0,0,0,0,0,68,0,44,0,0,40,0,0,0,1
0,0,0,0,-17,0,0,0,0,0,0,0,-28,0,31,60,0,0,0,0,1
0,0,-47,0,0,-20,92,0,0,0,0,0,0,0,0,0,43,0,0,-82,1
-73,0,0,-36,18,-94,0,0,-34,0,0,19,0,-30,-63,-10,0,53,0,0,-1
-31,0,0,11,0,0,0,86,0,0,0,0,0,0,32,65,0,101,94,0,1
0,18,0,0,0,0,0,0,0,0,0,69,-37,36,0,0,35,0,0,0,1
0,48,0,0,0,0,0,0,0,0,0,0,0,0,0,0,-4,52,91,0,-1
0,0,0,0,0,-24,0,91,0,0,0,0,0,0,0,0,37,100,0,0,1
0,47,0,0,23,0,0,0,0,0,0,24,-23,0,0,-14,0,0,94,-34,-1
0,0,0,0,0,-94,0,53,-33,0,-43,0,0,0,0,0,0,0,0,0,-1
0,0,0,0,-4,0,0,0,0,0,0,0,0,0,0,0,0,0,0,-71,1
-31,19,0,10,-16,-21,0,0,0,0,101,67,0,0,31,57,0,0,0,0,1
0,0,-47,0,0,0,0,0,0,0,0,69,-28,0,35,0,0,98,0,0,1
0,0,0,0,20,0,0,0,-31,-87,0,0,0,0,0,0,0,0,0,0,-1
0,0,-47,12,0,0,0,93,0,0,0,0,0,0,0,62,0,0,0,0,1
0,0,0,0,0,0,0,0,0,0,0,0,0,0,31,0,0,0,0,0,1
-74,0,0,0,0,0,0,0,0,-83,-40,0,0,0,0,-14,0,52,0,-27,-1
0,0,-15,0,0,0,0,0,-31,-84,0,0,0,0,0,0,0,0,0,0,-1
0,0,0,0,0,0,2,52,0,0,0,24,0,0,0,0,-1,58,0,-37,-1
0,22,0,0,0,-19,0,0,0,0,0,0,0,0,0,0,0,0,0,-79,1
0,0,0,0,0,0,0,0,0,-89,-38,0,0,-24,0,0,0,0,0,0,-1
0,0,-21,-30,0,0,0,0,-30,0,0,0,0,-26,0,0,0,0,0,0,-1
0,0,0,-27,22,-90,0,0,0,-90,0,15,0,-27,-51,0,0,53,0,0,-1
0,42,0,0,0,-97,0,0,-36,-93,0,0,0,0,0,0,0,0,85,0,-1
0,0,0,-29,0,0,-1,0,-29,0,0,0,-21,0,0,0,0,0,99,0,-1
-76,43,-23,0,0,-97,0,50,0,0,0,0,0,-26,0,0,0,0,0,0,-1
-38,21,0,0,0,0,92,0,0,0,94,0,0,0,0,62,38,0,0,0,1
0,0,0,-31,0,0,0,50,0,0,0,0,0,-32,-59,-16,0,47,0,0,-1
0,0,0,0,0,0,0,0,0,0,0,70,-25,0,0,0,0,0,0,0,1
0,0,0,0,0,-92,0,0,0,-85,0,0,0,0,0,-13,0,0,0,-32,-1
0,0,0,11,-12,0,0,90,0,0,95,0,0,37,30,0,35,0,0,0,1
0,23,0,13,-14,0,90,88,70,0,93,0,0,38,0,0,0,0,0,-83,1
0,0,-58,0,-11,0,0,0,0,0,0,0,0,0,33,0,0,0,95,-83,1
-35,0,0,0,-12,0,90,0,70,-42,0,0,0,0,0,0,0,94,0,0,1
0,19,-49,0,0,0,91,0,71,0,0,0,0,0,0,0,0,0,0,0,1
0,18,0,0,0,0,0,0,67,0,0,0,0,0,0,59,0,99,91,0,1
0,0,0,-27,17,0,0,0,0,0,0,0,0,0,-62,0,0,0,0,0,-1
0,0,-46,11,0,0,0,0,74,-49,0,0,0,0,27,57,0,96,95,-80,1
-39,22,-43,0,0,0,0,92,74,0,100,73,0,0,0,0,0,0,101,0,1
0,51,0,0,0,0,0,0,-29,0,-39,0,0,-20,0,0,5,50,0,0,-1
0,0,0,0,0,0,0,0,0,0,0,14,0,-24,0,0,2,0,0,0,-1
0,0,0,10,0,-26,0,0,0,0,0,63,0,36,29,0,0,0,0,0,1
-76,43,-21,0,0,-96,0,0,-36,0,-43,0,0,0,-57,0,0,0,0,0,-1
0,0,-48,0,-11,-24,0,0,0,-48,0,0,0,0,28,0,0,0,0,-88,1
0,0,-48,6,-13,0,0,0,0,0,0,0,0,0,0,0,0,0,0,0,1
0,46,0,0,20,0,0,0,0,0,0,0,0,0,-55,0,0,0,0,0,-1
-39,0,0,0,0,0,0,0,74,-45,0,62,-28,0,0,0,36,0,91,0,1
0,0,0,0,0,0,0,0,0,-92,0,0,0,0,-56,0,0,0,0,0,-1
-37,0,-51,0,0,0,0,0,0,0,0,62,0,45,0,0,40,0,95,0,1
-29,0,0,0,-11,0,0,0,0,0,0,0,-26,0,0,0,38,0,0,-83,1
-77,0,-20,0,0,-99,0,0,-29,-88,-36,0,0,-21,-58,0,0,51,96,0,-1
0,0,-15,0,18,-94,0,0,-30,0,-38,0,0,0,0,-8,7,0,0,0,-1
-34,0,0,0,0,0,0,0,72,0,0,0,0,43,0,0,0,0,0,0,1
0,0,0,0,0,0,0,92,0,0,0,69,0,0,0,0,0,0,0,0,1
0,0,0,0,0,0,2,0,0,0,0,20,0,0,0,0,0,0,0,-33,-1
0,0,0,0,20,-94,0,0,0,0,-43,0,0,0,-57,0,0,0,0,-32,-1
-38,0,0,0,0,-20,91,0,0,-42,97,0,0,0,0,59,35,0,0,0,1
0,24,-44,14,0,0,0,0,74,0,0,0,-30,0,0,0,0,99,97,0,1
0,0,0,0,21,0,0,0,0,0,-37,18,0,0,0,-16,0,0,0,-36,-1
0,0,0,-30,18,0,2,0,0,0,-41,0,0,0,0,-12,0,0,0,0,-1
0,0,0,0,-6,-21,94,0,0,-43,100,0,-26,0,0,63,0,0,0,-81,1
0,0,0,0,0,0,0,55,0,0,0,0,-18,-28,0,0,0,0,91,0,-1
0,0,0,0,-9,0,0,0,0,-45,0,0,0,0,0,0,45,0,0,0,1
0,0,0,0,-11,-27,0,0,0,0,100,0,0,0,0,0,0,94,0,0,1
0,0,0,0,0,0,0,0,0,-43,0,0,0,0,0,57,0,91,0,0,1
0,0,-22,0,0,0,0,0,-33,-88,0,0,0,-21,0,0,0,0,94,0,-1
0,49,0,0,0,-90,0,0,-32,0,0,17,0,0,0,-14,0,50,0,-31,-1
0,0,-45,0,-8,0,0,94,70,-38,0,0,-29,46,0,0,0,0,99,0,1
0,0,0,0,0,0,0,0,0,0,0,0,0,0,32,0,0,0,0,-85,1
-75,45,-23,0,0,-94,1,0,0,0,-40,0,0,-25,0,0,0,0,0,-36,-1
-34,0,0,12,0,0,89,89,0,0,0,0,-33,0,0,0,0,0,0,-86,1
-37,0,0,0,-11,0,0,0,73,0,0,0,0,0,0,0,0,0,0,0,1
0,0,0,0,0,0,91,88,0,-45,0,0,0,0,0,0,0,0,98,0,1
-76,0,0,0,0,0,0,0,0,0,0,0,0,0,0,0,-3,0,0,0,-1
0,0,0,0,-17,0,0,0,70,-41,0,63,-29,0,29,60,38,0,0,0,1
-39,0,-49,0,0,0,92,0,0,-42,0,0,0,0,0,0,0,0,0,0,1
0,23,0,0,0,0,0,90,0,0,0,0,0,0,0,0,37,0,96,-84,1
0,0,0,0,0,0,0,0,0,0,0,0,0,0,0,58,34,0,100,0,1
0,0,-53,0,0,0,92,0,0,0,0,0,0,0,0,0,0,103,99,0,1
0,0,-46,0,0,-19,96,0,74,0,0,0,-23,0,0,66,0,0,0,0,1
0,0,0,0,0,-90,0,51,0,0,-44,0,0,0,0,0,0,0,0,0,-1
0,0,-18,0,0,0,-4,60,0,0,0,0,0,-23,-58,-14,0,53,0,0,-1
0,25,0,0,0,0,0,95,0,0,0,73,0,0,0,0,0,103,0,0,1
-32,0,0,0,0,0,0,0,0,0,99,61,0,0,0,0,0,0,97,0,1
0,0,0,0,0,0,0,0,0,0,-43,0,0,0,0,0,0,0,0,0,-1
0,0,0,0,0,-22,0,0,0,-45,0,0,0,41,0,59,0,98,0,0,1
0,0,-47,18,0,0,0,0,0,0,94,0,-32,0,0,0,0,0,93,0,1
0,0,0,0,0,0,89,0,0,0,0,0,0,0,0,0,0,0,0,-86,1
-75,0,0,0,14,-90,0,0,0,-89,0,0,-20,0,-53,0,0,52,0,0,-1
0,0,0,0,0,-93,0,0,0,0,0,0,0,0,0,0,0,0,0,-40,-1
0,51,0,0,0,0,1,0,0,0,-44,0,0,0,-57,0,0,0,0,-32,-1
0,0,-19,0,0,0,-1,54,-27,0,0,0,0,-26,0,0,0,0,0,0,-1
-77,0,0,-29,0,0,0,0,0,0,0,0,0,0,0,0,0,0,99,-37,-1
0,0,0,0,0,0,0,0,71,0,0,69,0,0,0,0,38,95,0,-77,1
-35,0,0,0,0,0,0,88,0,0,0,0,-22,0,0,62,0,0,0,0,1
-26,0,0,16,0,0,0,0,0,-40,0,0,0,0,0,0,46,105,0,0,1
0,20,-48,0,0,0,99,0,0,-42,99,0,-27,0,0,0,0,0,0,0,1
0,0,0,0,0,0,88,90,0,0,0,0,0,39,0,0,0,0,0,-85,1
0,27,-55,11,-9,0,95,0,0,0,97,64,0,37,0,0,0,0,93,-80,1
0,0,0,-35,17,0,-3,52,-33,0,0,0,0,0,0,-18,0,46,96,0,-1
-74,44,-22,0,18,0,0,0,0,0,-39,0,-22,0,0,0,4,0,0,0,-1
-77,0,0,-29,0,-95,1,0,0,0,-40,0,0,0,0,0,0,0,0,-35,-1
0,0,0,0,0,-92,-4,54,0,0,0,19,0,0,0,0,0,0,91,0,-1
-36,0,-49,0,0,0,0,0,0,0,0,0,0,41,0,0,0,0,0,0,1
0,0,0,0,0,0,0,54,0,-86,-40,0,0,0,0,0,5,0,0,0,-1
0,0,-43,0,-12,0,0,0,66,0,0,0,0,40,0,0,36,97,0,0,1
0,0,0,0,0,-93,6,0,0,-86,0,0,0,0,0,0,0,0,0,0,-1
-28,0,0,0,-12,-17,0,0,0,0,0,0,0,0,0,0,0,0,0,0,1
-71,0,0,0,0,-91,3,60,-29,0,0,0,-17,0,0,0,6,54,99,-28,-1
-79,0,-19,0,0,0,0,0,-34,0,0,0,0,0,-54,0,0,51,89,0,-1
0,0,0,0,0,0,0,0,0,0,0,0,-29,-29,0,-16,0,0,0,0,-1
0,0,0,0,0,-99,0,0,-28,-91,-37,0,0,0,-58,0,5,0,0,0,-1
0,0,0,0,0,0,0,0,0,-44,0,0,0,0,28,0,42,97,0,0,1
0,20,-46,0,0,0,0,0,0,0,0,0,0,0,0,0,44,0,0,0,1
-39,0,0,0,0,-21,0,0,71,0,0,0,0,0,0,0,0,95,98,0,1
-30,0,-44,0,0,0,0,0,0,0,0,0,0,0,0,0,0,0,0,0,1
0,0,0,0,0,0,89,0,0,0,0,0,0,0,0,0,0,0,0,0,1
0,0,0,0,0,0,92,0,0,0,0,0,0,0,0,0,0,0,0,-79,1
-74,0,0,-32,0,0,3,0,0,0,0,21,0,0,0,0,3,0,0,-28,-1
-81,0,-19,0,0,-93,0,0,0,0,0,0,0,0,0,-16,0,0,0,-34,-1
-75,50,0,0,0,0,0,0,0,0,0,0,0,0,-53,0,0,0,97,0,-1
0,21,0,9,-11,-25,0,0,0,0,95,0,0,38,0,0,0,0,100,0,1
-79,0,0,0,0,0,-2,51,-33,0,0,0,-19,0,-60,0,-3,0,0,0,-1
0,0,0,0,0,0,0,0,-29,-90,0,0,-20,-24,0,-15,8,48,0,-33,-1
-76,43,-23,0,0,-97,0,0,0,0,-40,22,-23,0,0,0,0,0,0,0,-1
0,48,0,-28,25,-97,0,0,0,-84,-41,0,0,-26,-62,-10,1,0,0,-36,-1
0,0,0,0,0,0,92,0,0,-43,96,0,-21,0,0,0,0,0,98,0,1
0,0,-21,0,0,-91,0,0,0,0,0,0,0,0,0,0,0,0,93,0,-1
0,47,0,-32,0,0,0,0,0,0,-40,0,0,0,0,-11,0,56,0,0,-1
0,0,-45,16,0,-21,0,94,0,0,0,0,-30,46,30,0,0,0,0,0,1
-75,49,0,0,0,0,0,0,0,0,0,21,0,0,-56,0,0,0,0,-28,-1
0,45,0,0,15,0,0,0,0,0,0,0,-24,0,0,0,0,0,0,0,-1
-34,0,0,0,0,0,94,0,0,-42,0,0,0,0,0,64,36,97,0,-84,1
0,0,0,-30,0,0,0,0,0,0,-36,0,0,0,0,0,-6,0,0,0,-1
0,47,0,-25,0,0,0,0,0,0,0,0,0,-26,-49,0,0,0,0,0,-1
0,23,-49,0,0,0,0,0,0,0,0,0,-26,0,0,0,0,97,100,0,1
0,21,-49,0,0,-25,90,0,0,-45,0,0,-26,0,30,62,0,96,0,0,1
0,44,0,0,0,-95,0,0,0,0,0,0,0,-24,-59,0,0,0,93,0,-1
-76,0,0,0,0,0,0,0,-34,0,0,0,0,-27,0,0,0,0,0,0,-1
0,0,0,-35,0,-93,0,0,0,0,0,0,0,0,-48,0,0,0,94,0,-1
0,0,0,0,0,-100,0,47,-33,0,-46,0,0,0,-60,0,0,51,0,0,-1
0,16,0,0,-13,0,0,85,0,0,97,0,0,0,29,0,0,0,0,0,1
0,0,0,0,0,-23,0,92,70,0,0,0,0,0,0,0,0,0,0,0,1
0,44,0,0,0,0,0,0,0,0,0,0,-18,-32,0,0,4,0,0,0,-1
-73,0,0,0,0,0,0,0,0,0,0,0,0,-23,-52,-14,6,0,0,0,-1
-76,0,0,0,21,0,-2,53,-33,0,0,0,0,0,0,0,0,0,0,-33,-1
0,0,-49,0,0,-27,97,0,0,0,0,0,-27,0,29,0,36,0,0,0,1
0,0,0,0,0,0,0,0,0,0,0,0,0,0,0,0,0,0,100,0,1
-77,0,0,0,16,0,0,53,0,0,-39,19,0,0,-53,0,3,0,0,0,-1
0,0,0,0,19,0,-4,52,0,-89,0,0,0,0,0,0,5,0,95,0,-1
-72,47,0,0,0,0,0,0,0,0,0,0,0,0,0,0,0,0,98,0,-1
0,0,0,0,0,-89,0,0,0,0,-40,16,0,0,0,0,0,52,0,0,-1
0,0,0,0,-14,0,94,0,0,-45,0,0,0,37,29,62,0,91,0,0,1
0,0,-48,8,0,0,93,0,0,0,0,0,-29,0,33,0,0,0,0,0,1
-35,0,0,0,0,0,0,0,0,-43,0,66,0,41,34,0,0,0,0,0,1
0,44,0,0,15,0,0,0,0,-86,0,23,0,0,0,0,0,47,0,-39,-1
0,0,-22,0,0,0,0,0,-29,-88,0,0,0,0,0,0,4,50,0,0,-1
-35,0,0,0,-9,0,90,92,0,0,0,70,-24,0,0,0,41,97,0,-76,1
0,44,0,0,0,0,0,0,0,0,0,13,0,0,0,-14,0,0,0,0,-1
0,0,0,0,0,0,0,88,0,0,0,0,-27,0,29,0,0,0,97,0,1
0,26,0,0,0,0,0,89,0,-40,0,0,-21,0,0,62,0,97,0,-80,1
0,0,0,0,0,0,0,0,0,0,0,72,0,0,30,0,0,0,0,-82,1
0,0,0,9,0,0,89,0,0,-49,0,0,0,36,0,0,38,0,96,0,1
0,23,0,0,0,0,0,0,0,0,101,63,0,0,0,0,0,0,0,0,1
0,20,-50,0,-10,0,0,0,0,0,0,0,0,0,24,0,0,99,0,0,1
0,0,0,0,0,-88,0,0,0,0,-37,16,0,0,0,0,0,0,0,0,-1
-34,0,0,10,0,0,93,0,0,0,0,0,-26,0,0,0,0,100,0,0,1
0,0,0,0,0,0,0,0,-30,-87,0,0,0,0,0,-11,0,0,0,-36,-1
0,0,-21,0,0,0,0,0,0,-90,-37,21,0,0,0,0,0,0,95,0,-1
-37,0,0,0,0,-25,92,0,67,0,0,0,0,0,27,0,34,0,95,0,1
-71,51,0,0,0,0,0,0,0,0,0,0,-20,0,-56,0,0,0,0,0,-1
-82,0,0,0,0,0,0,0,0,-87,0,0,-19,-24,0,0,0,56,93,0,-1
0,0,0,0,0,0,0,0,0,0,0,0,-19,0,0,0,0,0,0,-30,-1
0,0,0,0,0,0,90,0,0,0,0,0,0,0,0,0,41,97,0,0,1
0,0,0,0,21,-94,0,51,0,0,-38,17,-19,-24,0,-13,0,0,0,0,-1
0,0,0,4,-15,0,0,0,0,-39,0,0,0,0,32,0,0,0,98,0,1
0,47,-21,0,0,0,0,0,0,0,0,0,0,0,-56,-11,0,0,94,0,-1
0,0,-43,0,0,0,93,0,0,0,96,71,0,48,0,62,0,0,0,-79,1
0,0,0,0,0,0,0,0,0,0,0,0,-18,0,0,0,0,0,0,0,-1
0,0,0,-32,0,-94,0,0,0,0,0,0,0,0,0,0,0,0,0,0,-1
0,0,0,0,0,0,89,0,0,0,0,0,0,0,0,0,0,0,0,0,1
-38,0,0,14,0,0,88,0,0,0,0,67,0,43,0,57,0,0,0,0,1
-34,0,0,0,0,0,0,0,0,0,100,0,0,44,0,63,0,0,100,0,1
0,26,0,8,-9,0,0,0,0,0,0,0,0,0,0,0,0,0,0,-79,1
-40,22,0,0,0,0,0,0,0,-47,94,0,0,38,23,67,0,0,0,0,1
-35,0,0,0,0,-20,88,0,70,0,0,0,0,0,0,63,35,0,0,0,1
0,18,-49,0,0,-22,91,88,0,0,0,0,0,37,0,0,36,0,98,0,1
0,21,-48,0,0,0,89,0,73,0,0,0,0,0,25,0,0,0,0,0,1
-30,0,0,0,0,-18,0,0,0,0,0,0,0,50,28,70,0,0,100,0,1
0,0,-23,0,0,0,0,0,-31,0,0,0,-22,0,0,0,0,0,0,-33,-1
-75,0,0,0,0,-90,0,57,0,0,0,0,0,0,-50,-9,0,0,0,0,-1
0,0,0,0,20,0,0,0,0,0,0,0,0,0,0,0,0,49,0,0,-1
-42,20,-50,3,0,0,87,0,0,0,0,0,0,39,0,0,0,0,93,0,1
0,47,-21,0,0,0,-2,0,0,-83,-40,0,0,-23,-59,-11,0,0,0,0,-1
0,46,-22,0,0,0,0,0,0,0,-37,0,0,0,0,0,7,0,95,0,-1
0,49,0,-27,16,0,0,0,0,-88,0,0,-22,-27,0,0,0,0,99,0,-1
0,41,0,0,0,0,0,0,0,0,0,0,0,0,0,0,0,46,0,-38,-1
0,0,0,0,0,0,-3,0,0,0,0,0,0,0,0,-11,0,0,92,0,-1
0,0,-54,9,-12,0,92,0,0,0,95,0,0,40,29,59,0,0,0,0,1
0,0,0,0,0,0,0,0,0,-45,96,0,0,0,31,0,0,98,0,0,1
0,0,-47,0,-15,0,0,0,0,-46,0,0,-28,0,0,0,0,0,0,0,1
-37,0,0,0,0,0,95,89,0,0,0,66,0,0,0,0,0,0,0,0,1
0,0,0,-28,0,0,0,48,0,0,-40,0,0,0,0,0,0,0,0,-34,-1
0,45,0,0,0,0,0,0,0,0,0,0,0,0,0,0,0,0,0,-33,-1
0,0,0,0,0,0,0,0,0,0,0,67,0,0,0,0,0,95,97,0,1
0,0,0,0,-12,0,0,92,0,0,0,0,0,45,31,0,42,101,0,0,1
-72,0,0,0,0,0,-1,0,-33,0,0,0,0,0,-57,-15,7,0,95,0,-1
0,0,0,0,-5,-26,0,93,0,0,104,0,0,0,0,0,34,0,0,0,1
-70,42,-17,0,0,0,-1,0,0,0,0,0,0,-25,0,0,0,0,0,-36,-1
0,0,-14,0,0,0,0,56,0,0,0,20,-18,-21,0,0,0,52,0,0,-1
-75,45,0,0,19,0,0,0,0,0,0,0,0,0,0,0,6,0,96,0,-1
0,0,-52,8,0,0,0,0,0,0,0,63,0,46,0,60,0,0,0,0,1
0,0,0,11,0,-23,0,0,0,-39,0,0,-25,41,0,62,40,0,0,-80,1
0,0,-52,0,-15,0,0,0,0,0,0,0,0,0,0,0,38,0,0,0,1
0,22,-43,0,-15,0,0,0,0,0,0,0,0,0,0,0,0,0,0,-84,1
0,0,-21,0,0,0,0,52,-26,-88,0,0,0,0,0,-13,5,0,0,0,-1
0,45,-24,0,0,0,0,0,0,0,0,20,0,0,0,0,1,0,94,0,-1
-37,22,0,0,0,0,94,90,0,0,0,0,-28,41,0,0,0,0,0,0,1
0,46,0,0,15,-94,0,0,-29,0,0,0,0,0,0,0,0,47,0,0,-1
-78,0,0,0,18,0,0,0,0,0,0,0,0,0,0,0,0,0,0,0,-1
0,0,0,0,20,0,0,0,0,-84,0,21,-22,0,0,0,0,0,0,-33,-1
-33,0,0,0,0,0,92,0,0,-42,0,0,0,0,0,0,0,0,0,0,1
0,0,0,0,0,-21,0,0,0,0,95,69,0,0,0,61,0,0,93,0,1
0,0,0,0,0,0,0,0,72,0,0,0,-24,0,0,0,40,0,0,0,1
0,0,0,0,0,0,3,0,0,0,0,0,0,0,0,0,-6,52,0,-39,-1
0,0,0,0,0,-89,0,0,0,0,0,0,0,-22,0,-19,0,0,95,0,-1
0,0,-51,0,0,0,0,0,69,0,0,0,-27,0,0,0,0,0,97,0,1
-74,0,0,-25,17,-91,0,55,-29,-88,0,0,0,0,0,-9,2,0,97,-31,-1
-35,0,0,0,0,0,0,89,0,0,0,0,0,0,0,0,40,0,0,0,1
0,0,0,0,24,-92,1,0,0,0,-38,18,0,0,-55,0,3,53,97,0,-1
0,0,0,0,0,-20,93,0,0,0,0,69,0,0,0,0,0,0,0,0,1
-32,0,0,0,0,0,0,0,0,0,94,73,-24,44,0,0,0,0,96,-79,1
0,0,0,10,0,0,0,89,0,-40,0,0,0,0,0,0,0,0,0,0,1
0,0,0,-28,0,0,0,51,0,0,0,20,0,0,0,0,1,0,98,0,-1
0,0,0,0,0,0,-4,51,-30,0,0,0,0,0,0,0,0,0,0,0,-1
-35,29,0,0,0,0,0,0,0,-42,0,72,-21,0,0,0,0,0,0,0,1
0,0,0,0,0,0,0,0,-33,0,0,0,0,0,-55,0,-2,0,0,0,-1
-37,0,0,8,0,0,0,90,0,0,98,0,-29,0,0,65,0,0,0,-81,1
0,0,0,0,21,-95,-1,50,0,0,-40,19,0,0,0,-14,4,50,0,-33,-1
-71,0,0,0,0,0,0,0,0,0,0,25,0,0,0,0,0,0,0,0,-1
-39,0,0,0,0,-20,85,0,0,0,0,0,0,0,0,0,0,0,98,0,1
-33,21,0,0,0,0,0,0,0,0,96,0,-23,0,0,60,0,0,99,-81,1
-75,0,0,0,0,0,0,0,0,0,0,0,-22,0,0,-14,0,0,0,0,-1
-37,0,0,0,-10,0,0,0,0,-42,0,66,0,0,0,58,0,0,0,-80,1
-75,0,-23,0,18,0,0,0,0,-90,-47,18,0,-28,0,-18,0,0,0,0,-1
0,0,-47,0,0,-25,0,0,0,0,0,0,0,44,0,65,0,0,99,0,1
0,0,0,0,0,0,0,0,0,0,0,0,0,-27,0,0,0,0,0,0,-1
0,0,-18,0,18,-89,0,0,0,0,0,0,0,0,-55,-11,0,0,0,0,-1
-39,0,0,0,-13,0,0,91,0,0,0,0,0,0,0,63,0,0,0,0,1
0,0,0,0,0,0,2,0,0,0,-40,0,0,0,0,0,2,0,0,0,-1
0,0,-24,0,0,-95,0,0,0,0,0,0,0,0,0,0,0,0,0,0,-1
0,20,-48,0,0,0,0,89,0,0,0,66,0,46,0,57,0,0,0,0,1
-71,0,0,0,0,0,0,0,-23,0,0,0,0,0,0,0,7,52,0,-32,-1
0,0,0,0,0,0,0,0,0,-86,-36,18,0,0,0,0,0,0,0,-31,-1
0,47,0,0,18,0,0,0,0,0,0,0,0,-20,-59,0,0,0,0,-38,-1
0,0,0,0,0,0,0,0,0,0,0,0,0,0,0,0,4,0,0,0,-1
0,49,0,-31,0,0,0,0,0,0,0,0,0,-19,0,0,0,56,0,0,-1
0,45,0,0,0,0,0,0,-28,-89,0,0,0,-27,0,0,0,0,0,0,-1
0,0,0,0,0,0,0,0,-30,0,0,24,-21,0,0,0,1,0,0,0,-1
0,21,0,12,-17,-21,0,0,0,-43,0,68,0,0,0,65,0,0,102,0,1
0,0,0,0,0,0,86,87,70,0,0,0,0,0,0,0,36,0,91,0,1
0,0,0,0,0,-19,0,0,0,-40,0,0,0,45,0,0,0,0,0,0,1
0,18,-47,0,-13,0,95,0,68,0,0,67,0,40,0,0,0,95,94,0,1
0,0,0,0,0,0,0,0,0,0,0,0,0,-26,0,-10,0,0,0,0,-1
0,0,0,0,0,0,0,0,0,0,-40,0,-16,-27,0,0,0,0,0,0,-1
0,24,0,0,0,-21,0,0,0,0,0,76,0,0,0,0,0,0,0,-78,1
-35,0,0,0,0,-16,91,0,74,0,107,0,0,44,32,69,0,0,0,0,1
-77,43,0,0,0,-94,0,0,0,-90,0,0,0,0,0,-18,0,46,95,0,-1
0,0,0,0,0,-18,0,0,0,0,0,66,0,0,0,0,0,0,0,0,1
0,50,0,0,0,0,0,0,0,-82,-41,0,0,-26,-51,0,0,0,0,0,-1
0,46,0,0,20,0,0,0,0,0,0,0,0,0,0,0,0,0,97,-33,-1
-80,0,0,-32,0,0,0,0,-33,0,0,0,0,0,-53,0,3,0,0,0,-1
0,0,0,0,0,0,0,0,0,-42,0,0,0,0,29,0,0,0,0,-82,1
-34,0,0,0,0,0,0,88,72,0,96,0,0,0,0,0,38,95,0,-83,1
-80,46,0,0,17,-92,0,50,0,0,0,0,0,0,0,-17,0,0,95,0,-1
-39,0,0,0,-16,0,0,0,69,0,0,0,0,0,0,63,0,0,0,-88,1
0,0,0,0,0,0,0,0,0,-87,-37,16,-21,0,0,0,0,49,0,0,-1
0,45,0,0,0,0,0,49,-31,-84,0,0,0,-27,-51,-11,4,0,95,0,-1
-35,0,-45,10,0,0,92,0,0,0,0,69,0,41,29,67,0,99,0,0,1
-75,51,0,0,0,-86,0,55,0,0,0,0,0,0,0,-12,0,0,0,0,-1
0,0,0,-34,17,-94,1,0,-30,-85,0,0,0,-25,0,0,0,0,0,-34,-1
0,0,0,0,22,0,0,0,-27,0,0,15,0,0,0,0,0,0,0,-34,-1
0,0,0,0,-8,0,93,90,0,0,0,63,0,0,0,0,0,0,0,0,1
0,0,-47,0,0,0,0,0,0,0,0,66,0,39,0,0,38,0,0,-85,1
0,0,0,0,0,0,0,0,0,-88,0,0,0,0,-52,-12,0,0,0,0,-1
-80,0,0,0,20,0,0,0,0,0,0,23,0,-23,0,-14,6,0,0,0,-1
0,0,-49,0,0,0,89,0,0,0,0,0,0,0,0,60,0,96,0,0,1
0,0,0,0,0,0,0,0,75,0,99,0,0,0,0,59,43,0,0,-80,1
0,0,-53,0,-16,-21,0,85,67,-55,95,63,0,34,0,0,33,0,0,0,1
0,21,0,0,-9,0,0,0,0,0,0,68,0,0,0,59,37,0,0,-79,1
0,0,0,0,22,0,0,0,0,0,0,0,0,-23,-51,-9,0,0,0,-35,-1
0,23,0,0,0,0,0,0,0,0,98,74,-25,0,30,0,0,0,0,0,1
0,0,0,0,21,0,0,0,0,-83,0,0,0,0,-55,0,0,53,0,-28,-1
-39,0,0,0,0,0,95,89,0,0,0,0,0,0,0,0,0,0,0,-81,1
0,0,0,0,0,0,89,0,0,0,0,67,0,0,0,0,0,0,94,0,1
-76,45,0,0,16,0,0,0,0,0,0,0,0,0,0,-15,0,52,0,0,-1
-33,21,-47,0,0,0,99,92,0,0,99,0,-31,0,30,0,0,96,0,-77,1
0,18,0,0,0,-19,0,90,0,-46,0,0,0,0,0,59,0,97,0,0,1
-74,0,-20,0,0,0,0,53,0,0,0,0,-16,-22,0,0,0,0,0,0,-1
0,44,-22,0,0,0,0,0,-30,0,0,0,0,-26,-55,0,0,0,0,-36,-1
0,0,0,0,0,0,-4,51,0,0,-36,0,0,-22,0,0,0,55,0,0,-1
0,26,0,0,0,0,90,0,0,0,0,0,0,46,0,64,0,0,95,0,1
0,0,0,0,0,0,92,88,0,0,0,72,-22,0,0,0,0,0,0,0,1
0,48,-22,0,20,0,-2,0,0,-89,-40,22,-21,0,0,0,0,0,0,0,-1
0,0,0,0,-10,-18,97,95,0,0,0,0,0,43,0,0,0,0,0,0,1
-79,0,-24,0,0,-92,0,0,0,0,0,18,-22,0,0,0,0,53,0,0,-1
0,0,0,0,0,-92,-3,52,0,-90,-39,18,0,0,0,0,0,0,0,-34,-1
0,0,0,0,0,0,0,0,72,0,97,0,0,0,30,62,0,0,0,0,1
0,0,0,0,-18,-25,92,0,0,0,0,0,0,0,30,0,0,0,0,0,1
0,0,0,0,-8,0,95,0,0,0,0,69,0,41,0,0,0,0,0,-80,1
0,0,0,0,0,0,0,0,0,0,99,0,-21,0,0,0,41,0,0,0,1
0,52,-20,0,0,0,0,0,0,0,0,22,-24,0,-55,0,0,0,0,0,-1
0,0,0,0,0,0,0,0,-30,0,0,0,0,0,0,0,9,50,0,0,-1
0,0,-18,-29,19,0,0,50,-30,0,0,0,0,0,0,0,0,0,0,0,-1
0,0,0,0,0,0,0,0,72,0,0,0,0,0,0,0,0,0,0,0,1
0,0,0,-29,0,-90,0,0,0,0,0,0,0,0,0,-12,0,49,95,0,-1
0,49,0,0,21,-89,0,55,0,-88,0,0,-14,-24,0,-14,1,51,0,0,-1
-75,0,-23,0,0,0,0,0,0,0,0,0,0,0,0,-12,0,0,0,0,-1
-79,0,0,0,0,0,0,0,-27,0,0,0,0,0,0,0,0,0,0,0,-1
0,22,0,9,-5,0,90,0,75,0,0,0,0,37,0,0,0,94,0,-78,1
-36,0,-52,0,0,0,0,0,0,0,0,0,-29,39,0,0,0,0,92,0,1
0,0,0,0,0,-92,0,0,-34,0,0,0,-20,0,-51,0,0,0,0,0,-1
0,0,0,5,0,-22,85,0,0,-46,0,70,0,0,28,0,0,0,0,0,1
0,0,0,-29,21,0,0,0,0,0,-39,0,0,0,-56,0,0,0,0,0,-1
0,0,-16,-30,27,0,0,0,0,-86,0,0,-16,0,-56,0,0,0,0,-32,-1
0,18,0,0,0,0,0,0,0,0,0,0,0,0,0,0,0,0,0,-81,1
-32,0,-49,0,0,-17,97,0,0,0,99,69,0,0,0,0,0,98,0,0,1
0,0,0,0,0,0,0,90,0,0,0,0,0,0,0,57,0,0,0,-85,1
-36,20,-49,8,0,-25,0,0,0,0,0,66,0,0,0,0,0,95,94,0,1
0,21,-43,0,0,-21,0,92,72,0,97,0,0,42,0,60,0,0,0,0,1
-37,25,0,0,-16,0,0,86,0,0,0,0,0,0,0,0,0,0,0,0,1
0,0,0,10,0,0,0,0,0,-43,94,0,-26,0,0,63,40,0,0,-77,1
0,0,0,0,0,-25,0,88,66,0,96,69,0,0,0,0,0,99,0,0,1
0,0,0,0,-16,-22,0,0,0,0,98,0,0,0,0,54,0,0,0,0,1
0,0,0,0,0,0,0,0,68,0,0,0,0,44,0,0,34,0,0,0,1
0,0,-49,0,0,0,0,0,0,0,97,67,0,0,0,0,39,0,0,-79,1
0,44,-18,0,18,0,0,0,-35,-85,-42,17,0,-25,-57,0,0,0,0,-35,-1
-70,0,0,-31,0,0,0,0,-27,-87,0,17,0,0,0,0,1,56,0,0,-1
0,48,0,0,17,0,0,0,0,0,0,0,0,0,-57,0,0,0,0,0,-1
0,0,0,0,0,0,0,0,0,0,0,15,0,0,0,-16,0,0,0,0,-1
0,0,0,0,-12,0,0,90,0,0,97,60,0,0,25,0,0,0,0,0,1
0,0,0,10,0,-21,91,0,0,0,0,0,0,44,0,0,38,99,0,0,1
0,0,0,0,0,0,0,52,0,0,0,19,0,0,0,-15,0,0,0,0,-1
0,0,-17,0,0,0,0,50,-31,0,0,0,-19,0,-54,0,0,0,0,0,-1
0,0,0,0,0,0,0,0,0,0,0,62,0,42,0,0,0,0,0,0,1
-83,0,0,-35,0,0,0,0,0,-83,0,0,0,0,-58,0,3,0,0,0,-1
0,0,0,0,0,0,0,0,0,-46,0,0,0,0,0,0,0,0,0,0,1
-37,0,-49,0,0,0,0,90,71,0,99,0,0,0,31,60,0,0,0,0,1
0,0,0,0,0,0,0,0,0,0,95,0,-29,0,0,0,0,95,0,0,1
0,0,-46,0,-15,-23,0,0,0,0,0,0,0,42,0,65,38,0,0,0,1
0,0,0,0,-14,0,0,0,75,0,0,0,-24,42,0,0,0,0,0,-84,1
-72,0,-21,0,0,0,0,0,0,-87,-42,20,0,0,-57,-16,-1,55,0,0,-1
0,0,-47,0,0,0,90,0,71,0,0,0,0,38,0,0,0,95,0,0,1
-72,0,0,0,0,-92,0,0,-30,0,0,18,0,0,0,0,0,0,92,0,-1
-30,0,0,0,0,0,0,0,0,0,0,0,0,0,0,0,0,100,0,0,1
0,22,0,0,0,0,91,0,0,-43,0,0,0,0,0,60,38,0,0,0,1
-30,0,0,0,-11,0,0,0,0,0,0,69,-31,0,0,59,0,0,0,0,1
-38,21,0,10,0,0,90,0,68,0,89,0,0,0,0,58,0,0,0,0,1
0,0,0,0,0,-92,-3,54,-29,-88,0,0,-23,0,0,-14,0,0,0,-32,-1
0,46,0,0,0,0,0,55,0,0,-39,0,0,0,-53,0,0,53,0,0,-1
0,0,-51,12,0,0,0,0,67,0,99,0,0,0,0,0,40,0,0,0,1
0,24,-42,0,0,0,0,0,75,0,0,69,0,0,0,0,0,0,93,0,1
0,0,0,-30,0,0,-1,54,0,0,-41,0,0,0,0,0,0,50,92,0,-1
0,0,0,0,0,-16,0,0,68,0,0,0,0,0,32,0,0,95,0,0,1
-67,0,0,0,23,0,-5,0,-26,0,-35,0,-22,0,0,0,0,0,0,0,-1
0,0,0,0,-8,0,0,0,0,0,0,0,0,0,0,0,0,0,0,0,1
0,0,0,0,0,0,0,0,65,0,92,0,0,0,0,0,0,0,0,0,1
0,23,0,0,0,0,0,0,0,0,0,0,0,39,0,0,0,0,0,-81,1
0,47,0,0,24,0,0,0,0,0,0,0,0,0,0,0,6,0,0,-29,-1
0,0,0,-37,16,-100,0,0,0,0,0,16,0,-29,-64,-18,-2,49,0,0,-1
0,0,0,0,0,0,0,0,0,-89,0,0,0,0,0,0,0,0,0,0,-1
0,41,0,0,0,0,0,51,-32,0,-45,0,0,-31,-57,0,-2,47,0,-36,-1
-38,19,0,0,0,0,0,0,71,0,0,0,0,0,31,0,37,0,0,0,1
0,0,0,0,0,0,0,51,0,0,0,0,0,0,0,-15,4,0,0,0,-1
0,0,-23,-34,18,0,-2,0,-30,-90,0,15,0,-26,-60,-17,0,0,0,0,-1
0,0,0,0,0,0,0,54,0,-88,0,0,0,0,0,-9,4,54,94,0,-1
-77,0,-25,0,0,-93,0,51,-32,-89,0,0,0,0,0,0,0,0,0,0,-1
0,0,0,-26,0,0,0,0,0,0,0,0,0,-20,0,-17,11,0,0,0,-1
0,0,0,0,0,-89,0,0,0,0,0,0,0,-21,0,-17,6,0,93,0,-1
-28,0,-47,0,0,0,0,0,0,0,99,71,-27,0,0,0,0,0,0,0,1
0,0,0,0,0,-21,0,90,0,0,0,0,-30,0,0,0,0,0,0,0,1
0,0,-20,0,0,0,0,52,0,0,0,0,0,0,0,0,0,0,0,0,-1
0,43,0,0,0,0,0,0,-29,0,0,0,0,0,-57,0,0,0,95,0,-1
0,0,-20,0,0,0,0,53,0,0,0,15,0,0,0,-16,0,0,0,0,-1
-33,0,-51,0,0,0,0,89,0,-41,0,70,0,45,0,67,0,0,0,0,1
0,0,-49,0,0,-22,0,0,75,0,0,70,0,0,0,0,0,99,0,-84,1
0,0,-21,-30,0,-95,0,57,0,0,0,14,0,0,0,-13,1,0,0,0,-1
0,27,0,0,0,0,96,0,0,-44,0,0,0,0,0,0,37,0,96,0,1
0,0,0,0,0,0,0,0,0,0,0,0,-27,0,0,62,0,0,0,-91,1
0,0,0,0,0,-21,0,0,0,0,0,0,0,0,0,0,0,0,0,-84,1
-76,0,0,0,0,0,0,0,0,0,0,0,0,0,-60,0,2,0,0,0,-1
0,0,-28,0,0,0,0,0,0,0,0,0,0,0,0,-16,0,0,91,-38,-1
0,27,0,11,-11,-20,0,0,0,0,0,0,0,0,0,0,0,0,0,0,1
0,0,0,8,0,0,0,0,0,0,0,0,0,38,29,0,0,0,0,0,1
0,0,-45,0,0,0,94,0,76,0,0,72,0,0,0,0,0,0,98,0,1
0,20,0,0,0,0,92,89,0,0,0,0,0,0,34,56,0,0,98,0,1
0,0,0,0,0,0,0,0,0,0,0,68,-29,0,0,65,0,0,0,0,1
-37,0,0,0,0,0,0,0,72,0,0,70,0,0,0,0,0,0,96,0,1
0,0,0,4,0,0,86,0,0,0,0,62,0,0,25,0,41,0,0,0,1
-75,0,0,0,0,-95,0,0,0,0,-42,0,-19,-24,-56,0,0,51,0,-34,-1
0,0,0,0,0,-94,0,0,0,0,0,15,0,0,0,0,0,49,0,-38,-1
0,0,0,0,0,-92,0,51,0,0,0,0,-21,0,0,-19,1,0,0,-34,-1
0,0,0,0,0,0,0,0,0,0,0,0,0,0,0,0,0,0,0,0,-1
0,0,0,17,-9,0,96,0,0,0,0,0,0,0,0,0,0,0,0,-79,1
0,0,0,0,0,0,93,0,69,0,0,68,0,0,0,0,0,0,0,0,1
0,0,0,0,0,0,0,48,-33,0,0,13,0,-21,0,0,0,0,0,0,-1
0,0,0,0,0,0,0,0,-29,0,0,19,0,0,-58,0,1,0,0,-37,-1
0,0,0,0,-8,0,0,95,75,0,0,0,0,45,0,0,0,0,0,0,1
0,0,0,0,24,0,0,0,0,0,0,0,0,-23,0,-14,0,0,0,0,-1
-74,0,-23,-28,0,-94,0,0,0,0,0,0,0,0,-55,0,0,0,96,0,-1
0,0,0,0,0,0,0,0,0,0,-42,17,0,-30,0,0,0,0,0,0,-1
0,0,0,0,0,0,0,0,-34,-93,0,0,-24,0,0,0,0,0,0,0,-1
-40,0,0,0,0,0,0,0,0,0,98,0,0,0,28,0,0,0,0,0,1
0,0,-21,0,0,0,0,46,0,-86,0,0,-25,0,0,0,0,0,0,0,-1
0,47,0,0,0,0,0,0,0,0,0,0,0,0,0,0,3,55,0,0,-1
0,0,0,0,0,0,0,0,0,-46,0,0,-26,0,0,64,0,0,0,-82,1
0,0,-46,12,0,0,93,0,72,0,0,72,-28,0,0,0,36,100,95,0,1
-80,0,0,0,0,0,0,0,-28,0,-38,0,0,-25,0,0,0,0,0,-30,-1
0,0,0,0,0,0,0,54,0,-83,0,0,0,-18,0,0,0,0,0,0,-1
0,46,0,0,22,0,0,0,0,-87,0,0,0,0,0,0,5,0,0,0,-1
0,0,0,-30,22,0,0,57,0,0,-41,0,0,-17,-50,0,0,0,98,0,-1
-31,0,0,0,0,0,93,0,0,0,93,0,0,41,0,0,0,0,94,0,1
0,0,0,0,0,-93,0,0,0,0,0,0,0,0,0,0,0,55,0,0,-1
0,0,0,0,0,0,0,0,77,-44,0,0,0,41,27,0,0,0,98,0,1
-35,17,-48,10,0,0,0,84,0,0,0,0,-23,0,0,62,39,0,94,0,1
0,0,0,11,-10,0,90,0,0,-48,97,68,0,0,0,0,0,0,0,0,1
-81,0,0,0,0,-95,-1,49,0,0,0,0,0,0,0,0,0,0,93,0,-1
0,0,-46,7,-15,0,0,0,0,-44,94,66,-25,38,30,0,37,0,0,-84,1
0,0,0,0,0,0,0,0,0,-84,0,0,-21,0,0,-11,0,0,94,0,-1
0,0,-50,11,-16,0,92,0,69,0,0,67,0,46,0,61,0,0,0,0,1
-73,0,-21,0,0,0,5,0,0,-85,0,20,0,0,0,0,3,0,0,-32,-1
0,0,0,0,0,-93,0,49,0,0,0,0,0,-20,0,0,6,56,0,0,-1
0,0,0,0,0,0,0,0,70,-43,0,71,0,0,0,0,0,0,96,0,1
0,0,0,8,0,-27,93,0,0,0,0,0,0,42,0,0,35,0,96,-83,1
0,45,-19,0,0,0,2,0,-31,0,0,20,0,0,0,-14,5,0,0,0,-1
0,0,0,8,0,0,0,0,0,-45,93,64,0,39,0,0,0,0,0,0,1
0,0,-23,0,0,-95,-4,0,0,0,0,0,0,0,-59,0,0,0,0,0,-1
-70,0,0,-31,0,0,0,0,0,0,0,0,0,0,0,0,0,0,0,0,-1
-36,21,-49,9,0,0,0,0,0,0,0,0,-28,0,0,0,0,0,95,0,1
0,0,-23,0,22,0,-4,0,0,0,0,0,-21,0,-59,-17,0,53,96,-37,-1
0,23,0,0,0,0,0,0,0,0,0,0,0,0,0,0,45,0,0,-82,1
0,0,0,0,0,-21,0,88,0,0,0,0,0,0,0,59,0,94,0,0,1
0,0,0,0,18,-96,0,0,0,-88,-43,0,-24,0,0,0,2,0,0,0,-1
0,0,-52,0,-15,0,0,0,65,0,90,0,0,0,0,0,0,0,0,0,1
0,0,0,0,-10,0,93,0,0,-45,0,0,-29,40,0,61,0,0,0,0,1
0,0,-47,0,0,-13,0,93,75,0,98,0,0,0,0,0,0,0,0,0,1
0,0,0,0,0,0,0,0,0,0,0,64,0,38,0,0,0,0,0,0,1
0,0,0,0,0,0,0,0,0,-84,0,0,0,0,-55,0,0,0,94,0,-1
0,0,0,0,0,0,86,0,0,-49,0,0,0,0,0,0,0,0,96,0,1
0,0,0,0,-5,0,0,0,0,0,0,0,0,47,33,0,0,101,0,0,1
0,0,0,0,0,0,91,0,0,-47,0,0,-23,0,31,0,41,0,0,0,1
0,0,0,0,21,-92,0,0,0,0,-38,0,-20,0,0,-11,0,0,0,0,-1
0,0,0,-36,0,0,0,52,0,0,0,0,-21,0,0,0,3,52,92,-34,-1
0,0,-44,0,0,0,0,0,0,0,0,0,-26,41,0,0,0,100,0,0,1
0,0,0,0,20,-94,0,0,-33,-93,-44,0,0,-27,0,0,0,0,0,0,-1
0,0,-47,0,0,-18,0,0,0,0,0,70,0,0,0,0,0,0,0,0,1
0,0,0,0,0,0,0,0,73,0,0,0,0,0,0,0,41,0,0,0,1
0,39,0,-34,0,0,0,0,0,0,0,0,-24,0,-64,0,0,49,0,0,-1
0,23,0,0,0,-26,0,0,0,-42,0,0,0,0,0,0,38,0,91,0,1
-27,24,-50,15,0,0,0,0,72,0,0,0,0,0,0,0,0,0,0,0,1
0,0,-20,0,0,0,0,57,-33,0,0,19,-22,0,-50,-19,0,50,98,-29,-1
0,0,0,0,0,0,0,0,-28,0,0,20,-21,0,0,-13,0,0,93,0,-1
0,43,0,-28,0,0,0,54,0,0,0,0,-21,0,0,0,0,0,0,0,-1
0,22,0,0,-13,0,0,0,74,-49,0,0,-27,0,0,0,0,0,0,0,1
0,25,-45,0,0,0,0,0,0,0,0,72,0,0,0,0,0,0,0,-79,1
0,0,0,0,0,0,83,90,74,-46,0,0,-24,0,26,0,0,0,0,0,1
0,0,0,0,0,0,90,0,73,0,0,0,0,0,0,0,0,0,0,0,1
0,0,-43,0,0,-24,96,0,0,0,0,0,-23,42,27,0,0,98,0,0,1
-39,20,0,0,0,0,0,0,0,0,0,68,0,0,0,0,0,96,0,0,1
-39,0,0,8,0,0,0,0,0,0,0,74,0,0,0,0,0,0,0,-80,1
-77,45,0,-31,0,0,0,0,0,0,-47,0,0,-29,-58,0,0,0,0,0,-1
0,49,0,0,18,0,0,54,-31,0,0,0,0,0,0,-12,3,50,0,0,-1
-74,0,0,0,0,0,0,0,-30,-87,0,0,0,0,0,0,0,0,0,0,-1
0,28,0,8,0,0,0,0,0,0,0,0,0,40,0,0,0,0,0,0,1
0,0,0,0,0,0,3,0,0,0,-34,18,0,0,-54,0,0,0,94,0,-1
0,0,-19,0,26,0,0,0,0,-91,-43,22,0,0,0,0,0,0,0,-30,-1
0,0,-54,0,0,0,0,90,0,-47,93,60,0,0,0,0,0,93,0,-84,1
0,45,0,0,20,0,0,0,0,0,-41,19,0,0,0,-10,0,0,0,0,-1
0,0,0,-37,0,0,0,52,0,0,-45,0,0,0,-59,0,0,0,0,-34,-1
-81,0,0,0,17,0,-2,0,-37,-88,0,0,0,0,0,0,0,0,0,0,-1
0,0,0,11,-7,0,0,0,0,0,92,0,0,0,0,0,0,0,94,-81,1
0,28,0,0,0,0,97,87,0,0,99,0,0,0,0,0,0,0,99,0,1
-41,0,0,0,0,0,0,0,0,0,95,0,0,0,0,62,0,103,0,0,1
-39,18,0,0,0,0,0,0,74,0,0,69,0,0,0,55,0,94,0,0,1
0,48,-22,0,0,-91,0,0,0,-84,0,0,-23,0,0,-15,0,52,0,-34,-1
0,0,0,0,0,-17,0,0,0,0,0,0,-30,43,0,0,0,0,99,0,1
0,47,0,0,0,-97,0,0,0,-83,-39,0,0,0,0,0,-2,0,93,0,-1
0,0,0,0,-15,0,0,83,76,0,0,0,-24,0,29,0,45,0,0,0,1
-79,47,-17,0,0,0,0,54,-31,0,0,0,-25,0,-57,0,0,50,0,0,-1
0,0,-37,0,0,0,0,0,0,-44,99,0,0,0,0,0,0,95,0,0,1
0,43,0,-29,0,0,0,0,0,-89,0,0,0,-27,-59,0,0,53,94,0,-1
0,0,0,0,0,0,0,51,0,0,-40,18,0,0,0,0,0,53,90,0,-1
-72,0,0,0,24,0,0,0,0,0,0,0,0,0,0,0,1,0,0,0,-1
-78,0,0,-38,0,0,0,0,0,0,-44,0,0,0,0,0,-1,54,89,0,-1
-78,0,0,0,23,0,0,0,-29,0,0,0,0,-31,0,0,1,0,0,0,-1
0,0,0,0,0,0,0,0,0,0,0,65,-24,0,0,0,0,97,0,0,1
0,0,0,0,18,0,0,0,0,0,0,0,0,0,0,0,0,51,97,0,-1
-73,54,0,0,30,0,0,0,0,0,0,0,0,0,-53,-12,0,51,0,0,-1
0,47,0,0,0,-96,1,54,0,0,0,0,0,0,0,0,0,0,98,-34,-1
0,46,0,0,0,0,0,0,-33,0,0,0,0,0,0,-13,0,54,94,0,-1
0,46,-21,0,0,0,0,0,-32,0,0,0,-22,0,-58,0,0,0,0,-32,-1
0,0,-21,0,0,0,0,0,0,-86,0,0,0,-29,0,0,0,0,0,0,-1
0,0,0,0,18,0,-1,0,-32,0,0,0,0,0,0,-16,-1,54,97,0,-1
0,0,0,0,0,0,0,0,0,0,0,0,-25,0,0,0,0,44,0,0,-1
0,50,0,0,0,0,0,0,0,0,0,0,0,0,-51,0,0,0,0,-35,-1
-75,48,-19,0,0,0,-2,0,0,0,0,0,0,0,0,0,0,0,0,0,-1
0,0,0,0,0,-19,0,0,0,-37,99,69,0,0,0,0,0,0,0,0,1
0,0,-43,0,-11,0,0,0,76,0,0,0,0,44,0,0,0,102,0,-81,1
-75,0,0,-30,0,0,0,0,0,0,-39,0,0,0,0,0,0,0,0,0,-1
0,0,0,0,0,0,0,0,-31,0,0,0,0,0,0,0,0,0,0,0,-1
0,41,-19,-29,15,0,0,0,0,-92,0,0,-20,0,0,0,0,0,0,0,-1
0,0,0,0,0,0,0,0,-34,0,0,0,0,0,-51,-16,0,0,99,0,-1
0,0,0,0,-16,0,0,0,0,0,0,0,0,0,34,0,35,0,97,0,1
-40,0,0,0,0,0,90,0,0,0,0,0,0,0,0,0,0,99,0,0,1
0,21,0,7,0,0,0,0,0,-49,101,0,0,0,0,0,0,0,0,0,1
0,0,0,0,0,-18,90,96,0,-38,0,0,0,0,0,62,0,0,0,0,1
0,0,0,-35,0,0,0,46,0,0,0,0,0,0,0,-17,0,0,0,0,-1
0,0,0,0,0,0,0,0,0,0,96,0,0,0,0,57,0,0,0,0,1
0,0,0,0,0,-98,0,0,-33,0,0,21,0,0,0,0,0,0,0,0,-1
0,0,0,9,-15,-19,0,0,69,-43,0,62,0,42,0,0,0,0,0,0,1
0,0,0,-29,0,0,0,0,-38,0,-40,13,0,0,0,-18,0,0,0,0,-1
0,0,0,0,17,0,0,0,0,0,0,0,0,0,0,-19,0,0,0,-36,-1
0,47,0,0,0,0,0,0,0,0,0,0,0,0,0,0,0,55,98,0,-1
-32,0,0,0,0,0,0,0,0,0,91,68,0,38,0,0,0,0,0,0,1
-38,0,0,0,-19,0,86,0,68,0,90,0,-29,0,0,60,32,89,0,0,1
0,0,-49,9,0,0,0,0,0,-44,98,0,0,0,0,63,0,102,0,0,1
0,44,0,0,0,0,-1,54,0,-88,0,0,0,-24,0,0,0,0,0,0,-1
-33,0,0,11,0,0,0,92,0,-43,0,0,0,0,0,0,43,0,0,-76,1
0,24,0,0,-10,0,89,0,0,-51,0,0,0,0,0,0,36,94,0,-79,1
0,20,0,0,0,-24,0,0,0,-49,0,0,-33,0,0,0,38,97,0,-79,1
0,0,0,0,0,0,0,0,0,0,0,0,0,0,0,0,0,0,0,0,1
-76,46,0,0,0,0,-6,0,0,0,-36,14,0,-28,-57,0,0,0,0,0,-1
0,0,-45,0,0,-19,94,0,0,0,0,71,0,0,29,60,0,98,0,-79,1
0,0,-53,0,0,0,0,0,66,0,0,0,0,0,0,0,0,91,0,0,1
-79,0,0,0,0,0,-3,0,-32,-88,0,0,0,0,0,0,0,0,0,0,-1
0,0,0,0,0,0,0,0,0,0,-39,21,-19,0,0,0,0,0,0,0,-1
0,0,-47,0,0,0,0,0,0,0,97,0,0,0,28,0,36,94,92,0,1
0,0,0,0,17,0,0,55,0,0,0,0,0,0,0,0,4,0,0,-32,-1
0,0,0,-29,0,0,1,0,0,0,-42,0,-21,0,-55,0,0,0,0,0,-1
0,0,0,-27,0,0,-3,56,0,0,-38,0,-18,0,0,0,0,0,0,-32,-1
0,0,0,0,0,-25,94,0,0,0,98,0,0,0,0,0,39,0,0,0,1
0,0,0,8,-17,0,0,91,0,0,0,0,0,0,0,58,0,0,97,0,1
0,0,0,0,-11,0,0,0,72,0,0,65,0,40,0,0,39,0,0,0,1
0,20,-44,0,0,0,0,0,0,0,0,73,0,0,27,62,0,0,0,0,1
0,0,0,0,0,0,0,90,0,0,0,0,-26,0,0,0,0,0,0,0,1
0,0,-48,0,0,0,0,94,0,0,104,67,0,0,0,0,0,0,0,-81,1
0,0,-49,8,-17,0,0,0,0,0,0,0,0,0,28,0,39,0,0,0,1
0,0,0,0,0,-92,0,0,-29,-85,0,17,0,0,0,0,0,0,0,0,-1
0,50,0,0,0,0,0,0,-28,0,-38,0,-17,-25,0,0,0,59,97,-33,-1
-36,26,-49,0,0,0,0,89,0,0,97,69,0,38,0,0,0,0,0,0,1
0,45,-26,-30,0,0,0,0,-34,0,0,0,-24,0,0,0,0,0,0,0,-1
0,0,0,-33,15,0,0,0,-37,-87,0,0,0,0,0,0,0,0,0,0,-1
0,0,0,-29,0,-93,0,51,0,0,0,19,-20,0,0,-10,6,0,94,0,-1
0,0,0,-34,0,-96,1,0,-32,0,0,0,0,-26,0,0,0,0,0,0,-1
0,0,0,0,0,0,0,0,0,0,0,65,0,0,28,62,0,0,0,0,1
0,0,0,2,0,0,0,92,0,0,0,0,0,0,0,60,0,0,0,0,1
0,0,0,13,0,0,0,0,74,0,98,0,-33,0,0,66,0,97,102,0,1
0,0,0,0,0,0,0,0,0,0,0,0,0,0,0,0,1,0,0,0,-1
-36,0,0,0,0,-27,0,0,72,0,99,0,0,0,0,54,0,0,0,-85,1
-76,0,-17,0,0,-92,0,0,0,0,0,0,0,0,0,0,0,0,0,0,-1
0,0,0,0,0,-28,0,0,0,-46,0,0,0,0,0,0,0,97,0,0,1
-33,0,0,8,-7,0,94,0,75,0,99,0,0,0,0,0,0,0,0,0,1
-30,0,0,0,0,0,0,0,73,-45,94,0,0,0,0,0,40,0,0,0,1
0,0,-26,0,0,0,0,0,0,0,-41,0,0,0,0,0,0,0,92,-30,-1
0,0,0,14,0,0,0,0,74,-42,0,0,0,0,0,63,0,0,101,0,1
0,0,0,0,0,0,0,0,0,-42,92,0,-27,0,0,0,0,0,0,0,1
-75,46,0,-32,0,0,0,56,-30,0,0,16,0,0,0,0,0,0,0,-33,-1
0,0,-29,0,0,-100,0,42,0,0,0,0,0,0,0,-24,0,0,0,-40,-1
-69,0,-26,0,23,0,0,0,0,0,0,0,0,0,-58,0,0,0,0,0,-1
0,20,0,0,0,-26,0,85,0,0,0,0,-25,0,0,59,0,0,0,0,1
0,21,0,0,0,0,0,0,0,0,0,0,-34,0,0,56,0,0,92,0,1
0,0,-23,0,20,0,0,0,0,0,-44,21,0,0,0,-17,6,0,0,0,-1
0,0,0,0,0,-94,0,52,-32,0,0,0,0,0,0,0,0,0,99,-34,-1
0,24,0,0,-8,0,0,0,0,0,92,0,0,0,23,60,0,92,94,-77,1
0,0,0,0,16,-96,0,0,0,-86,0,14,0,0,0,-15,0,0,0,0,-1
0,0,0,0,0,-88,0,54,0,0,-43,0,0,-23,0,0,-2,0,96,0,-1
-73,47,0,0,18,0,0,0,0,0,0,0,0,-24,0,0,0,0,0,0,-1
-35,25,0,0,0,0,93,0,0,-45,0,0,0,0,28,0,0,0,0,0,1
0,0,-22,-29,0,0,0,0,0,0,0,0,0,0,0,0,5,0,0,0,-1
0,0,0,-38,0,0,0,52,0,0,0,13,-22,0,0,0,4,53,91,0,-1
0,0,0,0,-14,0,93,0,0,0,0,71,0,38,0,0,32,0,92,-81,1
0,21,0,14,0,0,88,0,0,0,94,71,0,0,0,0,0,100,0,0,1
0,22,0,0,0,0,0,0,0,-43,0,0,0,0,0,0,0,101,97,-84,1
-75,44,0,0,0,0,0,49,0,0,0,0,0,0,0,0,-3,0,0,0,-1
0,0,0,3,0,0,85,92,0,0,104,0,-29,42,0,62,0,0,0,0,1
-34,0,0,5,-12,0,90,0,0,0,96,0,-25,40,0,62,39,94,0,-79,1
0,0,0,8,-6,0,0,0,70,0,98,0,0,0,0,0,0,0,100,0,1
0,0,0,0,0,0,0,0,0,-89,0,0,0,0,-61,0,0,0,0,0,-1
0,0,-23,0,0,-96,0,0,0,0,0,0,0,0,0,0,0,55,0,0,-1
0,0,-20,0,21,0,0,0,0,0,0,0,0,0,-54,0,0,54,0,0,-1
0,0,-42,0,0,0,0,0,73,0,0,0,0,42,0,58,0,0,0,-79,1
0,0,0,0,0,0,0,49,0,0,0,0,0,0,0,0,4,0,0,0,-1
-79,0,-25,-30,0,0,0,0,0,0,-40,0,0,-26,-58,-13,0,0,94,0,-1
0,0,0,0,-10,0,92,0,0,-41,0,0,0,0,0,0,0,99,0,0,1
0,0,0,0,0,0,89,0,73,0,0,0,0,0,0,0,0,0,0,0,1
-74,0,0,-30,0,-95,0,0,0,0,0,22,-22,0,0,0,0,0,97,-38,-1
0,0,0,0,0,0,0,0,-31,0,0,0,0,0,0,0,0,49,0,-30,-1
0,0,0,0,0,-90,0,0,0,-89,0,0,0,-20,0,0,0,0,0,0,-1
-71,0,-19,0,19,0,0,0,-28,0,0,0,0,0,0,0,0,0,0,-35,-1
-37,0,-46,0,0,0,90,0,72,0,0,0,0,0,0,0,39,0,95,0,1
-74,0,0,0,0,0,0,0,-31,0,0,0,-17,-26,-53,0,0,0,0,0,-1
0,0,0,0,-11,0,0,0,73,0,0,68,0,0,0,0,38,0,0,0,1
0,0,0,13,0,0,88,0,70,0,0,0,-28,37,0,0,0,0,93,0,1
0,0,0,0,0,-97,0,53,0,0,0,0,0,0,0,0,0,0,0,0,-1
-28,0,-55,13,0,0,0,88,73,0,0,67,0,0,0,0,0,97,0,-78,1
0,0,-53,0,0,-20,0,89,0,0,0,0,0,0,0,0,0,93,0,-81,1
-79,0,-23,0,17,0,0,0,0,0,0,12,-26,-27,0,-14,0,0,0,0,-1
0,46,0,0,0,-93,0,0,0,0,0,0,0,0,0,0,0,0,96,-31,-1
0,0,0,0,0,-22,0,0,0,-43,0,0,0,0,0,0,0,0,0,0,1
0,45,0,-34,0,0,0,55,0,0,0,0,0,0,0,0,0,0,0,-34,-1
0,47,0,0,0,-94,0,0,0,0,0,0,0,0,-57,0,0,53,0,0,-1
-72,0,-21,0,0,-89,0,52,0,-88,0,19,0,0,0,-11,0,0,0,-34,-1
0,0,0,0,0,-95,-3,0,0,0,-44,0,0,-26,0,0,0,0,0,0,-1
-76,0,-15,0,0,0,0,0,0,0,0,0,-22,0,0,0,0,0,0,0,-1
0,0,0,0,0,-90,-2,0,0,0,0,0,0,0,0,0,0,0,100,0,-1
-76,50,-19,0,0,0,0,0,-34,-81,0,0,-26,0,0,0,0,0,0,-33,-1
0,0,-49,15,-10,0,0,87,0,0,0,67,-25,0,0,62,0,0,98,-81,1
0,0,-41,0,-9,0,97,0,0,0,97,77,0,0,0,0,0,0,0,0,1
0,0,0,0,20,0,0,0,0,0,-39,0,0,0,0,0,0,53,97,0,-1
0,0,0,0,0,0,90,0,0,0,0,0,-25,0,0,0,36,0,97,-84,1
0,0,0,0,0,0,0,0,-29,0,0,0,-24,-25,-58,-17,0,0,0,0,-1
-36,0,-52,8,0,0,0,0,0,0,89,0,0,34,0,0,34,0,0,0,1
0,0,0,0,0,0,90,88,0,-43,0,0,-30,0,0,0,0,95,0,0,1
-73,0,0,0,0,0,0,46,0,0,0,0,0,0,0,0,0,0,0,0,-1
-35,0,0,0,-10,0,94,0,0,0,98,0,-28,0,0,0,34,98,0,0,1
0,0,0,-25,18,-91,4,0,0,0,-35,0,0,0,0,0,0,0,0,-30,-1
-78,0,0,-34,0,-95,0,0,0,0,0,0,0,0,0,0,0,0,95,-34,-1
0,0,0,0,0,0,0,0,0,0,0,67,-30,0,0,0,0,0,0,0,1
0,0,0,-34,0,0,0,0,0,0,-45,18,-25,0,-57,0,0,0,0,0,-1
0,0,0,0,0,-22,0,0,0,-47,0,0,0,0,0,63,39,0,0,0,1
-33,0,-47,0,0,0,0,0,0,0,0,71,0,0,34,0,37,0,94,-81,1
0,0,-48,0,-11,-18,0,0,74,-42,97,0,0,42,0,0,40,0,0,0,1
-73,0,0,0,0,-91,0,55,0,0,0,0,-21,0,-54,0,0,0,93,0,-1
0,0,0,0,0,0,3,0,0,0,-43,0,-20,0,0,0,0,0,0,-32,-1
-37,0,0,0,0,0,0,0,0,0,0,68,0,0,0,0,0,99,0,-86,1
0,0,0,0,0,0,0,96,0,-41,100,0,0,0,0,0,0,0,0,0,1
0,21,0,12,0,0,92,0,0,0,0,0,0,47,0,64,0,0,0,0,1
-36,0,-45,0,0,0,0,0,0,-39,95,0,0,0,0,0,0,97,0,-87,1
-32,0,-49,0,0,-18,0,87,0,0,0,0,0,39,0,0,0,0,95,0,1
-74,0,0,0,21,-92,0,0,0,0,0,0,-18,-21,0,-10,0,0,0,0,-1
0,0,-18,-31,16,0,0,0,0,0,0,21,0,-32,0,0,0,0,97,0,-1
0,0,0,6,0,0,0,88,68,0,0,0,0,41,0,62,0,0,93,-81,1
0,47,0,0,0,-98,-4,0,0,0,0,16,0,0,0,-13,0,50,0,0,-1
-76,0,0,0,0,0,3,54,0,0,0,0,0,0,0,-13,0,0,98,0,-1
-76,0,0,-27,20,-92,0,0,0,0,0,0,-20,-22,0,0,0,0,0,0,-1
-41,23,0,0,-10,0,93,0,0,0,0,64,0,0,0,0,0,0,0,0,1
0,0,0,-33,17,0,0,48,-32,0,0,18,0,0,0,0,0,0,0,-37,-1
0,0,0,0,0,-93,0,51,0,0,-41,0,0,0,-56,-12,0,0,0,0,-1
0,0,0,0,0,0,0,91,71,0,0,69,0,0,0,56,0,0,0,0,1
0,0,0,0,0,-19,0,0,0,0,0,0,0,0,0,62,0,0,0,0,1
0,0,0,0,0,0,0,92,0,0,0,0,0,0,35,0,0,0,0,-80,1
0,0,0,10,0,0,0,91,70,-45,98,73,0,0,28,0,38,0,0,0,1
0,51,0,0,0,0,0,0,0,-87,-43,20,0,0,0,0,4,0,0,-32,-1
-38,0,0,0,0,0,0,0,0,0,94,0,0,0,0,0,0,0,0,0,1
0,0,0,0,-14,0,90,0,0,0,0,0,0,0,26,0,0,0,0,-84,1
0,0,-18,0,0,0,-2,49,0,0,0,0,-22,-31,0,0,0,0,92,-37,-1
0,21,0,0,0,0,0,0,0,0,95,0,0,42,0,61,0,0,0,0,1
-30,22,0,14,0,0,0,88,0,0,0,0,-27,0,0,0,0,0,0,0,1
0,0,0,-33,0,0,0,0,0,-92,0,0,-21,0,0,-13,0,0,0,0,-1
0,0,0,-36,0,0,0,0,-32,0,0,0,0,0,0,0,3,50,0,0,-1
0,51,0,-34,0,-94,-4,0,-31,0,-43,0,0,0,0,0,0,50,0,0,-1
0,0,0,0,-11,0,0,0,0,0,0,0,-27,0,0,63,0,96,0,0,1
0,0,-21,0,0,-92,0,55,0,0,0,0,0,0,0,-10,4,0,0,-26,-1
0,0,-17,0,25,0,0,0,0,0,0,0,-18,0,0,-12,0,51,0,0,-1
0,22,0,0,-12,0,0,0,69,0,0,0,-26,36,0,58,0,0,99,0,1
-40,20,-50,0,0,-21,0,0,0,0,98,0,-24,0,0,0,37,0,0,0,1
-26,0,0,16,-5,0,0,0,0,-38,0,0,0,0,34,0,0,0,0,0,1
-75,0,0,0,0,0,4,0,0,0,0,0,0,0,0,-10,0,0,0,0,-1
-77,0,0,-30,18,-90,0,0,0,0,0,0,0,0,0,-13,3,0,91,0,-1
0,0,-17,-35,0,0,0,0,0,0,0,0,-20,0,0,-14,1,52,0,0,-1
0,0,-23,0,0,0,0,0,0,0,0,0,0,0,0,0,0,0,97,-36,-1
0,0,-51,0,0,0,0,0,0,0,0,69,0,0,27,0,0,0,0,0,1
-76,0,0,0,0,0,-6,0,-37,0,0,0,0,0,0,-10,0,0,0,0,-1
0,20,0,11,0,-21,89,0,0,0,0,68,0,0,0,0,42,0,0,0,1
0,0,-16,0,20,0,-2,51,0,-87,0,0,0,0,0,0,0,53,0,-30,-1
0,0,0,0,0,-21,0,0,71,0,0,0,0,0,0,61,37,0,0,-88,1
0,0,-49,13,0,0,0,0,0,0,0,0,-28,42,0,0,0,0,0,-87,1
0,0,0,7,0,0,0,0,0,0,0,0,0,0,0,54,0,0,0,-86,1
0,20,0,0,0,-24,0,0,0,0,0,0,0,0,0,0,0,0,93,0,1
0,48,0,0,20,0,0,0,0,0,-42,0,0,0,0,0,0,0,0,-32,-1
-77,0,0,0,23,-95,0,0,0,0,0,0,0,-29,0,0,0,57,0,0,-1
0,0,0,0,17,0,4,0,0,0,0,0,0,0,0,0,0,0,0,0,-1
0,0,0,0,17,0,0,0,0,0,0,0,0,0,0,-14,0,52,0,0,-1
-31,24,0,14,0,0,0,93,0,0,0,0,0,0,0,0,0,99,0,-78,1
-74,0,0,0,0,0,0,0,0,0,-44,0,0,-31,0,0,1,0,0,0,-1
0,0,0,0,0,0,0,0,0,-86,0,21,-21,-31,-57,0,0,0,93,0,-1
0,0,0,8,-14,0,94,0,0,-39,0,0,0,41,0,59,40,0,101,0,1
0,0,-20,0,0,0,4,0,0,0,-44,0,0,0,0,-17,8,0,0,0,-1
0,0,0,0,17,0,2,0,0,0,0,0,-25,0,-57,-10,0,0,0,0,-1
0,47,0,0,0,0,0,0,0,-89,0,0,-27,0,0,0,0,0,89,0,-1
0,0,0,0,0,0,0,0,0,0,0,0,0,0,0,0,0,49,0,-34,-1
0,44,-21,0,0,0,0,0,0,0,0,0,-19,0,0,0,0,0,0,0,-1
-77,48,-17,0,0,0,0,0,0,0,0,0,0,-20,0,0,0,0,0,0,-1
0,46,0,0,0,0,0,49,0,0,0,24,0,0,0,0,0,0,0,0,-1
0,0,-17,0,0,-92,0,0,0,0,0,0,0,0,-50,0,4,0,0,-30,-1
-79,46,0,0,0,0,0,48,-30,0,0,0,0,0,0,0,3,49,94,0,-1
-36,0,-41,0,-7,0,0,95,0,0,100,0,-22,42,36,67,38,106,0,0,1
0,0,0,10,-13,-22,0,0,0,-40,91,0,-30,0,0,0,40,92,0,0,1
-36,0,0,0,0,-27,0,0,0,0,0,0,0,0,30,0,0,0,0,0,1
0,0,0,0,0,0,0,51,0,0,-39,0,0,0,-56,-16,0,45,0,-34,-1
-74,0,0,0,16,-87,0,0,0,0,0,0,0,-32,-52,-15,0,0,0,-33,-1
0,45,0,-30,0,-95,0,0,0,0,-37,0,0,0,0,0,0,50,0,0,-1
0,0,0,0,17,0,0,49,0,0,0,0,0,0,-58,0,0,49,0,0,-1
0,0,0,-34,0,0,0,0,-31,-92,-44,0,0,0,0,0,-1,0,94,-37,-1
0,0,0,0,-18,-26,95,0,0,0,0,67,0,41,0,0,0,97,98,0,1
0,0,0,0,0,0,0,91,0,-39,0,0,0,0,0,0,0,97,0,0,1
0,0,0,0,0,-22,0,0,0,0,0,57,0,0,25,0,0,0,0,0,1
0,50,-17,0,0,0,0,0,0,0,0,22,0,0,0,0,7,55,98,0,-1
0,0,-27,0,19,-93,0,0,0,0,-45,19,-21,-26,-53,0,1,0,97,0,-1
0,0,0,0,0,0,0,53,0,0,0,23,-17,0,0,0,4,0,99,0,-1
0,0,0,0,0,0,0,46,-27,-89,-43,0,0,-27,0,0,0,50,0,-37,-1
0,0,-44,15,0,-22,0,90,69,-46,0,73,0,0,0,0,0,103,0,0,1
0,0,0,0,-11,0,0,0,0,0,91,0,-34,0,0,62,0,0,0,0,1
-32,22,0,15,-12,0,0,0,0,-44,0,0,0,0,0,0,0,0,0,0,1
0,0,0,0,0,0,0,90,74,0,0,0,0,46,0,0,0,94,102,-77,1
0,49,0,-30,0,-90,0,0,0,0,0,0,0,0,0,-14,0,0,0,0,-1
0,0,0,0,0,0,0,0,0,-86,0,0,-19,-31,0,0,0,48,0,0,-1
-72,0,-19,-26,0,0,0,50,0,-90,0,0,0,0,0,-7,0,0,0,0,-1
0,0,0,0,20,0,0,0,0,-92,0,0,-17,0,0,-15,0,0,0,-34,-1
-78,0,0,-30,20,0,0,0,0,0,-39,20,0,0,0,-13,0,53,0,0,-1
0,0,-43,0,-14,0,92,0,0,0,0,0,-29,0,0,0,0,0,94,0,1
0,22,0,0,0,-26,0,0,0,-49,0,0,-31,0,0,0,0,95,90,-80,1
-74,0,0,0,0,0,0,46,0,0,-45,19,-18,-30,0,0,0,0,0,0,-1
0,0,0,0,0,0,1,0,-31,-83,0,0,0,-21,0,-9,0,0,0,0,-1
-72,0,0,0,0,-89,0,0,0,-84,0,0,-17,0,0,-14,5,53,0,0,-1
-41,0,-48,0,0,0,88,0,0,0,0,64,-28,0,25,65,0,0,97,0,1
0,0,0,0,0,-93,-1,0,0,0,-38,0,0,0,0,0,0,48,96,-35,-1
0,0,0,0,14,0,0,0,-29,-91,0,17,-21,0,0,0,0,0,0,-38,-1
0,0,0,-28,0,-96,0,0,-32,0,0,0,0,-21,0,-14,-1,0,0,0,-1
0,0,0,0,0,-91,1,0,0,0,-39,0,0,0,-55,-13,0,55,0,0,-1
-77,0,0,0,0,0,0,0,0,0,0,0,0,0,-53,0,6,0,0,0,-1
-71,47,0,0,0,-91,0,0,0,-84,0,0,0,0,0,-13,0,49,98,0,-1
0,0,0,0,14,-92,0,49,0,0,0,0,0,0,0,0,0,46,92,0,-1
0,0,0,-29,0,0,0,0,-30,0,-43,0,0,0,-55,0,-2,50,0,-36,-1
-71,0,0,0,0,0,0,54,0,0,-41,0,0,0,0,0,0,54,0,0,-1
0,0,0,0,0,0,-3,0,0,0,0,0,0,-26,-60,-14,0,0,0,-37,-1
-38,0,0,0,0,0,91,86,0,-48,0,0,0,0,31,0,0,0,0,0,1
0,0,0,0,19,-99,0,0,-31,-87,0,0,0,0,0,0,0,0,99,-38,-1
0,24,0,9,0,0,0,0,0,0,98,0,0,0,28,0,0,96,0,0,1
0,0,0,0,0,0,0,0,0,0,0,0,0,0,0,-16,0,0,0,0,-1
0,20,-57,14,0,0,0,0,74,0,0,67,-30,41,0,62,0,96,0,0,1
0,0,-17,-32,0,-93,0,0,-30,0,0,0,0,0,0,0,0,0,0,0,-1
0,0,0,-25,19,-93,0,0,-30,0,0,0,0,0,0,0,0,0,0,-31,-1
0,44,0,-30,14,0,0,0,0,0,0,0,0,-25,-60,0,0,53,95,0,-1
0,45,0,0,0,0,0,50,-32,0,-51,21,-25,0,0,0,-3,0,0,0,-1
0,44,0,0,0,0,-2,0,0,-90,-42,0,0,-25,-61,0,0,0,0,-33,-1
0,0,0,10,0,-27,0,86,0,-45,95,0,0,0,0,0,0,0,0,0,1
0,22,0,10,-10,0,0,0,71,0,96,68,0,0,0,63,0,0,0,0,1
0,0,0,0,0,-91,3,0,-29,0,-40,18,-18,0,0,0,0,53,0,-32,-1
0,0,0,0,20,-90,6,0,0,0,0,26,-20,0,0,0,0,0,0,0,-1
-74,46,-19,0,0,-90,0,0,0,0,0,0,-22,0,0,0,0,0,0,0,-1
0,0,0,9,0,0,0,0,0,0,0,0,0,0,0,0,0,89,0,0,1
-74,0,0,-35,0,0,0,0,-28,0,0,17,0,-26,-51,-14,0,0,0,-32,-1
0,0,0,0,0,0,0,0,0,-94,-45,0,0,0,0,0,0,0,0,0,-1
0,0,0,0,-8,0,0,88,73,0,0,0,0,43,0,59,0,0,0,0,1
0,46,0,0,18,0,-3,0,0,0,-45,16,-21,0,-62,0,0,49,95,0,-1
0,0,0,0,0,-25,0,92,0,0,0,0,0,0,0,0,0,0,0,-78,1
-73,0,0,0,23,0,0,0,0,0,0,0,0,0,0,-14,0,0,95,0,-1
0,26,0,0,0,-21,0,87,0,0,0,0,0,0,0,63,0,0,0,-78,1
0,19,-51,0,0,0,0,86,71,-46,0,0,0,0,0,0,35,0,0,0,1
0,0,-20,0,0,0,-1,0,-30,-91,0,0,0,0,-56,0,0,0,0,0,-1
0,0,-22,0,0,0,0,0,0,-87,0,0,-22,0,0,-12,0,0,0,0,-1
0,0,0,0,0,0,0,53,0,-84,0,0,0,0,0,-6,0,0,0,0,-1
0,27,0,0,0,-16,0,92,78,0,0,0,0,0,29,0,0,0,0,0,1
-32,0,-42,0,0,0,94,92,0,0,0,0,-24,0,0,0,0,0,100,0,1
0,45,-20,0,0,-92,0,55,0,0,0,0,-19,0,0,0,2,0,96,0,-1
0,0,-17,0,0,0,0,0,0,-86,0,18,0,0,-50,0,0,0,0,0,-1
0,0,0,0,0,0,0,0,-24,-85,-36,0,-18,0,0,-11,9,0,0,0,-1
0,0,0,-25,0,0,0,0,0,0,-38,0,0,-20,0,0,0,0,0,0,-1
-72,0,0,-27,0,-94,0,0,0,0,0,0,0,-28,-55,0,0,0,95,0,-1
-34,0,-49,5,0,0,94,0,0,0,0,65,0,0,27,61,0,0,95,-79,1
0,0,0,0,0,0,0,51,-27,0,0,0,-23,0,0,0,0,0,0,0,-1
0,21,-51,0,0,0,0,0,0,-47,97,0,0,0,0,0,0,0,0,-84,1
0,0,0,0,0,0,0,0,68,0,0,68,0,0,0,0,0,0,0,0,1
-37,18,0,0,-16,0,0,0,66,0,97,0,0,44,0,59,0,0,89,0,1
-36,0,0,11,0,0,0,0,0,0,95,66,0,0,0,59,0,0,95,0,1
-77,0,0,0,18,0,0,0,0,-88,0,20,0,0,0,-11,0,0,0,0,-1
0,45,-27,0,19,0,0,0,0,0,0,0,-25,0,0,0,0,0,0,-39,-1
0,0,-52,7,0,-23,0,0,0,-47,0,69,0,0,0,66,37,0,0,-82,1
0,47,-23,0,0,0,0,48,0,0,0,14,0,0,0,-14,0,0,0,-35,-1
-76,0,0,0,0,0,0,52,0,0,0,0,0,0,0,0,0,0,0,0,-1
0,0,0,9,0,0,0,0,72,-44,0,0,-26,42,0,0,35,0,0,0,1
-38,0,0,0,0,-20,0,89,70,0,96,0,-32,0,0,59,0,92,0,0,1
0,0,0,0,20,0,0,0,0,0,0,0,0,0,0,0,0,50,0,0,-1
-74,0,0,0,0,-91,0,0,0,0,-43,0,0,0,0,-10,0,0,0,0,-1
0,0,0,0,0,0,0,50,0,0,0,17,0,0,0,0,2,0,92,0,-1
0,49,0,0,0,0,0,0,-29,0,-41,0,0,0,0,0,0,0,0,0,-1
0,49,-22,-26,0,-94,0,0,0,0,0,0,0,-21,0,0,7,0,0,0,-1
-78,0,0,0,0,0,0,0,0,0,0,0,0,0,0,0,-2,48,0,0,-1
0,45,0,0,0,0,0,0,-31,-88,0,0,0,0,-56,0,0,0,0,-34,-1
0,22,0,0,0,0,0,0,0,0,0,64,0,35,0,0,36,0,93,-82,1
0,0,0,0,0,0,0,93,0,0,96,69,0,40,31,0,0,0,95,0,1
0,0,0,0,-13,0,0,0,0,0,0,0,0,0,0,0,0,98,95,0,1
0,0,-21,0,20,0,0,0,0,-89,-41,0,0,0,0,0,2,0,0,0,-1
0,0,0,0,0,0,0,0,0,-89,0,0,0,0,-57,0,0,0,0,0,-1
-36,0,-50,0,0,-11,0,0,0,-43,0,64,-24,0,0,0,0,0,0,0,1
0,0,0,0,0,0,-3,0,0,0,0,19,-18,0,0,0,0,0,0,-36,-1
-34,0,0,0,0,0,0,0,0,-42,0,0,0,0,0,0,0,0,0,0,1
0,0,0,5,0,0,0,91,75,0,0,0,0,0,33,0,41,0,0,-80,1
-73,0,0,0,0,0,0,0,0,0,-38,0,0,0,0,0,0,0,0,-31,-1
0,0,-46,0,0,-27,0,0,0,0,100,0,-30,0,0,0,0,0,0,-83,1
0,0,0,0,18,-96,0,53,-30,0,0,0,0,-28,-57,0,0,52,0,0,-1
0,28,0,0,0,0,0,0,0,0,0,0,0,0,0,0,0,0,0,0,1
0,0,0,0,0,0,0,0,0,0,0,0,0,0,0,0,0,0,0,0,1
0,0,0,0,0,-22,0,0,69,-44,0,0,0,0,0,0,0,0,91,-77,1
0,0,0,-30,20,0,0,0,0,0,0,0,-22,-22,-55,0,3,0,0,0,-1
0,0,-23,0,0,0,0,0,-27,-91,-38,14,0,-27,0,0,0,0,95,0,-1
0,0,0,0,-10,0,91,0,0,0,98,0,0,43,0,0,36,97,0,0,1
0,0,0,0,0,-26,0,89,68,0,0,0,0,0,27,0,0,0,0,-83,1
0,50,0,0,0,-91,0,0,0,0,0,0,0,0,-53,0,0,0,0,0,-1
0,48,0,0,0,0,3,0,0,-84,0,0,-24,-25,0,0,0,0,95,-33,-1
0,47,0,0,0,0,0,0,0,0,0,0,0,0,0,0,0,53,0,0,-1
0,18,0,0,0,0,92,0,70,0,0,0,-29,0,0,0,0,0,0,0,1
-70,0,0,-33,0,0,0,52,0,-87,0,0,-20,0,0,0,0,52,0,0,-1
0,26,-47,0,0,0,0,0,0,0,99,0,0,0,0,0,0,0,0,-83,1
0,0,-19,-30,0,0,0,0,-29,-83,0,22,-21,0,0,0,0,0,0,-33,-1
0,0,0,0,0,-93,0,0,0,-83,-42,0,0,0,0,0,0,0,0,0,-1
0,0,0,0,-14,0,91,94,0,0,101,0,0,0,0,65,0,97,0,0,1
-36,0,0,0,0,0,93,89,0,0,0,0,0,0,36,0,0,0,99,0,1
0,0,0,0,0,0,0,0,0,0,0,65,-21,0,0,0,0,0,0,0,1
0,0,0,0,0,-91,0,0,0,0,0,0,0,0,0,0,0,0,96,0,-1
0,46,0,-31,0,-93,0,0,0,0,0,0,0,0,0,0,0,0,0,0,-1
0,0,0,0,16,0,0,0,0,0,-38,0,0,0,0,0,-1,50,99,0,-1
0,50,0,0,0,0,0,51,-30,0,0,0,0,0,0,0,0,53,0,0,-1
0,50,0,-31,0,0,0,0,0,0,-46,0,-19,0,0,-15,0,52,96,-37,-1
0,0,-47,0,0,0,0,85,69,0,0,0,0,0,0,62,0,94,0,-78,1
0,0,-41,0,0,0,100,0,0,0,98,0,-29,0,32,0,0,0,0,-78,1
0,0,0,9,-11,0,0,0,0,0,0,72,0,0,27,0,39,0,0,0,1
-74,0,-19,-31,0,0,0,0,0,0,0,0,0,0,-57,-12,0,0,92,-37,-1
0,0,-52,0,-13,0,89,0,0,0,0,0,-31,0,0,0,0,0,0,0,1
0,0,0,0,0,0,0,0,0,0,0,0,-28,35,0,0,0,0,96,-90,1
-74,0,0,-31,0,0,-1,0,0,0,0,0,0,0,0,0,0,0,94,0,-1
0,47,0,0,0,0,0,51,-34,-88,0,0,0,0,-60,0,-2,50,94,0,-1
0,46,-20,-32,0,0,0,0,0,0,0,19,-19,0,0,0,0,0,0,0,-1
-75,0,0,0,0,-98,0,0,0,0,-43,0,0,0,0,0,0,0,0,0,-1
0,0,0,-26,0,0,0,52,0,0,0,0,-22,0,0,0,0,0,0,0,-1
0,48,0,0,0,0,-2,0,0,-87,-41,0,0,-21,0,0,0,0,0,0,-1
0,0,0,0,0,0,0,0,0,0,0,0,0,-25,0,-15,1,0,0,0,-1
0,0,0,0,0,0,0,0,0,0,0,69,0,0,28,0,0,0,0,0,1
0,49,-20,0,0,0,-1,0,-25,0,0,0,0,-23,0,0,0,0,0,0,-1
0,0,-49,0,0,-24,94,83,0,0,0,68,0,0,0,0,0,0,0,0,1
0,22,0,4,0,0,0,0,0,-47,94,0,0,0,0,0,0,0,93,0,1
0,0,-48,0,0,-19,94,0,72,0,0,0,0,40,0,0,0,99,0,0,1
-76,0,0,-35,0,0,0,0,0,0,-40,0,-25,0,-60,0,3,0,0,-39,-1
0,17,0,0,0,-21,0,0,0,0,0,0,0,0,32,0,0,89,94,-78,1
0,0,0,0,0,0,0,0,0,0,0,0,-24,0,0,0,0,0,92,-34,-1
-73,0,0,0,0,0,0,0,0,-86,0,0,0,0,0,0,0,0,0,0,-1
0,0,-52,0,-16,-24,91,92,66,0,0,64,0,0,0,57,37,0,0,-82,1
0,0,0,0,16,0,-3,0,-29,0,-43,0,0,0,0,0,0,0,0,0,-1
0,0,0,0,-14,0,99,0,0,0,0,0,-27,0,0,66,37,0,99,0,1
0,0,0,0,0,-92,0,53,0,-80,0,0,0,0,-51,-6,0,0,0,0,-1
0,0,0,0,0,0,0,86,0,-45,0,0,0,0,0,0,0,0,0,0,1
-69,0,0,-29,0,0,0,0,0,-83,0,22,-18,0,0,0,0,0,98,0,-1
0,0,0,-28,0,0,0,0,-26,-89,-41,0,0,-30,0,-12,6,0,0,0,-1
-71,0,0,0,0,0,0,0,0,-83,0,20,0,-16,0,-11,0,0,0,-33,-1
0,27,-49,0,0,0,0,92,74,0,97,0,0,0,0,0,0,95,101,0,1
0,0,0,10,-15,-25,0,0,0,0,95,0,0,0,0,0,40,0,0,0,1
0,0,0,0,0,0,3,55,-30,-85,0,0,0,-25,0,-12,4,0,0,0,-1
0,23,0,0,0,-17,0,0,0,0,0,0,0,0,30,0,0,101,0,0,1
-33,0,0,0,-8,0,0,91,73,-43,0,0,0,0,0,0,39,0,95,0,1
-34,0,0,0,0,-20,90,0,69,0,95,0,-30,0,0,0,0,0,0,-81,1
0,0,-17,0,19,-89,0,0,-30,0,0,0,-22,0,-54,0,0,0,0,0,-1
0,0,0,0,0,0,5,0,0,0,0,0,0,-21,0,0,0,0,0,-41,-1
0,0,0,0,0,-20,0,0,0,0,94,0,0,0,0,0,0,0,0,-88,1
0,21,0,0,0,-24,90,0,0,0,0,0,0,0,0,0,0,0,0,-80,1
0,0,0,0,0,-16,92,0,0,0,0,0,0,0,0,0,0,0,98,0,1
0,0,0,0,-12,-15,0,0,75,0,0,0,0,0,0,0,39,0,0,0,1
0,0,0,0,0,0,0,0,0,0,93,0,0,0,0,0,0,99,0,0,1
0,0,0,0,-9,0,0,0,0,0,0,0,0,0,31,0,0,0,0,0,1
-35,0,0,0,0,0,0,0,0,0,0,0,0,0,0,0,0,0,97,0,1
0,0,0,0,0,0,0,0,0,0,0,0,0,0,26,0,0,0,0,0,1
-74,0,0,-31,0,0,-2,0,0,0,0,14,0,0,0,-11,0,51,0,-33,-1
0,0,0,0,0,0,0,0,-25,0,0,22,0,-24,-50,0,0,0,99,0,-1
0,0,0,-32,0,0,0,0,0,0,-41,0,0,0,0,-14,0,0,0,-30,-1
0,0,-23,0,18,-97,0,0,-35,-92,-40,19,0,0,-59,-13,0,0,0,0,-1
0,0,0,-31,0,0,1,0,-35,0,0,19,0,0,0,0,0,51,0,-38,-1
0,46,0,-29,0,0,0,0,0,0,0,0,0,-26,-49,-9,0,55,0,-30,-1
0,0,0,0,0,-24,0,87,71,0,96,0,0,0,0,0,0,95,90,0,1
0,17,0,0,0,0,0,0,76,0,0,0,0,0,0,0,38,95,0,0,1
0,47,-20,0,23,0,-7,0,0,0,0,14,0,0,-59,0,0,0,0,0,-1
-39,0,0,0,0,0,0,87,0,0,0,0,0,42,0,0,0,96,0,0,1
-36,0,-47,0,-17,-23,0,0,0,-46,0,0,0,35,0,0,0,0,0,0,1
0,0,0,0,25,0,0,0,0,0,0,0,-15,-27,0,0,3,0,0,0,-1
-76,0,0,0,0,0,3,0,0,0,0,0,0,0,-58,0,0,0,0,-26,-1
-84,45,0,0,0,0,0,0,0,0,0,0,0,-28,0,0,0,50,87,0,-1
-32,0,0,0,0,-25,0,92,0,0,0,0,0,0,29,63,0,0,92,0,1
0,0,0,0,0,0,0,0,-33,-84,0,0,0,0,0,0,0,52,0,0,-1
-76,0,0,-31,0,0,0,0,0,-89,0,0,0,-27,0,0,0,0,0,-41,-1
0,0,0,0,16,0,0,0,0,0,0,0,-21,0,-57,0,1,0,0,0,-1
0,0,-47,14,0,-18,0,94,0,-39,0,0,-26,0,35,0,0,97,0,0,1
0,51,-19,0,20,0,1,0,-31,0,0,22,-20,0,0,0,0,0,0,0,-1
0,43,0,0,0,0,2,49,0,0,0,0,0,0,0,-14,3,0,0,0,-1
0,0,0,0,0,0,0,84,0,0,0,0,0,0,0,0,0,0,0,0,1
0,0,0,0,0,-24,90,0,0,0,97,69,0,0,0,56,43,0,0,0,1
0,0,-23,0,0,0,0,0,0,0,-38,0,0,0,0,-10,-2,0,0,-31,-1
0,0,0,0,-7,-20,0,0,74,0,0,0,0,0,0,0,0,0,0,-75,1
0,0,0,0,0,-95,-2,49,0,0,0,0,0,0,0,0,0,0,0,0,-1
0,0,0,0,0,-20,0,0,0,-48,0,0,0,0,0,0,41,0,96,-81,1
0,0,0,0,0,0,0,0,76,-48,0,0,-27,0,0,63,0,0,99,0,1
0,0,0,0,0,0,0,0,-30,0,0,0,0,0,0,0,0,0,95,0,-1
-38,0,0,0,-14,0,0,0,0,0,0,0,0,39,0,0,0,0,94,-87,1
0,16,0,12,-12,-23,0,0,65,0,0,0,0,0,0,0,0,0,92,0,1
0,48,0,0,18,0,0,0,0,0,0,0,-19,0,0,0,0,49,92,0,-1
0,24,-50,0,0,0,93,0,0,0,99,0,0,41,0,0,0,0,0,0,1
0,0,0,0,-11,0,0,0,0,0,0,0,0,0,0,0,40,0,91,0,1
0,0,0,0,0,0,0,0,0,0,0,0,-30,0,0,61,0,93,0,-80,1
0,0,0,0,0,0,0,0,0,0,0,0,0,43,0,60,40,0,0,0,1
0,0,-46,12,0,-21,0,0,0,0,102,0,-28,47,0,60,0,0,0,-77,1
0,0,0,0,0,-24,91,0,69,0,0,0,-32,0,0,58,0,97,89,0,1
0,49,0,0,0,-90,0,0,-31,0,0,0,-19,0,-50,0,0,0,95,0,-1
-72,0,-20,0,0,0,0,0,0,0,0,0,0,0,0,0,0,0,98,0,-1
0,25,-50,0,0,0,0,0,72,0,0,0,0,0,36,61,40,99,0,-83,1
-34,0,-47,0,0,0,0,0,0,0,0,0,-25,0,0,0,0,0,0,0,1
0,19,0,0,0,0,89,92,0,-43,0,0,-30,0,0,0,0,0,0,-83,1
0,0,0,0,0,0,94,96,0,0,101,0,0,40,32,0,0,98,0,-79,1
0,0,0,0,19,0,0,0,0,0,-38,0,0,0,0,0,0,0,95,-31,-1
0,45,-16,0,0,0,0,0,0,-86,0,0,0,0,0,0,5,0,0,0,-1
-79,0,0,0,0,0,0,0,0,-92,0,0,0,-30,0,0,0,0,90,0,-1
-38,0,0,0,0,-21,0,0,0,0,0,0,0,35,29,0,35,0,0,0,1
0,0,0,14,0,0,92,0,69,-45,0,65,-23,0,0,0,0,0,0,-79,1
-32,23,0,0,-8,0,0,90,0,0,101,0,0,0,0,0,39,0,0,0,1
0,21,0,7,0,0,0,0,69,0,0,0,-24,41,26,0,0,0,91,0,1
0,0,0,-29,0,0,0,0,0,0,0,0,0,-23,-56,-12,0,54,0,0,-1
-39,17,0,5,-9,0,0,88,0,-44,0,0,0,0,0,0,0,0,0,0,1
0,0,0,0,0,0,0,0,-32,0,0,0,-23,0,0,0,0,0,0,0,-1
0,25,0,0,0,0,94,0,0,0,101,0,0,0,0,0,0,0,0,0,1
0,42,-21,0,16,0,0,0,-34,0,-39,0,0,-28,0,0,0,0,0,0,-1
-71,0,-19,0,0,0,1,0,0,0,-36,15,0,0,0,0,2,0,0,0,-1
-72,0,0,0,0,0,0,0,0,-85,0,23,0,0,-61,0,0,0,0,0,-1
0,23,0,0,0,0,0,0,0,-50,101,71,0,0,0,0,0,0,0,0,1
0,0,-22,0,0,0,0,50,0,0,0,0,0,0,0,-12,0,0,0,0,-1
0,0,0,0,24,-93,0,0,0,0,-36,22,0,0,-54,0,3,0,0,0,-1
0,44,-21,0,0,0,0,0,0,-87,0,0,-23,0,0,-12,0,0,95,-31,-1
0,22,0,0,0,-24,93,0,0,0,0,0,0,0,37,0,0,0,0,-80,1
-77,0,0,-35,0,0,0,48,0,0,0,18,-24,0,0,0,0,50,0,0,-1
0,0,0,0,-7,0,0,0,0,0,0,0,0,0,0,0,0,0,0,0,1
-73,0,0,0,0,0,0,0,-28,0,0,0,-20,0,-58,0,0,0,0,0,-1
-32,0,-49,0,0,0,91,91,0,-40,0,0,0,0,36,0,0,95,0,0,1
0,46,0,0,0,-96,0,53,-35,0,0,0,0,0,-56,-15,0,51,0,0,-1
-79,47,0,0,0,0,0,0,-34,0,-44,0,0,0,0,0,0,0,0,0,-1
-76,49,0,0,15,0,0,0,0,0,0,0,-20,0,0,0,0,0,0,-34,-1
0,45,0,0,18,0,0,0,0,0,0,0,0,0,0,0,0,46,94,0,-1
-36,0,0,10,-13,0,0,0,0,0,0,0,-27,0,0,0,0,0,0,-79,1
-37,0,0,12,0,-20,93,0,0,0,0,0,0,0,0,0,40,0,0,0,1
-35,0,0,12,0,0,93,0,77,-43,100,0,0,0,0,65,0,100,0,0,1
0,0,-48,8,-8,0,0,0,0,0,0,66,-20,37,0,0,41,0,0,-85,1
0,0,0,15,0,-23,94,0,74,0,0,0,-25,0,0,0,40,0,96,-80,1
0,0,0,12,-9,0,94,90,0,0,100,0,0,0,0,0,42,0,0,0,1
0,47,-25,-34,0,0,0,0,0,0,-47,0,-24,0,0,0,1,0,0,0,-1
0,0,0,0,0,0,0,0,-35,0,0,15,0,0,0,0,0,0,0,0,-1
-33,0,0,0,0,0,94,0,0,0,0,65,0,41,0,0,0,0,0,0,1
0,0,-19,0,0,-94,0,0,-37,0,0,0,-23,0,-57,0,0,52,0,-39,-1
0,0,0,0,22,0,0,0,0,0,0,0,0,0,0,0,0,0,0,0,-1
0,0,0,9,0,0,0,0,77,0,0,0,0,38,0,61,0,0,0,0,1
0,25,0,11,-9,0,0,0,0,0,0,0,0,0,35,0,0,0,0,0,1
0,0,0,0,0,0,93,0,0,-45,0,73,0,0,27,61,0,0,0,0,1
0,0,0,0,0,0,0,0,0,0,0,67,-33,0,29,61,0,0,0,0,1
-75,0,0,0,0,0,0,0,0,-86,-42,0,0,-26,0,-14,0,0,0,-30,-1
0,46,0,-32,0,-95,0,0,0,0,0,0,0,0,-61,-16,0,0,0,0,-1
0,19,0,0,0,-27,90,85,67,0,0,0,-36,39,35,0,0,91,93,0,1
-77,43,0,0,0,0,2,0,-32,0,0,0,0,0,0,0,0,52,0,0,-1
0,0,0,0,0,0,0,0,0,0,0,0,0,-24,0,0,0,0,0,0,-1
0,0,-23,0,0,0,0,0,-38,0,-41,18,0,0,-64,0,-1,0,0,0,-1
-75,0,0,-37,0,0,0,0,0,0,0,17,0,-32,0,-14,-7,0,0,0,-1
0,45,0,-33,0,0,0,53,-33,0,-43,0,0,-30,0,-17,5,0,0,0,-1
0,0,0,0,0,0,0,0,67,0,0,61,-25,0,0,0,0,92,0,0,1
0,0,0,0,0,0,0,88,0,-43,0,0,0,0,0,55,36,0,0,0,1
0,17,0,0,-12,0,0,90,72,0,0,0,0,0,0,0,0,0,97,0,1
0,24,0,0,0,0,94,0,0,0,0,0,0,0,0,0,0,102,97,-86,1
-72,0,0,0,0,-93,0,56,-31,0,0,0,0,0,0,0,0,0,0,0,-1
-32,0,-46,0,0,-21,0,91,74,0,0,0,-22,0,29,0,0,0,0,0,1
0,0,0,-38,0,0,0,0,0,-92,-45,0,0,0,0,0,0,0,92,-35,-1
0,0,0,16,0,0,0,88,0,0,0,69,0,0,0,0,0,0,0,-78,1
0,0,-15,-36,22,0,0,0,0,0,0,0,-23,0,0,0,0,0,0,0,-1
0,0,0,0,-12,0,0,0,0,0,0,68,0,0,0,62,40,0,0,0,1
-77,0,-20,0,0,0,0,0,0,-90,-40,0,0,0,-50,0,0,0,0,0,-1
0,0,0,0,17,0,0,0,0,0,0,0,0,0,-61,-16,0,0,0,-36,-1
-79,0,-22,0,0,0,0,0,0,0,-44,0,0,0,-57,0,1,55,0,0,-1
0,48,-19,-34,20,0,1,50,0,0,0,0,0,0,0,0,0,0,0,-35,-1
0,0,0,0,0,0,0,0,-29,-91,0,0,-18,0,0,-18,1,0,0,0,-1
0,47,0,0,0,0,0,0,0,0,0,24,0,0,0,-14,0,0,0,0,-1
0,0,0,0,-10,0,90,94,0,0,0,0,-26,44,0,0,0,0,0,-84,1
0,0,0,-36,0,0,4,0,-28,0,0,18,0,-25,0,0,7,0,0,0,-1
-30,0,0,0,-10,-27,0,0,0,0,0,72,0,47,30,0,0,0,0,0,1
0,0,0,0,0,0,0,0,0,0,0,0,0,0,32,0,0,96,99,0,1
-69,0,0,0,0,0,0,0,-29,-83,0,0,0,-21,0,-12,0,56,0,-30,-1
0,0,-23,0,21,0,0,0,0,0,-45,0,-25,-22,0,0,0,52,0,0,-1
-33,28,0,0,-9,0,0,0,0,0,0,0,-25,0,35,0,34,0,0,0,1
0,0,0,-35,0,-96,0,45,0,0,0,0,0,0,0,-18,0,45,0,0,-1
0,24,-50,0,0,-21,0,0,0,0,0,0,0,0,0,0,0,0,0,0,1
0,0,-22,0,20,-96,0,54,-36,0,0,0,0,0,0,-10,-1,0,0,0,-1
0,0,0,0,0,0,92,86,0,0,0,0,0,0,0,0,36,0,90,0,1
-36,0,0,13,0,-16,0,0,0,-36,96,0,-28,43,0,0,0,0,0,0,1
0,24,0,0,0,0,0,0,0,0,0,75,0,0,0,0,0,97,0,0,1
-36,24,-48,15,0,0,0,0,0,-40,0,66,-27,0,0,0,0,0,0,0,1
-77,0,0,0,0,0,0,47,0,-89,0,0,0,-31,0,0,0,0,0,-34,-1
0,0,-25,0,0,0,-5,0,0,-93,0,0,0,0,0,0,0,0,0,-40,-1
0,50,0,0,0,0,-6,0,-32,0,0,0,0,0,0,0,0,0,0,-36,-1
0,0,-19,0,14,0,0,0,0,0,0,0,0,0,0,0,0,0,0,-33,-1
0,0,-48,0,0,0,0,0,76,0,0,0,0,0,0,0,0,0,0,0,1
0,0,-15,0,0,-89,0,57,0,-82,0,20,0,0,0,-8,8,0,0,-29,-1
0,23,0,12,0,0,0,0,0,-42,0,0,0,0,37,0,44,0,0,0,1
0,0,0,-29,0,0,0,0,0,0,-43,0,-22,0,0,-8,0,0,0,0,-1
-69,0,0,0,20,0,0,0,0,0,-38,0,-20,0,0,-8,0,0,0,0,-1
0,0,0,0,0,-24,0,92,0,0,0,64,0,39,0,0,37,0,0,0,1
-78,0,0,0,0,0,0,0,0,-90,0,0,-19,0,-58,0,0,0,0,0,-1
0,0,0,0,0,-95,0,0,0,0,0,0,0,0,0,0,0,0,0,0,-1
0,0,0,0,0,-94,0,0,-31,0,-41,0,0,0,0,0,0,0,95,-33,-1
0,46,0,0,0,0,0,0,0,0,0,0,-23,0,0,0,0,0,0,-33,-1
0,50,0,0,0,0,0,54,0,0,0,0,0,-17,0,0,0,0,0,0,-1
0,0,-49,12,0,-23,0,0,0,-47,92,0,-30,0,0,0,41,0,0,0,1
-37,0,-48,0,-11,0,0,87,0,-45,0,0,0,0,0,0,0,0,0,-81,1
-74,0,0,-30,0,-92,0,0,0,-86,0,0,-19,0,-54,0,0,0,0,0,-1
0,0,-46,0,-11,0,0,0,0,0,0,0,0,42,0,0,39,0,0,0,1
0,0,0,0,0,0,92,89,0,0,0,0,0,0,25,0,33,0,0,-86,1
0,0,0,0,0,0,0,0,0,0,0,61,0,0,0,59,0,0,0,0,1
0,44,0,-30,17,-98,0,0,-33,0,-45,0,-25,0,-55,0,4,0,96,0,-1
0,0,0,0,0,0,-1,0,0,0,0,0,0,-28,0,0,0,47,0,0,-1
0,0,-44,0,0,-19,93,0,0,0,99,70,0,0,35,0,46,0,99,0,1
0,0,0,0,0,-90,0,53,0,-83,0,0,-20,0,0,0,0,0,98,0,-1
0,0,0,0,0,-20,89,0,76,0,96,0,0,0,0,0,41,0,0,0,1
-36,0,0,0,0,0,0,0,0,-44,0,0,-28,36,0,0,39,94,0,0,1
0,0,0,0,0,-96,-2,0,0,-91,0,0,0,-26,0,0,0,0,0,-38,-1
0,0,-15,-32,0,0,0,0,0,0,0,0,-17,-24,-56,-10,4,0,0,0,-1
0,0,0,0,0,-25,0,0,0,0,0,0,0,42,0,0,37,0,0,0,1
0,23,-52,0,-10,-22,0,0,0,0,0,66,-32,0,0,0,0,96,0,0,1
0,48,0,-33,0,0,-4,0,-30,0,-43,0,0,0,0,0,0,0,93,-31,-1
0,0,-23,0,21,0,0,0,-30,0,0,0,0,0,0,-12,0,0,96,0,-1
-71,0,0,-29,0,-94,0,0,0,0,-39,20,0,-27,0,0,0,0,99,-35,-1
0,26,0,0,-11,0,0,0,0,-46,0,68,0,0,0,0,0,95,102,0,1
0,53,0,-29,0,0,3,50,0,0,0,17,-17,0,-53,-14,0,0,0,-34,-1
0,0,0,-28,0,0,-1,0,0,-87,-37,0,0,0,0,0,0,51,96,0,-1
0,0,0,0,0,0,0,0,0,0,0,0,0,-26,0,0,0,46,0,0,-1
0,0,-47,0,-12,-31,89,0,0,0,96,0,-23,0,0,0,0,0,0,0,1
-34,0,0,0,0,0,0,0,0,0,98,0,-31,0,30,0,37,96,91,-82,1
-71,41,-21,0,0,0,0,52,0,0,0,0,-19,-25,0,0,0,0,0,-34,-1
0,46,0,-34,0,0,0,0,0,-89,-43,0,-19,-28,0,0,0,54,92,0,-1
-78,43,-23,0,0,0,0,0,0,-90,0,0,0,0,0,0,0,50,93,-31,-1
-79,0,0,0,19,0,0,0,0,0,0,0,0,0,0,0,0,51,0,0,-1
0,0,0,0,-13,0,0,0,0,0,0,0,0,0,24,0,36,96,0,0,1
-34,0,0,0,0,-19,0,0,0,0,0,63,-25,0,34,0,0,98,0,0,1
0,0,0,0,0,0,0,0,0,-47,0,0,-24,0,0,0,0,0,0,0,1
0,0,0,0,0,0,92,0,0,0,0,0,0,40,0,61,0,0,0,0,1
-79,0,0,-30,0,-93,0,50,-30,0,0,0,0,0,0,0,0,52,0,0,-1
-74,44,0,0,21,-97,0,0,0,0,0,0,-20,0,0,0,0,51,0,-37,-1
0,0,0,8,0,0,92,0,0,-46,91,0,0,0,0,0,34,94,0,0,1
-78,46,0,0,0,0,0,56,0,0,-40,0,0,-27,0,0,1,52,99,0,-1
-37,0,0,9,0,0,0,0,0,-41,0,0,0,0,31,0,0,0,0,0,1
0,0,0,0,0,-95,0,0,0,0,0,0,0,0,-57,0,0,0,0,0,-1
0,0,0,0,21,-91,4,0,0,0,0,0,-20,-23,0,0,0,0,98,0,-1
-75,44,-21,-33,19,-96,0,0,0,0,0,20,0,0,0,0,0,0,0,0,-1
-73,0,-23,-28,0,0,0,49,0,-86,0,0,0,0,0,0,0,49,94,0,-1
0,43,0,0,0,0,0,45,0,0,0,0,0,0,-61,-14,0,49,93,0,-1
0,0,0,0,0,0,0,0,0,0,0,19,-16,0,0,-11,0,53,0,0,-1
0,0,0,0,0,0,0,0,0,0,0,0,0,43,0,0,0,0,98,0,1
0,0,0,-30,0,-94,0,0,0,0,0,19,-17,0,0,0,0,0,0,0,-1
-83,0,0,0,0,0,0,0,-36,0,0,17,0,0,0,-16,1,49,0,0,-1
-76,0,0,-30,0,0,0,0,0,0,0,0,0,0,0,-14,0,0,0,0,-1
0,0,0,0,0,-20,0,92,0,0,0,0,0,0,0,0,36,0,0,0,1
0,0,0,14,0,0,91,0,0,0,0,66,0,0,0,65,0,0,0,-85,1
0,0,0,0,0,-19,0,0,0,0,0,69,0,0,33,64,44,0,99,0,1
-75,45,0,0,0,0,0,0,0,0,-45,0,-25,0,0,0,0,0,0,0,-1
-70,0,-19,0,19,0,-7,55,-32,0,0,0,0,0,0,0,0,0,99,0,-1
0,0,-20,-33,23,0,0,0,0,0,0,0,0,-24,0,-10,1,49,0,0,-1
0,0,0,13,-11,0,97,88,0,0,92,0,0,0,0,0,0,0,0,0,1
0,0,0,0,0,0,92,0,71,0,0,0,0,0,0,0,0,97,0,0,1
-74,0,0,0,0,0,0,0,0,0,0,21,0,0,0,-13,0,0,97,0,-1
-69,49,0,-29,0,-91,1,53,0,-89,0,0,0,-24,-50,0,6,0,0,0,-1
0,46,-26,0,0,0,0,0,0,0,0,16,0,0,0,0,0,48,0,0,-1
0,0,0,0,0,0,0,0,0,-91,-41,0,-22,0,0,0,0,0,97,-39,-1
0,0,0,0,0,0,0,87,0,0,99,0,0,0,0,0,0,0,0,0,1
0,0,0,0,0,0,0,0,0,0,0,0,0,0,0,0,0,0,91,0,-1
-79,0,-22,0,20,0,0,0,-30,0,0,16,0,0,0,0,0,0,0,0,-1
0,0,0,-30,0,-94,0,49,-28,0,0,0,-22,0,-56,0,0,0,0,0,-1
0,0,0,0,0,0,0,0,0,0,0,70,0,48,0,61,0,98,99,0,1
-35,0,0,7,0,0,0,0,0,0,0,0,0,0,0,0,0,0,97,0,1
0,47,0,0,0,0,-1,0,0,-85,0,0,0,0,0,-13,0,53,95,0,-1
-77,47,0,0,0,0,0,0,-31,-88,-46,0,0,0,0,0,0,0,0,0,-1
0,0,0,-28,0,0,0,0,0,0,0,0,-20,0,-58,-10,0,0,0,-32,-1
0,0,-53,0,0,-20,0,0,0,0,0,0,0,0,26,59,0,0,0,-87,1
0,0,0,0,0,0,0,0,0,-45,96,0,-25,0,0,62,0,0,0,-84,1
-37,0,0,0,0,0,89,0,0,0,0,0,-30,0,0,0,0,0,0,0,1
0,0,0,5,0,0,0,0,71,-43,0,0,0,0,27,61,33,0,0,0,1
-32,0,0,0,-13,0,95,0,0,0,0,0,0,0,0,65,0,0,0,0,1
0,0,0,0,-16,0,0,0,0,0,0,0,0,45,25,0,0,0,90,-82,1
0,50,-21,0,0,0,5,0,-28,0,0,0,0,0,0,0,2,0,0,-35,-1
0,0,0,-30,0,0,-1,50,-34,-88,0,18,0,0,0,0,0,0,0,0,-1
-77,0,0,0,0,0,-2,0,0,0,-42,0,0,-22,0,0,0,0,98,-38,-1
0,0,0,0,0,-21,0,0,0,0,0,0,0,0,0,0,0,103,0,0,1
-38,0,-47,12,0,0,0,0,76,0,93,0,0,43,0,0,0,0,0,0,1
-74,0,0,0,0,0,0,0,-30,0,-45,0,0,0,0,0,-1,53,97,0,-1
0,48,0,0,0,0,0,0,0,0,0,0,0,0,0,0,4,0,98,0,-1
0,0,-42,0,0,-26,0,0,0,0,99,0,0,0,0,0,38,0,0,0,1
0,0,0,0,0,0,0,0,0,-84,-48,0,-22,-24,-55,-15,0,53,0,0,-1
0,22,-50,0,-14,-22,0,0,0,0,0,0,0,0,26,0,0,0,0,-85,1
0,0,0,6,0,0,94,0,74,0,99,0,0,0,0,0,0,96,0,-80,1
0,0,0,-42,0,0,0,0,-34,0,-48,0,0,0,0,0,0,0,0,0,-1
0,0,0,0,0,-97,0,46,0,0,0,0,-26,0,0,0,0,52,0,0,-1
0,26,0,0,0,0,98,91,0,0,100,0,0,0,30,71,0,106,0,0,1
0,0,-17,0,0,0,0,0,0,0,-43,0,0,-25,0,-10,0,55,88,0,-1
0,0,0,-26,0,0,2,0,-26,-88,-36,0,0,0,-58,-13,0,0,0,0,-1
0,0,-25,0,0,0,0,0,0,-84,0,0,0,0,0,-15,0,0,90,0,-1
0,0,-18,0,0,-95,0,48,0,0,-46,0,-24,0,0,0,0,0,0,0,-1
0,0,0,12,0,0,0,0,0,0,0,71,-32,0,0,0,0,96,0,0,1
0,51,0,0,0,-93,0,51,-35,-88,0,0,0,-28,-59,0,0,0,0,-33,-1
0,0,0,0,0,0,0,0,0,0,0,0,0,0,0,0,0,0,0,0,1
0,43,0,0,0,-98,0,0,0,-88,0,0,0,-23,0,-10,0,0,0,0,-1
0,0,0,-32,0,0,4,0,0,-87,0,0,0,0,0,0,0,0,0,0,-1
0,0,0,-34,0,-94,0,48,0,0,0,0,0,0,0,0,0,0,0,0,-1
0,0,0,0,0,0,0,0,0,0,0,0,0,40,0,0,0,95,97,0,1
0,0,-23,-32,0,0,0,0,0,-88,-41,0,0,0,0,0,0,0,95,0,-1
0,0,0,0,0,0,93,0,0,-41,0,0,0,0,0,0,0,0,0,-84,1
-81,0,0,-32,0,-89,0,0,0,-92,0,0,0,0,0,0,0,0,0,-29,-1
0,0,0,0,-8,0,0,87,0,0,0,68,0,0,0,0,0,0,91,-79,1
0,0,0,0,0,0,0,0,0,0,-42,0,0,-19,-64,-8,2,0,0,-39,-1
-70,0,0,0,0,0,0,0,0,0,-42,0,0,0,0,0,0,0,0,0,-1
0,22,0,0,0,0,0,0,0,0,0,0,0,0,0,0,0,0,89,0,1
-38,0,0,0,0,0,0,0,0,0,0,0,0,44,0,0,36,0,98,0,1
0,0,0,0,0,0,0,0,0,-83,-37,19,-21,0,0,0,0,55,0,-38,-1
0,0,0,-33,0,0,0,0,-31,-89,-39,21,-23,0,0,-12,0,0,0,-37,-1
0,43,0,0,0,-98,0,0,0,0,0,0,0,-29,0,0,0,45,101,0,-1
0,0,0,0,0,0,0,0,0,0,0,0,0,0,0,0,0,0,0,-38,-1
0,0,0,0,20,0,0,0,0,0,0,0,0,0,0,-13,0,0,0,-32,-1
0,0,0,13,0,-20,92,89,0,0,0,0,0,49,29,0,0,0,0,0,1
0,0,-22,0,0,0,0,0,0,0,0,20,-23,0,0,-15,0,0,99,0,-1
0,0,0,14,-7,0,0,95,75,0,99,0,0,46,0,0,0,0,0,-73,1
0,0,0,-31,0,-95,0,0,0,0,0,0,-24,0,-55,0,3,0,0,0,-1
0,0,0,0,0,0,88,90,0,0,0,0,-30,0,29,0,0,91,97,0,1
0,0,0,-35,0,0,0,49,0,0,0,0,-21,0,0,0,0,0,0,0,-1
0,0,-16,0,0,0,0,0,-34,0,0,0,0,0,0,-14,0,0,0,0,-1
0,0,-17,0,0,0,2,0,-29,0,0,0,0,0,-52,-10,0,57,101,0,-1
0,0,0,0,0,0,0,0,0,0,0,0,-30,38,0,0,0,98,0,-78,1
-74,51,0,-29,0,0,0,53,0,0,-45,0,0,-27,-58,0,0,0,0,0,-1
0,0,0,0,0,-26,0,0,0,0,0,64,0,41,0,0,37,0,0,0,1
0,46,0,0,0,0,-1,0,0,0,0,18,0,-22,0,0,0,0,0,-33,-1
0,0,0,0,0,0,0,0,0,0,0,69,0,45,0,0,42,0,97,0,1
-34,0,-51,0,-12,-25,95,0,0,0,91,0,0,0,0,0,0,93,0,0,1
0,23,0,0,-11,-17,91,0,0,0,0,0,0,0,0,62,38,0,0,0,1
0,0,0,0,0,-92,0,0,0,0,0,0,0,0,0,0,-3,50,0,0,-1
-73,0,0,-30,24,0,0,52,-31,-84,0,0,0,0,-54,0,0,0,0,-32,-1
0,0,0,0,0,-90,-3,0,0,-92,0,0,0,0,0,-14,0,0,0,-33,-1
0,24,0,0,0,0,0,0,77,0,0,0,0,42,0,0,0,0,0,0,1
0,47,0,0,0,0,0,0,0,-87,0,0,0,0,0,0,0,52,0,0,-1
0,0,-20,0,0,-94,-1,0,0,0,-37,0,0,-30,0,-11,0,51,94,-32,-1
0,0,0,0,0,0,0,0,-31,-87,0,0,0,0,0,0,0,53,0,0,-1
-31,0,0,0,0,0,0,0,0,0,100,0,0,0,26,0,0,0,0,0,1
0,0,0,0,-15,-24,0,0,0,0,89,0,0,0,0,0,39,96,0,0,1
0,0,0,10,-12,0,0,0,0,0,0,0,0,0,0,59,0,0,98,0,1
0,0,0,0,-12,0,88,96,0,0,0,0,-24,0,31,0,0,99,0,-81,1
0,0,0,0,0,0,0,0,0,-46,0,0,0,46,0,0,0,0,97,0,1
0,0,0,0,0,0,0,90,0,0,0,0,0,37,0,0,0,0,0,0,1
0,0,-23,0,22,-93,0,0,0,0,-43,15,0,-29,0,0,0,50,0,0,-1
0,0,0,0,0,0,0,0,0,-43,0,0,0,0,0,0,0,0,0,0,1
0,0,0,0,-16,-22,0,87,72,0,100,0,0,0,0,0,39,0,96,0,1
0,48,0,0,0,-91,0,0,0,-86,0,0,-21,-25,-56,0,0,51,0,0,-1
-71,0,-15,-35,0,0,0,0,0,0,-39,26,0,0,-55,0,0,61,0,-35,-1
0,0,0,0,0,0,0,0,0,0,0,0,-24,0,0,0,0,101,0,0,1
-32,0,-52,0,-16,0,0,0,0,0,95,0,0,0,28,0,0,99,0,-85,1
0,0,0,-33,24,-95,7,0,0,0,0,25,0,0,0,0,4,0,0,0,-1
0,0,-47,8,0,0,0,0,0,0,100,0,0,0,0,0,39,0,0,0,1
0,0,0,0,0,0,0,0,0,0,-42,0,0,0,0,0,-1,0,0,0,-1
0,0,0,-32,0,-97,0,0,0,-87,0,0,0,0,0,0,-1,0,0,0,-1
0,0,0,15,0,-24,0,0,0,0,0,0,0,0,0,0,0,0,100,0,1
0,22,0,0,-12,0,0,0,0,0,0,0,0,38,0,0,38,93,0,0,1
-78,0,0,0,0,0,5,0,0,-80,-39,0,0,0,0,0,7,0,0,0,-1
0,0,0,0,0,-95,2,0,0,0,-43,0,0,-25,-58,0,0,53,0,0,-1
0,0,0,0,0,0,0,90,0,0,0,0,-28,0,0,0,0,93,0,-83,1
-35,0,-49,9,-8,0,90,87,0,0,0,0,-29,0,0,0,0,97,0,-84,1
-75,41,0,0,13,-96,0,0,-30,0,0,0,0,0,-54,-15,0,0,0,-34,-1
-71,0,0,0,0,-97,0,0,0,0,0,0,-22,0,0,0,0,0,0,0,-1
0,0,-45,0,0,0,0,0,0,-44,0,0,-30,0,0,0,0,0,99,0,1
0,0,0,0,0,-23,93,88,69,0,0,0,-28,0,27,62,0,0,0,0,1
-34,0,0,8,-8,0,0,0,0,0,0,66,0,0,24,0,40,0,0,0,1
0,0,0,0,15,0,0,0,-32,0,0,0,0,0,0,0,0,0,0,0,-1
0,45,0,0,17,0,0,0,0,0,0,0,0,0,-54,0,1,0,94,0,-1
0,0,0,0,0,-97,-1,0,0,-90,0,12,-25,-23,0,0,0,49,0,0,-1
0,0,-49,0,0,0,0,87,0,0,0,0,-30,0,0,0,0,0,0,0,1
0,0,0,-27,0,0,0,59,-30,0,0,0,0,-21,0,-13,0,60,92,-28,-1
0,0,-19,0,0,-91,0,0,0,0,0,21,0,0,-56,0,0,0,96,0,-1
-37,0,0,14,0,0,0,85,0,0,0,0,0,0,0,62,0,0,0,0,1
0,0,0,0,0,0,0,0,0,0,0,67,0,0,0,0,0,0,0,-76,1
-37,19,0,9,0,-18,0,92,0,0,95,0,0,40,0,0,0,95,0,-79,1
0,0,0,0,0,0,0,0,0,0,0,64,0,0,0,62,0,0,0,0,1
0,0,0,0,0,0,0,0,0,0,0,20,0,-26,-56,0,5,51,99,0,-1
0,0,-50,0,0,0,92,0,0,-44,0,0,-27,0,0,0,0,0,0,0,1
0,0,0,0,0,0,0,87,0,0,92,74,0,39,0,0,0,0,93,0,1
0,0,0,0,0,0,0,0,0,0,-39,0,0,0,-56,-11,-2,0,0,0,-1
-36,0,-46,15,0,0,0,0,0,0,0,0,0,48,0,0,0,100,0,0,1
0,48,0,0,0,0,0,0,0,0,0,0,0,-23,-55,0,0,0,0,0,-1
0,50,0,0,0,0,-1,0,0,0,0,0,-20,-26,-55,0,0,51,0,0,-1
0,24,-51,0,-7,0,0,0,0,0,0,0,0,0,0,0,40,0,0,0,1
0,0,0,0,19,-92,0,49,0,0,0,0,-23,-32,-53,-18,0,48,0,0,-1
0,0,0,0,0,0,1,0,-34,0,0,0,0,0,-52,0,0,0,0,0,-1
-79,0,0,0,0,-94,0,0,0,-87,0,0,0,0,0,-17,4,0,0,0,-1
0,0,0,0,0,0,0,86,73,0,0,0,0,36,0,0,39,93,0,0,1
0,0,0,-28,0,0,0,56,0,-90,-43,0,0,-26,-53,0,0,52,0,0,-1
0,0,0,0,0,0,2,0,0,0,0,0,0,0,-60,-14,0,0,96,0,-1
0,0,-17,0,0,0,-2,0,0,0,0,0,0,0,0,-18,0,0,0,-26,-1
0,19,-47,0,0,0,86,0,0,-44,0,0,0,40,0,54,0,0,0,0,1
0,0,0,0,0,-22,0,0,0,0,103,0,0,48,0,0,0,0,0,-76,1
0,25,0,0,0,-26,0,0,0,0,0,0,0,0,0,0,0,0,0,-85,1
0,0,0,10,-13,-24,0,89,0,0,0,0,-29,0,0,0,0,0,91,0,1
0,0,0,0,0,0,0,0,0,0,0,0,0,0,-55,-13,3,0,0,0,-1
-74,0,0,0,0,0,0,0,0,-87,0,14,0,0,0,0,0,0,0,0,-1
0,21,-48,7,0,0,0,85,74,0,0,0,0,0,25,61,0,0,0,0,1
0,0,-51,0,0,0,0,0,0,0,0,0,0,0,0,62,0,97,0,0,1
-79,0,0,0,0,0,0,0,0,0,0,0,0,-28,0,0,0,52,91,0,-1
-30,0,0,0,0,0,92,0,0,-44,96,0,0,39,0,0,0,96,0,0,1
0,0,-23,0,0,-96,0,0,0,0,0,0,0,0,0,-15,0,0,92,0,-1
-74,0,-17,0,0,0,2,60,0,0,-38,0,0,0,0,0,8,61,0,0,-1
0,24,0,0,0,-20,0,0,73,0,0,0,0,0,0,0,43,0,0,0,1
0,0,0,0,-8,-22,0,0,0,0,0,0,-30,0,0,0,0,0,0,0,1
0,0,-21,0,0,0,-1,0,0,0,0,0,0,-28,0,-16,0,0,0,-38,-1
0,0,0,0,0,0,98,90,0,-43,0,75,0,0,29,0,40,102,0,0,1
0,24,0,11,0,0,0,0,0,0,0,0,0,0,32,0,0,0,0,0,1
0,0,-15,0,0,-94,0,0,0,0,-43,0,-23,-17,0,-13,6,0,0,-31,-1
0,24,-50,0,0,-26,0,0,0,0,0,0,0,0,0,0,0,0,0,0,1
-74,0,0,0,0,0,0,0,0,0,0,0,0,0,-60,-15,0,0,0,0,-1
0,0,0,9,0,0,93,0,0,0,0,0,0,0,29,0,0,0,96,0,1
0,0,0,-33,0,0,3,0,0,0,-42,0,0,0,0,-15,0,0,0,0,-1
-34,0,0,0,0,0,93,0,0,-42,0,0,0,0,0,0,37,0,98,0,1
0,0,0,0,24,-96,5,46,-29,0,0,0,0,0,0,0,0,54,95,-35,-1
0,0,0,0,0,-25,0,86,70,0,91,0,0,40,28,61,0,92,0,0,1
0,0,0,0,0,-28,0,0,0,0,0,61,0,0,24,0,36,0,0,-84,1
0,0,-21,0,25,0,0,53,0,0,0,0,0,0,0,0,0,0,0,0,-1
0,13,-56,0,0,-29,0,0,0,0,0,0,0,0,0,0,0,0,0,0,1
0,0,-24,0,0,0,-2,0,0,-95,0,0,-22,0,0,0,-4,52,0,0,-1
-73,0,0,-32,0,0,0,0,0,0,0,15,0,0,0,0,0,48,0,0,-1
0,0,-22,-28,0,0,-4,54,0,-90,0,0,-20,0,0,0,0,53,0,-34,-1
0,0,0,0,0,0,0,0,0,-90,0,0,0,0,0,0,0,0,0,0,-1
0,19,-43,0,0,0,91,0,0,-45,0,0,0,42,0,65,0,0,0,0,1
0,0,0,0,19,0,0,0,-38,0,0,0,0,0,0,-8,0,55,0,0,-1
-32,0,0,0,0,0,0,0,66,0,0,0,0,0,0,0,0,0,96,0,1
0,0,0,0,0,-16,0,0,0,-36,0,72,-26,0,0,0,0,0,0,0,1
0,17,0,0,-13,0,94,0,0,0,99,0,-29,0,30,0,40,0,0,-79,1
0,0,0,0,0,0,92,0,74,0,92,0,0,0,0,0,0,0,96,0,1
0,0,-20,0,23,-89,0,54,0,0,0,0,0,-25,0,-15,0,54,0,0,-1
0,0,0,0,0,0,0,0,0,0,0,0,0,-23,-57,0,0,53,0,0,-1
-78,0,0,-33,21,0,0,0,0,-81,0,18,0,0,-52,0,0,52,97,0,-1
0,0,0,0,0,0,0,0,0,-44,0,65,0,0,28,60,36,0,0,0,1
-75,42,-23,-35,14,0,0,53,0,0,0,0,-21,0,0,0,0,50,0,0,-1
0,0,-50,0,0,0,85,89,0,-43,94,0,0,0,0,0,40,97,0,0,1
0,0,0,0,0,0,0,89,0,0,0,69,0,0,0,62,42,0,98,-78,1
0,49,0,0,21,0,0,0,-27,0,0,0,-21,0,0,0,0,0,0,0,-1
0,0,-46,15,0,-22,0,89,0,-43,0,0,-21,38,0,62,0,0,0,-81,1
-69,44,-19,0,17,-91,0,0,-30,0,0,0,0,-25,-54,0,0,0,0,0,-1
0,23,0,0,0,-22,93,0,71,0,0,0,-28,0,0,0,0,0,0,0,1
0,0,-20,-28,20,-92,0,56,0,-85,0,0,0,-20,-49,-13,0,56,0,0,-1
0,17,-45,0,0,0,0,0,0,0,0,0,-33,0,0,0,0,0,0,0,1
0,0,-24,0,0,0,0,0,-30,0,0,0,0,0,0,0,0,0,94,0,-1
0,0,-21,0,18,-94,-1,0,0,0,0,0,0,0,0,0,0,48,0,0,-1
0,21,0,0,0,0,0,0,0,0,0,69,-26,41,0,0,37,96,0,-78,1
0,0,-23,-34,0,0,0,0,0,-87,0,13,0,0,0,0,0,0,0,-41,-1
0,0,0,13,0,0,0,87,0,-48,94,70,0,0,27,0,0,0,0,-76,1
0,46,0,-31,0,0,0,56,0,0,0,0,-20,0,0,0,0,0,0,0,-1
0,41,0,-33,18,0,0,0,0,0,0,18,-27,0,0,0,0,0,0,0,-1
0,0,0,0,-16,0,0,86,0,-44,0,0,-32,0,0,0,0,0,0,0,1
-71,0,0,0,0,0,0,0,0,0,0,19,0,-27,0,0,0,0,0,0,-1
0,0,0,0,0,0,90,0,0,0,0,0,0,0,28,0,0,94,0,0,1
0,0,0,0,-14,-24,0,0,0,0,0,65,0,0,0,0,0,0,0,0,1
0,20,-50,0,0,0,0,90,0,-44,0,0,-25,0,33,63,40,0,0,0,1
0,0,0,13,-8,0,0,0,74,-41,0,70,0,43,0,0,0,0,0,0,1
0,0,0,0,0,0,0,0,0,-43,0,0,0,0,33,0,38,0,0,0,1
0,0,-24,-28,14,0,0,54,0,-88,-42,0,0,0,0,-15,0,0,0,0,-1
0,0,0,0,0,0,0,51,0,0,0,0,-25,0,0,0,0,55,0,0,-1
0,0,0,0,0,0,0,0,0,-85,0,20,0,0,-54,-11,3,57,96,-32,-1
0,21,0,0,0,0,0,86,71,0,98,0,0,38,0,52,0,0,0,-77,1
-39,0,0,8,0,0,0,0,0,-44,0,0,0,44,0,0,0,95,0,0,1
0,0,0,-30,0,0,0,0,0,0,-44,0,-20,-27,0,0,-1,0,0,0,-1
-38,0,0,8,0,0,0,0,0,-49,0,0,-28,40,0,61,0,0,0,0,1
0,48,0,0,0,-92,0,53,0,0,0,0,0,0,0,-14,0,0,0,0,-1
-75,0,0,0,0,-89,0,54,0,-84,-40,0,0,-29,0,-19,0,0,0,0,-1
0,41,0,0,0,0,0,0,0,-91,0,0,0,0,-59,0,0,0,0,0,-1
0,0,-16,-29,21,0,0,0,0,0,0,0,0,0,-50,0,2,0,0,0,-1
0,0,0,0,0,-25,0,0,0,-42,0,0,0,0,0,0,0,96,0,0,1
-72,0,0,0,0,0,0,0,0,0,0,0,0,-22,0,-16,0,0,0,0,-1
0,0,0,0,0,0,0,0,0,0,0,0,0,0,-52,-14,0,49,0,0,-1
-78,42,0,0,15,0,0,52,0,-92,0,0,0,0,-57,0,0,0,92,-37,-1
0,45,-21,0,16,0,-8,0,0,0,0,12,-23,0,0,0,0,0,91,0,-1
-34,0,0,0,-9,0,0,0,0,0,0,0,0,44,0,0,0,0,0,0,1
0,47,0,0,0,0,-1,0,0,0,0,0,0,-31,-56,0,0,0,0,0,-1
0,0,0,-29,0,0,0,52,0,-85,0,0,0,0,0,0,0,61,0,0,-1
-37,0,0,11,0,-25,0,0,0,0,0,0,0,0,0,0,39,0,0,0,1
-68,0,0,0,0,0,0,56,0,0,-43,0,0,0,0,0,4,0,97,0,-1
-39,0,0,0,-8,0,87,0,0,-44,0,0,0,0,0,0,0,96,91,0,1
0,0,-16,0,23,0,0,0,-25,0,0,0,0,0,0,0,5,0,100,0,-1
0,0,0,0,0,-18,0,0,0,0,0,61,0,0,0,0,0,0,0,0,1
-30,0,0,20,0,0,0,0,72,0,0,0,-28,48,0,68,0,102,0,0,1
0,26,-48,0,0,0,93,0,0,0,98,0,-25,45,0,0,38,0,0,-75,1
0,0,0,0,0,0,0,96,0,0,0,0,-30,0,0,0,0,0,0,0,1
0,0,0,-30,0,0,0,0,0,0,0,0,0,0,-53,-17,1,0,0,0,-1
0,0,0,-31,16,0,0,49,0,-88,-43,18,0,-23,0,0,0,0,0,-35,-1
0,0,0,0,18,0,0,47,0,0,0,0,-20,0,0,0,0,0,89,0,-1
0,0,0,0,0,0,0,0,0,-88,0,19,0,0,-62,0,0,0,0,0,-1
0,0,0,0,0,-26,0,0,73,-43,0,0,0,44,0,0,0,100,0,0,1
0,16,-52,0,-13,-25,0,0,0,0,0,0,-26,0,31,0,0,92,95,-83,1
0,0,0,0,0,0,86,0,0,0,0,0,0,0,33,0,41,0,0,0,1
0,44,0,0,0,0,0,0,0,0,0,0,0,-26,0,0,0,52,0,-36,-1
0,20,0,11,0,0,0,0,0,0,0,0,-28,0,31,0,0,0,0,0,1
0,17,0,0,-6,0,87,0,71,0,98,0,-30,0,0,66,0,0,0,-82,1
0,0,0,0,0,0,0,0,0,0,0,0,0,0,26,0,35,0,0,0,1
0,0,0,8,-8,0,0,0,71,-47,0,0,0,0,0,0,0,0,0,0,1
0,0,-53,11,-7,0,0,0,0,0,0,0,0,0,27,0,0,0,91,0,1
0,0,0,0,0,-94,0,55,0,0,0,0,-24,0,-52,0,4,0,0,0,-1
-34,18,-47,10,0,0,0,0,0,0,0,0,0,0,0,0,0,97,0,0,1
0,0,0,0,-13,0,0,92,0,0,93,0,-26,41,30,0,0,0,0,-81,1
-41,0,0,0,-17,0,0,0,0,-50,0,0,0,0,0,0,0,0,0,-79,1
-36,0,0,5,0,0,0,91,0,0,0,0,0,0,0,0,0,0,0,-81,1
0,0,0,0,-14,0,92,91,72,0,0,71,0,0,0,61,0,0,96,0,1
-77,0,-25,0,0,0,1,0,-34,0,0,15,0,0,0,0,0,0,0,0,-1
0,48,0,0,23,0,0,52,0,-81,0,25,0,-26,0,0,0,0,100,0,-1
-41,0,0,0,0,0,87,0,0,0,97,0,0,0,0,0,31,96,0,0,1
0,45,0,0,0,0,0,0,0,0,0,0,0,0,0,0,0,0,0,0,-1
-39,18,0,0,0,0,0,0,0,0,92,63,0,38,0,55,0,0,0,-85,1
0,17,-47,0,0,0,0,0,0,-47,99,0,0,0,0,0,37,0,0,0,1
-38,0,0,10,0,-22,0,0,76,0,0,0,0,45,29,0,0,0,0,0,1
-35,0,0,0,0,0,0,0,68,0,0,66,0,0,0,0,0,0,0,0,1
0,0,0,0,0,0,0,0,0,0,0,0,0,0,0,0,3,0,93,0,-1
0,39,-27,0,0,0,0,0,0,0,-45,0,0,0,-56,0,0,0,94,0,-1
-76,0,-19,-34,0,0,0,0,0,0,0,0,-22,0,-56,0,0,0,0,0,-1
0,0,-48,0,0,-24,89,0,0,0,0,0,0,41,0,0,0,98,0,-80,1
0,0,0,16,0,0,95,0,0,0,98,0,0,0,0,65,0,0,0,0,1
0,45,0,-27,0,0,0,0,-34,0,0,0,0,-21,0,-12,0,0,0,0,-1
0,0,0,16,0,0,0,90,75,-45,0,0,0,0,34,0,0,0,0,0,1
0,0,0,0,-18,0,0,86,71,0,0,0,0,0,0,0,0,0,0,0,1
0,22,0,0,0,0,0,0,0,0,96,65,0,43,0,60,34,0,0,0,1
0,0,-23,0,21,0,0,0,0,0,-36,0,0,0,0,0,5,0,98,-29,-1
0,47,0,0,22,0,0,46,0,0,0,16,0,0,0,0,0,0,0,0,-1
0,0,-14,-31,0,-91,0,0,0,-84,0,0,0,0,0,0,5,0,0,0,-1
0,0,0,-31,0,0,-2,55,-27,0,0,0,0,0,0,-16,0,0,0,0,-1
0,48,0,0,0,0,0,0,0,-87,0,27,0,0,0,-15,0,0,101,0,-1
0,0,0,0,0,0,0,0,0,0,0,0,-20,0,-60,0,0,0,0,0,-1
-74,0,0,-31,20,0,0,0,0,0,-39,0,0,-25,0,0,0,0,0,-35,-1
0,0,0,6,-15,-27,0,86,0,0,0,66,0,39,31,0,38,0,0,0,1
0,0,-46,0,0,0,95,0,0,-40,0,70,0,0,0,0,41,0,0,-80,1
0,0,-38,8,0,0,97,0,0,0,0,0,0,41,0,65,42,0,0,0,1
0,0,0,-32,20,0,0,0,0,0,-44,0,0,0,0,0,0,51,0,0,-1
0,22,0,0,0,0,91,0,0,0,0,67,0,0,29,59,38,0,0,0,1
-79,45,0,-29,18,-94,0,0,0,-91,0,0,0,-23,0,0,1,0,0,0,-1
0,47,0,0,0,0,0,0,0,0,0,0,0,0,0,0,0,52,90,0,-1
-71,0,0,0,0,-94,0,0,-30,-87,-37,0,-17,0,0,-10,0,0,0,0,-1
0,0,0,0,-10,0,92,0,0,-46,0,0,0,47,0,0,0,0,93,0,1
0,0,0,0,0,0,0,0,67,-46,0,62,-27,0,0,0,0,0,0,0,1
0,0,0,-32,0,0,0,43,0,-87,0,0,-19,0,-55,0,0,0,0,0,-1
0,0,-25,0,0,0,3,0,0,0,-43,0,0,0,0,0,-1,59,0,-37,-1
0,0,0,0,0,0,-1,0,0,0,0,0,0,0,0,-12,0,0,0,0,-1
0,0,-44,0,0,0,94,0,70,0,0,0,-32,47,0,0,0,0,0,0,1
0,0,0,0,0,0,0,0,72,0,0,0,0,0,32,0,44,0,99,0,1
0,0,0,0,0,0,0,0,0,0,0,0,0,40,0,0,0,96,0,-79,1
0,23,-49,6,-12,0,0,0,0,-42,0,0,0,39,0,59,0,93,0,0,1
0,0,-51,0,0,-25,0,0,0,0,0,0,0,0,0,56,0,0,0,0,1
0,0,0,-31,20,0,0,47,0,0,-36,0,0,0,-55,0,0,53,0,0,-1
0,0,0,0,0,0,0,50,0,0,0,0,0,0,-59,0,0,0,0,-32,-1
-77,0,-22,0,18,0,-6,53,0,-89,0,0,-20,0,0,0,0,49,0,0,-1
-73,0,0,0,0,0,0,49,0,0,0,0,0,0,0,0,0,0,94,0,-1
0,0,0,0,-12,0,0,0,0,0,0,0,0,0,0,63,0,0,0,0,1
-78,50,-17,-32,0,-88,0,0,-32,0,0,0,0,0,0,-14,0,0,0,-28,-1
0,45,0,0,0,0,0,0,-28,0,0,0,-24,0,-59,-11,0,0,97,-33,-1
0,0,0,-29,0,0,0,52,-33,-87,0,0,0,0,-56,0,0,0,0,-29,-1
0,0,-23,-35,0,0,0,0,0,0,0,0,0,0,0,0,0,54,0,0,-1
-39,22,-45,11,-11,-22,0,0,0,0,101,0,-32,0,0,0,0,100,0,0,1
-70,47,-19,0,0,0,0,0,-28,0,0,25,0,0,0,0,0,0,0,-35,-1
0,20,0,0,0,0,0,0,0,0,95,0,0,0,0,0,37,0,0,-79,1
0,25,0,0,0,0,0,0,0,-39,0,0,-26,45,40,0,45,0,102,-81,1
0,0,0,0,0,0,0,0,72,0,0,0,0,0,25,65,0,0,0,0,1
0,0,0,11,0,0,0,0,72,0,0,0,0,0,0,0,0,97,0,0,1
0,0,0,-28,0,0,0,0,-26,0,0,0,0,-21,0,0,0,0,0,0,-1
-79,48,0,0,0,0,0,0,0,-88,-41,18,0,0,-59,0,0,0,0,-40,-1
0,22,0,10,0,0,0,0,0,0,0,0,0,0,0,53,39,0,0,0,1
0,17,0,0,-12,-20,0,0,0,-44,0,74,0,0,31,60,0,0,0,0,1
0,0,-18,0,0,-91,0,55,-27,0,0,25,0,0,0,-10,0,57,0,-33,-1
0,0,0,0,0,0,0,0,0,0,0,0,0,0,0,-15,0,0,0,0,-1
-74,0,0,0,0,0,3,0,0,0,0,0,-16,-22,0,0,0,0,0,0,-1
0,0,-47,0,0,0,0,0,0,0,0,70,-27,0,27,62,38,96,0,0,1
0,0,0,14,-13,0,0,91,76,0,0,0,-22,0,0,68,42,0,0,-80,1
0,0,-23,0,0,-95,0,47,0,0,0,0,0,-29,-57,0,-1,0,0,-34,-1
0,0,-47,0,-10,0,93,0,0,0,0,0,-28,0,0,0,38,0,0,0,1
0,0,0,0,0,0,0,0,71,0,0,69,0,37,32,0,36,0,0,0,1
0,0,0,-29,0,0,-7,0,-27,0,-36,0,0,-28,0,0,0,46,0,-30,-1
0,0,0,0,0,0,0,0,0,-46,94,70,0,0,0,0,37,0,0,0,1
0,0,-18,0,0,0,-1,0,0,-86,0,0,0,-31,-54,0,0,46,94,0,-1
-74,0,0,0,0,-91,0,0,0,0,-38,0,0,-27,0,0,0,0,0,0,-1
0,52,0,0,0,0,7,53,-27,0,0,23,-18,0,0,0,4,0,0,-32,-1
0,0,0,0,0,0,0,0,0,0,0,0,0,0,0,0,0,0,101,0,-1
-71,0,0,-33,0,0,0,0,0,0,-38,0,0,-22,0,0,0,52,0,0,-1
-37,0,0,0,0,-22,94,0,0,0,0,0,0,0,0,0,45,99,0,0,1
-78,0,0,-32,19,0,0,0,0,0,0,17,-20,0,-56,-14,0,0,94,0,-1
-33,19,0,0,-15,0,89,91,73,-43,0,0,-27,0,0,0,40,98,96,0,1
0,0,0,0,0,-95,0,0,-31,0,0,0,-23,0,-58,0,0,0,0,0,-1
0,0,0,0,0,0,0,0,-26,-85,0,0,0,0,-52,-11,1,0,0,0,-1
0,0,0,0,0,0,0,56,0,-86,-40,0,0,0,0,0,0,0,0,0,-1
-39,21,0,0,0,0,0,90,0,-43,92,0,-28,0,32,0,0,0,0,0,1
-71,0,0,0,0,0,0,0,-25,0,0,19,0,0,-53,0,0,0,0,0,-1
-35,0,-47,0,0,0,0,0,72,-44,0,0,0,40,0,0,0,97,0,-78,1
0,0,0,0,-7,0,0,0,0,0,98,0,-27,0,0,0,0,101,0,0,1
-72,0,-16,0,0,0,0,0,0,0,-41,15,0,0,-53,-15,0,47,0,0,-1
-31,20,0,0,-12,0,0,87,0,0,0,0,0,0,0,0,38,99,0,-80,1
0,0,0,-29,0,0,0,0,0,0,0,0,-16,0,0,-14,4,0,98,0,-1
-74,0,0,0,19,-87,0,56,0,0,-45,0,0,0,0,0,8,0,100,-30,-1
-74,0,-26,0,0,-94,0,0,0,-86,0,0,0,-21,0,-9,0,0,94,-36,-1
0,0,0,0,-12,-23,0,94,74,0,0,0,0,0,0,64,0,0,0,0,1
0,44,-20,0,0,0,1,0,0,0,-37,18,0,-21,0,0,0,53,0,0,-1
-76,0,-23,0,0,0,0,0,0,0,0,0,0,0,0,0,1,0,96,-32,-1
0,0,0,3,0,0,0,0,0,0,0,0,0,41,32,0,0,95,0,-82,1
-77,46,0,-34,19,-88,0,0,0,0,-41,17,0,0,0,0,0,48,0,0,-1
0,0,0,0,0,0,0,0,0,0,0,0,0,0,0,0,0,0,0,0,-1
0,0,0,0,0,0,0,0,0,-89,0,0,0,0,-58,-15,0,0,0,0,-1
-76,43,-21,-27,0,0,0,0,0,-87,0,0,-22,0,0,0,0,0,89,0,-1
-37,0,0,16,0,-20,0,0,69,0,0,0,0,0,0,0,0,0,0,0,1
0,0,0,0,0,0,90,0,78,0,0,70,0,0,32,0,0,98,0,-82,1
0,0,0,0,0,-23,94,89,0,0,0,0,0,0,32,0,0,0,0,0,1
0,0,-22,0,0,0,0,0,0,0,0,0,-22,0,-58,0,0,0,94,0,-1
0,0,0,0,0,-24,0,0,0,0,100,0,-33,0,0,0,0,0,0,0,1
0,0,0,-37,0,-100,0,0,0,0,0,0,-22,-31,0,0,0,0,93,0,-1
0,0,-45,0,-9,0,87,0,0,0,0,0,-26,0,0,0,0,0,0,0,1
0,24,0,0,0,0,95,0,0,0,0,0,0,41,35,0,0,0,96,-75,1
0,47,0,0,0,0,0,0,0,0,0,0,0,-17,-57,0,0,0,0,-35,-1
0,43,-26,0,17,0,0,0,-32,0,-43,0,-21,-22,-54,-14,1,48,0,0,-1
0,24,0,0,0,0,96,0,0,-45,0,0,0,0,0,0,0,0,0,0,1
0,0,0,0,0,0,0,88,0,0,97,66,0,46,0,0,0,0,0,0,1
-30,0,0,16,0,-21,0,0,0,0,0,0,0,0,37,0,0,0,0,-81,1
0,0,-20,-34,0,0,0,0,0,-83,0,0,0,0,-57,0,0,0,0,0,-1
0,48,0,0,19,0,0,0,-32,0,0,0,0,0,0,0,0,0,0,0,-1
0,44,0,-35,0,0,1,0,0,-91,0,0,0,0,-54,0,0,0,0,0,-1
-35,0,-50,0,-10,0,91,0,0,0,0,0,0,0,0,0,0,98,0,0,1
-79,0,-28,0,0,0,1,0,0,0,0,0,0,0,0,-18,0,0,90,0,-1
0,0,0,0,0,-23,0,0,0,0,0,63,0,37,0,0,0,95,0,0,1
0,0,-51,0,0,0,0,89,0,0,0,58,-31,0,0,56,35,0,0,0,1
0,0,0,0,0,0,0,91,73,0,97,0,0,0,34,0,0,96,0,0,1
-35,22,0,0,0,-21,0,93,0,0,0,0,-31,0,0,62,38,99,0,0,1
-38,18,-54,0,0,0,0,0,0,0,0,0,0,0,29,0,0,0,0,0,1
0,0,-51,0,0,0,0,0,0,0,0,0,0,0,29,0,0,0,0,0,1
0,0,0,-38,0,0,0,52,0,0,0,0,0,0,-54,0,0,0,0,0,-1
0,0,-46,11,-12,0,0,0,0,0,0,74,0,0,0,0,0,0,0,0,1
0,51,0,-26,0,0,0,0,0,0,-48,21,0,0,0,0,0,0,0,0,-1
-78,0,0,0,0,0,0,0,0,-94,-43,0,0,0,0,0,1,0,0,0,-1
0,0,0,0,0,0,90,0,0,0,0,0,0,0,0,60,44,0,0,0,1
0,0,0,7,-10,0,89,0,0,0,96,68,-25,0,0,0,0,0,0,-80,1
0,0,0,0,0,0,0,0,72,0,0,0,0,0,0,0,0,0,95,0,1
0,52,-23,-30,21,0,1,0,0,0,0,19,0,0,0,-17,5,0,0,0,-1
-34,23,-50,13,0,0,0,0,0,0,0,0,0,0,0,60,0,0,0,0,1
0,0,0,0,18,-95,0,0,0,0,0,0,0,0,-55,0,1,0,0,0,-1
0,0,-51,0,0,-19,0,0,0,0,0,70,0,0,0,0,0,0,0,0,1
0,0,0,0,0,0,0,0,0,-40,97,0,-22,40,0,0,0,0,0,0,1
0,0,0,0,0,0,93,0,0,-42,0,65,0,46,29,0,0,0,0,-80,1
0,46,0,0,0,-94,0,51,0,-88,0,0,0,0,0,-17,0,52,0,0,-1
0,0,0,0,0,-20,0,0,0,0,0,0,0,40,0,0,0,0,0,0,1
0,25,0,15,0,0,0,0,0,0,94,0,0,0,0,0,0,0,0,-82,1
0,0,-26,0,0,0,0,0,-29,0,-46,0,0,-24,-58,0,0,0,0,-38,-1
0,0,0,0,0,0,0,0,0,-87,0,0,0,0,0,0,0,0,93,0,-1
-76,0,0,-29,0,0,0,0,0,0,0,16,0,0,0,0,0,0,95,-30,-1
0,0,0,-30,0,-92,0,0,0,-91,0,0,-21,0,0,0,3,0,0,-30,-1
0,0,0,13,0,0,0,87,0,0,0,0,0,0,0,0,0,0,0,0,1
-77,0,0,-29,21,0,0,0,0,0,0,0,0,-24,0,0,0,0,97,0,-1
0,0,0,0,0,0,0,0,0,0,-40,0,0,-24,0,-11,0,0,0,0,-1
-72,0,0,0,0,0,0,0,0,-86,0,0,0,-19,-56,0,1,0,0,0,-1
0,0,-21,0,0,0,0,0,0,0,0,0,0,-26,-57,0,0,46,99,0,-1
-70,0,0,0,0,-87,1,0,0,0,0,22,0,0,0,0,0,51,98,0,-1
0,29,0,0,-9,0,0,0,0,0,0,0,0,46,0,0,0,0,0,0,1
0,28,0,0,-7,-21,94,0,0,-42,0,0,0,0,0,0,0,0,0,0,1
-39,0,-52,0,-16,-25,0,0,0,0,0,0,0,0,0,0,0,0,0,0,1
0,0,0,0,0,0,91,91,0,0,0,64,0,0,0,0,0,101,0,0,1
-71,0,0,0,16,0,0,0,0,0,0,15,-16,0,0,0,1,0,0,-32,-1
0,0,0,0,0,0,90,0,0,0,0,0,0,0,0,0,0,95,0,0,1
-73,0,0,-29,0,-98,0,0,0,0,0,0,0,0,0,0,0,53,0,0,-1
0,0,-45,13,0,0,0,0,0,0,96,0,0,37,0,63,39,0,98,0,1
0,0,0,0,0,0,0,52,0,-86,0,18,0,-24,0,0,0,0,93,0,-1
0,0,0,-30,0,0,0,0,0,0,0,0,0,0,0,0,0,0,99,0,-1
0,0,0,0,0,0,0,0,0,0,-45,0,0,0,-54,0,0,49,0,0,-1
-38,0,0,0,0,0,0,0,0,-45,0,67,0,0,0,0,38,0,0,0,1
-77,47,0,0,0,0,0,0,0,-87,0,0,-21,0,0,0,0,0,0,-30,-1
0,26,0,0,-15,0,0,0,73,0,0,0,0,0,0,0,38,0,97,0,1
-72,0,-18,0,14,0,1,49,0,-89,0,20,0,0,0,0,3,0,0,0,-1
0,0,0,0,-12,-26,0,0,0,0,0,68,0,0,0,0,40,0,0,-83,1
0,0,0,0,0,0,0,52,-34,-90,0,14,-19,0,0,0,0,0,0,-36,-1
0,0,-24,0,0,0,2,52,0,0,0,0,0,0,0,0,0,0,93,0,-1
0,0,0,0,0,-28,0,0,0,-44,0,0,0,0,0,52,0,0,0,0,1
0,47,0,-28,22,0,1,52,0,-88,0,0,0,0,0,0,0,0,0,0,-1
0,0,0,0,0,0,0,54,-30,-89,0,18,0,0,0,-13,0,54,0,0,-1
0,0,0,0,0,0,0,0,0,0,0,0,0,-23,0,0,0,0,0,0,-1
0,0,0,0,20,-95,0,49,0,-90,0,0,0,0,0,0,-4,0,94,-38,-1
0,0,0,0,0,-19,0,94,74,0,0,0,0,0,0,0,0,0,0,0,1
-35,0,0,0,-12,-22,0,0,0,0,0,0,0,0,31,62,0,0,97,0,1
0,0,0,-35,0,-93,0,0,-31,0,0,11,-21,0,0,-17,4,0,0,0,-1
-73,0,-23,0,0,0,0,0,-29,0,-41,0,0,0,0,0,0,51,0,0,-1
0,0,-24,0,0,-97,-1,0,-31,0,0,0,-20,-23,-57,0,0,0,0,-38,-1
0,0,-47,10,0,0,0,0,78,0,101,64,-24,0,0,67,37,101,0,0,1
0,0,0,0,0,0,0,0,0,-86,0,23,0,-24,-50,0,0,0,94,-32,-1
0,0,0,0,0,-91,0,0,-29,0,-38,0,0,0,0,0,8,0,0,0,-1
-34,0,-46,0,-13,-18,0,0,0,0,0,0,0,0,29,66,0,98,97,0,1
-72,48,0,0,0,0,0,53,-33,0,0,0,-17,0,0,-15,0,0,0,0,-1
0,0,0,-28,0,0,0,0,0,0,0,0,-20,-23,-59,0,0,47,0,-33,-1
0,0,0,0,0,0,0,87,0,0,0,0,-25,0,0,0,0,0,96,0,1
0,0,-45,0,0,0,94,0,0,0,0,0,0,0,0,0,0,0,0,-78,1
0,0,-19,0,19,0,0,0,0,-92,0,0,0,0,0,0,0,0,0,0,-1
0,0,-44,10,0,0,91,0,0,0,0,0,-27,0,0,0,0,0,0,0,1
-76,43,0,0,0,0,0,0,0,0,0,0,0,0,-60,0,-5,41,0,-42,-1
0,0,0,0,0,0,0,0,0,0,0,66,0,0,31,0,0,0,102,0,1
0,0,-48,0,0,0,0,0,0,-44,93,0,0,0,0,0,40,0,0,0,1
0,0,0,0,0,0,0,0,-27,0,0,17,-19,0,0,0,0,0,93,-33,-1
0,0,-42,0,0,0,95,0,73,0,97,0,0,40,0,0,0,0,0,0,1
0,0,-17,0,0,-89,2,52,-28,0,0,0,-20,0,0,0,0,0,0,0,-1
0,0,0,0,0,0,0,0,0,0,-40,0,0,0,0,0,0,0,0,0,-1
-35,0,0,0,0,-19,0,0,71,0,0,62,0,0,0,59,0,0,97,0,1
0,49,-17,0,0,0,0,49,0,0,-42,0,-18,0,0,0,3,54,98,0,-1
0,0,0,0,0,0,0,86,0,-41,0,0,-30,34,0,0,0,0,0,0,1
0,21,0,0,0,-21,91,0,0,0,0,0,0,0,30,0,39,0,0,0,1
0,0,-47,0,0,0,97,0,0,0,98,0,0,0,0,60,0,0,0,0,1
0,0,0,5,-17,0,0,88,0,-47,0,0,0,0,0,0,0,0,95,0,1
0,0,0,0,16,0,3,0,0,0,0,0,0,-30,0,0,0,0,0,0,-1
-74,0,-24,0,15,0,0,0,-32,-91,0,0,-21,0,0,0,0,51,94,0,-1
0,0,-49,11,0,0,90,0,0,0,0,0,-27,0,26,57,0,0,0,0,1
0,49,0,0,0,0,0,0,0,0,-40,0,-23,0,0,0,2,0,0,0,-1
-79,0,0,0,15,0,-2,0,-37,-92,-51,0,0,-30,-56,-18,0,0,95,0,-1
0,49,0,0,0,-94,0,0,0,0,0,0,0,0,0,0,7,0,0,-32,-1
0,42,0,0,0,0,0,0,0,0,-41,0,0,-27,0,0,4,0,0,0,-1
0,0,0,0,0,-25,0,0,0,-44,0,0,0,0,0,58,0,96,87,0,1
0,0,0,0,0,0,94,89,72,0,95,0,0,0,0,0,40,0,95,-79,1
0,42,0,-33,16,0,0,0,0,0,0,0,0,0,0,0,0,52,98,0,-1
0,0,-23,0,0,0,0,0,0,0,0,0,-23,-25,-56,-19,0,0,0,0,-1
0,0,-48,7,0,0,90,86,0,-49,0,0,0,0,25,56,38,0,0,0,1
0,0,0,-28,0,0,0,52,0,0,0,0,0,0,-53,0,0,0,0,0,-1
0,0,0,0,0,0,0,0,-26,0,0,19,0,0,0,0,0,0,0,0,-1
0,16,-41,7,0,0,0,85,0,-44,0,69,0,0,0,61,0,0,0,0,1
-38,0,0,0,0,0,0,91,73,-45,95,0,0,0,0,0,0,0,98,0,1
0,0,-26,0,0,0,0,0,0,0,-43,0,0,0,-57,0,0,0,0,-33,-1
-38,0,0,0,-12,0,93,0,72,-45,0,69,0,35,0,0,0,0,0,0,1
0,0,-44,0,0,-20,0,0,0,0,105,0,-26,0,0,0,0,99,101,0,1
-80,0,0,0,0,0,0,0,0,0,0,0,-23,0,0,0,-1,0,0,0,-1
0,18,0,0,-12,-25,88,0,67,0,99,0,0,0,0,0,0,0,0,0,1
0,41,0,0,16,0,0,0,0,-89,0,0,-20,-27,-59,0,0,0,0,0,-1
-32,0,0,0,0,0,0,0,0,0,0,0,-27,0,0,0,0,0,97,-79,1
-66,0,0,0,0,0,0,0,0,0,0,0,0,0,-48,-8,0,0,98,-27,-1
0,0,0,0,-9,0,91,0,73,0,0,0,0,0,0,0,0,0,101,0,1
-73,45,0,0,0,0,0,0,-34,0,0,0,0,0,0,-13,0,0,93,-37,-1
0,0,0,0,0,0,0,0,0,0,-39,13,0,-26,0,0,2,0,0,0,-1
-72,0,0,0,0,0,0,0,0,0,0,0,0,0,0,-13,0,0,0,-35,-1
0,0,0,0,0,0,0,0,0,0,0,0,0,0,0,0,0,0,0,0,1
0,20,0,0,0,0,0,95,0,0,0,72,0,0,0,0,38,0,0,-83,1
0,45,0,0,0,0,0,0,-29,-83,0,0,0,0,0,0,0,0,0,0,-1
0,0,0,8,0,-21,0,92,75,0,0,0,-25,0,0,0,0,0,99,0,1
0,0,0,0,23,0,0,0,0,0,0,0,0,0,0,0,0,0,0,0,-1
-74,0,0,0,0,0,0,0,-27,0,0,0,-20,-21,-55,0,0,0,0,0,-1
0,0,-48,0,0,0,0,0,73,0,100,63,0,0,27,0,36,96,0,0,1
0,0,-50,0,0,-26,0,0,71,-45,94,64,0,40,0,0,0,0,0,0,1
0,0,0,14,0,0,0,86,81,0,0,75,0,0,34,0,0,95,102,0,1
0,0,0,0,0,0,0,91,73,-42,0,0,-29,0,30,0,0,0,0,0,1
0,19,-51,0,-10,0,0,87,0,-50,99,67,0,0,0,66,0,0,0,0,1
0,0,-50,0,-13,0,0,82,0,-44,0,71,0,0,0,0,0,98,0,0,1
0,0,0,0,0,-95,0,0,0,-88,0,23,0,0,0,0,0,49,96,0,-1
-32,20,-46,15,-12,0,0,0,0,0,98,0,0,0,0,0,0,0,0,0,1
0,0,0,0,0,0,0,0,0,0,0,0,0,0,0,0,0,100,90,0,1
0,0,0,0,0,0,0,0,0,0,0,0,0,0,-55,0,0,0,0,0,-1
0,0,-14,0,24,0,6,0,0,0,0,0,-20,0,0,0,7,0,97,0,-1
0,0,0,0,-14,-20,0,0,69,0,0,0,0,0,0,60,40,0,0,0,1
0,0,0,-34,18,0,0,0,-29,0,-45,0,-23,0,0,0,0,0,96,0,-1
0,0,0,0,22,-98,0,0,0,0,-48,22,0,-29,0,0,0,0,0,0,-1
0,0,0,0,0,0,0,0,0,0,-41,15,0,0,-51,0,0,0,0,0,-1
0,0,0,0,0,-89,0,0,0,0,-43,24,-21,0,-55,0,0,0,100,-32,-1
-77,0,0,0,0,0,0,0,0,0,0,15,0,-24,-56,0,0,0,0,0,-1
0,19,0,7,-14,0,0,0,0,0,0,0,-27,38,26,0,0,0,0,0,1
0,0,0,11,0,0,0,0,0,0,0,0,-34,0,0,0,0,0,0,0,1
0,0,0,0,-16,0,0,0,0,0,0,0,0,0,26,52,0,93,0,0,1
0,22,0,0,0,0,0,0,0,0,0,0,0,0,0,64,0,0,0,0,1
-76,0,0,0,19,0,0,53,0,-99,0,0,0,0,0,-13,1,0,0,0,-1
0,50,0,0,0,0,0,0,-25,0,0,20,0,0,0,-7,2,54,0,-34,-1
-73,0,0,0,0,0,0,0,0,0,-45,0,0,-27,-57,-9,3,0,94,0,-1
0,48,0,-30,0,0,2,0,0,0,0,0,-19,0,0,0,0,0,94,-34,-1
0,22,-49,0,0,0,0,0,0,0,0,0,-22,0,0,0,42,99,0,0,1
0,0,0,0,0,0,0,0,0,-50,100,0,0,0,0,0,0,97,0,0,1
0,0,0,10,0,-17,0,0,0,0,0,0,-25,42,0,62,0,0,0,0,1
0,0,-27,-32,0,0,0,0,0,0,0,0,-24,0,0,0,0,48,0,0,-1
0,0,-46,10,0,0,0,95,0,0,0,69,-25,44,0,0,0,0,0,0,1
0,27,-47,0,0,0,0,0,0,0,100,0,0,44,0,0,0,0,0,0,1
0,0,0,12,0,0,0,0,0,0,0,0,0,40,0,59,0,0,0,0,1
0,23,-49,0,0,0,0,0,0,0,0,0,0,42,0,0,40,0,95,-81,1
0,0,0,-33,22,0,0,0,0,-83,0,0,-23,0,0,-14,0,55,0,0,-1
0,21,0,0,0,0,0,0,0,-41,0,0,0,0,0,0,0,0,0,0,1
0,0,0,0,0,0,0,0,0,0,0,66,0,0,0,0,0,0,97,0,1
0,0,0,-30,0,0,0,0,0,0,0,0,0,0,0,0,0,57,0,-31,-1
0,47,0,0,0,0,0,0,0,0,-43,18,0,0,0,0,0,0,0,-36,-1
0,0,0,-29,0,0,0,47,0,-95,0,16,0,0,0,-17,1,0,95,0,-1
0,0,0,0,-9,-17,0,0,76,0,0,0,0,0,27,0,38,0,0,0,1
-74,46,0,0,0,0,1,0,0,0,0,0,0,-25,-55,0,4,0,0,0,-1
0,0,0,7,0,-24,0,0,0,-43,0,0,0,0,0,59,0,96,94,0,1
0,0,0,-34,0,0,-3,0,0,0,0,0,0,0,-59,0,0,44,0,0,-1
-38,0,-50,0,0,0,92,86,70,0,0,0,0,0,0,0,0,0,0,0,1
0,0,0,0,0,0,0,0,0,0,0,19,-19,0,0,0,0,0,94,-30,-1
-36,0,-53,0,0,-28,0,0,0,0,96,0,0,0,0,0,0,0,0,0,1
0,0,0,0,0,0,0,0,0,0,0,0,0,-26,0,0,0,0,0,-34,-1
0,0,0,0,-11,0,0,91,0,0,0,0,0,0,0,0,0,0,96,0,1
0,0,0,0,-11,0,0,89,0,0,0,64,0,0,32,61,0,96,97,0,1
0,21,-50,10,0,0,89,0,0,-44,96,0,-29,0,0,0,0,0,0,0,1
-76,0,-19,0,0,0,0,51,-33,0,0,0,0,0,-59,0,1,0,95,0,-1
0,49,0,-31,19,0,0,0,0,0,-43,0,-22,0,0,-14,0,0,92,0,-1
0,0,0,0,0,-21,0,0,0,0,0,0,0,0,0,0,39,0,0,0,1
0,0,0,0,0,0,0,90,0,0,94,0,0,0,28,0,0,99,0,0,1
0,0,0,10,0,0,0,0,71,-41,100,66,-31,43,32,0,0,0,0,0,1
-36,0,0,0,0,0,0,0,70,0,0,0,0,0,0,0,0,0,0,0,1
-32,19,0,0,0,0,0,0,0,0,99,0,-28,40,32,62,0,0,0,-76,1
0,0,0,0,0,0,0,0,0,0,0,0,0,44,0,0,0,0,0,0,1
0,0,-47,0,0,-19,0,0,69,0,98,0,0,48,0,0,0,0,0,0,1
0,0,0,0,0,-22,0,0,0,0,0,0,-24,0,31,62,0,0,97,0,1
0,0,0,0,0,-95,-1,0,0,-93,0,0,0,-29,0,0,0,0,0,0,-1
0,48,0,0,0,-97,3,0,0,0,0,0,0,0,0,0,1,0,93,0,-1
0,43,0,-30,0,-100,0,48,0,0,0,0,-26,0,0,0,0,0,0,-36,-1
0,0,0,0,0,0,0,0,0,-88,0,0,0,0,0,-15,0,0,0,0,-1
-41,0,0,0,0,0,0,88,68,0,0,0,0,0,0,0,0,89,0,-81,1
0,45,0,0,17,-93,-3,0,0,0,0,0,0,-22,-58,0,0,0,0,-27,-1
0,53,-19,-29,22,0,0,58,0,0,-41,0,-19,0,-55,0,0,0,0,-29,-1
-35,0,0,0,0,0,93,0,72,0,0,0,-30,0,0,0,0,0,0,-81,1
-75,0,0,0,0,0,0,0,-30,0,0,0,0,0,0,0,0,54,0,0,-1
0,53,0,0,20,0,2,0,-29,0,0,0,0,0,0,0,0,0,0,0,-1
0,49,0,0,0,-94,0,0,0,0,-42,0,0,0,0,-10,0,0,0,-33,-1
-69,0,-22,0,0,0,0,0,0,-94,0,17,0,-30,0,0,0,50,93,-33,-1
0,0,0,0,0,0,0,0,-32,0,0,17,0,-28,0,-15,0,0,0,0,-1
-79,44,-20,0,0,0,0,48,-31,0,-41,0,0,0,-56,0,0,48,0,-36,-1
0,24,0,0,-11,0,0,0,73,0,0,0,0,0,33,0,0,0,0,0,1
0,0,0,0,0,0,4,0,0,0,0,17,0,0,0,-17,4,0,0,0,-1
0,0,0,0,0,0,0,90,0,0,0,0,-29,39,26,0,0,0,0,0,1
-29,0,0,0,0,-18,95,0,0,0,0,74,0,0,0,0,37,0,98,0,1
-35,20,0,0,0,-25,0,86,0,0,0,70,0,38,0,0,38,0,0,-78,1
-32,0,-48,0,0,0,0,90,0,0,96,0,-30,0,0,61,0,0,0,0,1
0,46,0,-26,0,0,0,0,0,0,-39,22,-18,0,0,0,0,54,0,0,-1
-71,49,0,0,0,0,0,51,0,0,0,0,0,0,0,0,0,0,95,-30,-1
0,0,0,-29,17,0,-4,0,-35,0,0,16,0,0,0,-13,6,49,0,0,-1
-77,0,0,0,0,-94,0,0,0,-81,-41,22,0,-22,0,-14,0,0,0,0,-1
-39,0,0,0,0,0,86,0,0,0,0,62,0,0,0,0,0,0,0,-77,1
-76,0,0,0,0,0,0,0,0,0,0,21,-21,0,0,-17,0,0,94,-31,-1
-30,0,0,0,0,0,0,89,68,-47,0,0,0,0,0,0,0,0,0,-78,1
0,0,0,0,0,-20,0,0,0,0,96,0,0,39,0,0,42,0,0,0,1
-75,0,0,0,18,0,0,0,-31,-87,-41,0,0,0,0,0,0,0,0,0,-1
0,0,0,0,20,0,-4,0,0,0,0,0,0,-25,0,0,0,0,0,0,-1
-37,0,-54,11,0,0,0,0,0,0,0,0,0,0,0,0,0,0,0,0,1
0,47,0,0,0,0,-3,0,0,0,-44,21,-21,-29,0,-12,0,49,0,-36,-1
0,0,-55,0,0,0,0,0,0,-44,0,63,0,0,0,0,42,0,95,0,1
0,0,-45,0,0,0,0,91,75,0,0,0,-25,0,0,0,0,0,0,0,1
0,47,-21,0,0,0,0,0,-30,0,0,0,0,-24,0,0,0,0,98,0,-1
0,0,-21,0,20,0,0,0,-32,-88,0,0,0,0,-53,0,1,0,95,0,-1
0,42,0,0,0,-94,-3,54,0,0,0,0,0,0,0,0,3,0,0,0,-1
-31,22,-46,11,-12,0,0,0,72,0,93,0,0,0,0,0,0,0,0,-82,1
0,0,0,12,0,0,0,88,69,0,0,0,-28,0,0,0,0,0,0,-82,1
0,0,0,0,0,-93,0,0,0,-86,0,0,0,0,-61,0,0,0,93,0,-1
0,0,-51,7,-15,0,0,87,0,0,94,0,0,37,0,0,0,0,0,0,1
-31,0,0,0,0,-22,0,0,0,0,101,0,0,0,34,0,44,93,0,0,1
0,0,0,11,0,0,0,0,0,-45,0,0,0,0,0,0,0,0,0,0,1
0,0,0,-28,22,0,0,0,-26,-94,0,0,-23,0,0,0,0,0,97,0,-1
-33,0,0,0,0,0,91,0,76,-47,0,0,-27,39,0,0,0,0,0,0,1
0,0,-46,0,0,0,0,0,0,0,97,0,0,0,28,0,0,0,0,0,1
0,47,-19,0,0,-89,0,0,0,-85,-45,20,-18,0,0,-11,-1,0,99,0,-1
0,23,-49,0,0,-19,0,0,73,0,0,0,0,0,0,0,0,0,0,0,1
0,0,0,0,0,0,0,93,0,-43,0,0,-29,0,0,64,0,0,0,0,1
0,0,0,0,0,0,0,0,0,-44,0,0,0,0,0,0,41,94,0,-84,1
0,0,0,0,0,-24,91,87,0,-43,0,0,0,36,0,0,0,88,0,0,1
0,0,0,12,-13,0,0,91,0,0,0,0,-27,0,0,0,0,96,0,-81,1
0,0,0,0,0,0,0,0,0,-45,0,0,-25,0,0,0,0,0,0,0,1
0,0,0,0,0,-26,90,0,72,-44,0,0,0,0,0,57,39,0,0,-85,1
-74,0,-22,0,16,0,0,49,0,0,0,0,0,0,0,0,0,0,92,0,-1
0,0,-53,0,0,0,0,93,0,-47,0,67,0,0,0,60,0,0,0,0,1
0,0,0,0,0,0,94,0,72,0,0,0,-23,0,0,0,38,100,96,-79,1
0,24,0,0,0,-18,98,0,0,0,97,0,0,0,0,0,0,100,0,-77,1
0,48,-24,-32,0,-95,0,0,0,-86,0,0,0,0,0,-15,0,0,0,0,-1
-31,21,-49,0,0,0,91,94,0,0,0,66,0,39,27,64,0,97,0,-80,1
0,47,0,-31,25,0,0,0,0,0,0,0,-13,-28,0,-9,0,0,0,0,-1
-78,0,0,-34,20,0,0,0,-31,0,0,0,0,0,0,0,0,49,94,-30,-1
0,0,-23,-30,0,0,0,0,0,-88,0,0,0,-26,0,-16,0,0,0,0,-1
-73,0,0,0,0,0,0,51,0,0,-41,19,0,0,0,0,1,50,0,0,-1
-35,0,0,0,0,0,0,91,72,0,0,0,0,0,29,0,0,99,0,0,1
0,0,0,0,0,0,0,0,0,0,0,0,0,39,0,0,37,0,0,0,1
0,0,-52,9,0,-19,87,0,0,0,0,0,0,0,0,0,0,0,0,0,1
0,0,-15,0,0,0,0,51,0,0,0,0,0,0,-55,-11,7,52,0,-31,-1
0,0,0,0,0,0,0,0,0,-47,0,0,-30,42,0,0,0,0,94,0,1
-42,24,0,0,0,-22,87,0,0,-45,0,0,0,46,0,0,0,96,97,0,1
-76,0,0,0,0,0,-4,50,0,-92,0,18,0,0,0,-15,0,50,0,0,-1
0,0,0,0,0,-23,92,0,0,0,0,66,0,0,0,60,35,0,0,0,1
0,0,0,0,0,0,0,0,0,0,0,0,-17,0,0,0,7,0,0,0,-1
0,0,0,0,0,0,0,0,0,0,0,0,0,0,0,0,0,0,0,0,-1
-37,0,0,5,0,-22,88,89,70,0,0,0,-25,0,0,0,0,0,92,-77,1
0,0,0,0,-8,0,0,0,74,0,0,0,0,41,0,0,0,0,0,0,1
0,0,0,0,-11,0,0,0,0,0,0,0,0,0,0,0,0,0,0,0,1
0,49,0,-29,0,0,0,0,-27,0,0,0,0,0,0,0,0,0,0,0,-1
0,0,-17,0,0,0,-7,0,-32,0,0,18,-24,0,0,0,0,0,0,0,-1
0,21,0,15,0,0,0,0,0,0,0,63,0,0,0,0,0,0,90,-80,1
0,24,0,0,0,-20,0,0,0,-40,0,0,0,0,0,60,0,0,102,0,1
0,0,-49,0,0,0,0,0,0,0,97,0,0,41,0,60,0,0,0,0,1
-74,0,-20,0,0,-93,-3,0,0,0,0,16,0,-24,0,0,0,0,96,0,-1
0,0,0,0,0,0,0,0,-27,-89,0,0,0,-22,0,0,1,0,0,0,-1
0,0,0,0,0,-22,0,0,0,0,0,0,-30,0,0,0,39,0,0,0,1
0,0,0,0,0,0,0,58,0,0,0,24,-21,0,0,0,0,0,0,0,-1
0,0,0,0,-13,-24,0,0,0,0,0,0,0,0,0,0,0,96,0,0,1
0,0,0,0,0,0,0,0,0,0,99,0,0,0,0,0,0,0,0,0,1
0,0,0,0,0,0,0,0,79,0,0,64,0,0,0,0,37,0,91,0,1
-38,0,0,0,0,0,0,89,0,0,0,0,-31,0,28,0,0,0,0,-86,1
0,0,0,0,0,-21,0,0,0,-43,0,0,0,0,0,66,39,98,0,-75,1
0,0,0,0,0,0,88,0,73,-47,0,0,0,0,0,0,0,0,0,0,1
0,0,0,0,0,0,-3,0,-30,0,0,21,0,-30,0,0,0,0,0,0,-1
-76,43,0,-32,17,0,0,0,0,0,0,0,0,-31,0,0,0,0,0,0,-1
0,16,0,0,0,0,93,90,0,-46,0,0,0,0,0,0,31,98,90,0,1
0,0,0,-36,0,-95,0,0,0,-89,0,0,0,0,-54,-17,1,0,0,0,-1
0,0,-25,0,0,0,0,0,0,0,-41,0,0,0,0,-17,2,0,0,0,-1
0,0,-48,0,0,0,0,88,0,0,97,0,0,40,29,0,40,0,0,0,1
0,0,-49,0,0,0,0,88,0,0,94,0,-29,0,0,0,40,0,0,0,1
0,19,0,0,0,0,0,0,0,-47,96,0,-28,0,29,0,0,93,0,0,1
0,26,0,0,0,-20,0,96,0,0,0,0,0,0,30,0,43,0,0,0,1
0,0,0,0,-4,0,0,89,0,0,96,69,-30,41,0,66,0,0,0,0,1
-72,0,0,0,0,-91,0,59,0,0,-39,0,0,-27,-52,-16,0,0,0,0,-1
-79,41,0,0,0,0,0,0,0,-87,0,16,-21,0,0,0,0,0,92,0,-1
0,0,0,0,-9,-23,0,90,0,0,0,65,0,0,0,63,0,0,95,0,1
0,0,0,0,22,0,0,0,0,0,0,0,0,0,-57,0,0,0,0,-31,-1
-75,45,0,0,0,0,-2,0,0,0,0,19,0,0,0,-16,0,0,97,-36,-1
0,0,0,0,0,-94,-3,59,0,0,0,0,-21,0,-56,0,0,0,0,0,-1
0,0,0,0,0,0,0,0,0,0,0,0,-23,-26,0,-14,0,0,0,0,-1
-75,0,-21,0,0,0,0,0,0,0,0,0,-18,-29,0,-15,0,52,0,-33,-1
0,0,-21,-29,0,0,0,0,-34,0,0,19,-25,0,0,0,2,46,91,0,-1
0,22,-50,0,-15,0,93,0,0,-44,0,0,0,0,0,0,0,0,0,-82,1
0,0,-55,0,0,0,0,86,0,0,94,0,0,0,23,0,34,96,0,0,1
0,0,-20,-35,0,0,0,48,0,-88,0,17,0,0,-55,-14,0,0,0,-34,-1
0,40,0,0,0,0,0,0,0,0,0,0,-21,-29,-57,0,4,50,91,0,-1
0,0,-45,10,0,0,0,0,0,0,95,0,0,44,0,0,0,0,0,0,1
0,30,0,11,0,0,0,85,69,-49,0,68,0,45,0,0,0,0,0,0,1
-73,0,0,0,0,0,0,53,0,0,0,0,0,-31,0,0,0,0,0,0,-1
0,0,-46,0,0,0,0,84,0,0,0,0,-26,41,0,0,42,0,97,0,1
0,0,-15,0,0,0,0,59,0,0,-38,0,-23,0,0,0,0,51,0,-30,-1
0,0,-46,0,0,0,0,0,0,-45,98,72,0,0,0,0,0,98,98,-83,1
0,0,-47,0,-14,0,0,88,0,0,0,0,-27,0,0,0,0,100,0,0,1
-37,0,0,0,0,0,0,0,71,0,0,67,0,45,0,0,0,96,95,0,1
-72,44,0,0,0,-93,0,51,0,-90,0,0,-22,0,0,0,0,0,95,-35,-1
0,0,0,0,0,0,-1,0,0,0,0,0,0,-23,0,0,0,0,96,-38,-1
0,0,0,0,0,0,0,0,0,0,0,62,0,34,0,0,0,0,92,0,1
0,0,0,0,0,-22,0,92,0,-38,0,0,0,0,0,0,0,0,94,0,1
0,0,0,0,17,0,0,0,-32,0,0,0,-25,-26,0,0,0,53,95,0,-1
0,0,0,-34,0,0,0,0,0,0,0,0,0,0,0,0,0,55,0,0,-1
0,0,0,0,0,-97,-1,0,0,0,0,0,0,-28,0,0,0,0,0,-37,-1
0,0,0,0,0,-94,5,0,-29,-90,0,18,0,0,-57,0,5,0,0,0,-1
0,0,-22,-33,0,0,0,48,0,-84,-43,0,0,0,0,-16,0,0,0,0,-1
0,0,0,12,0,0,0,0,0,0,0,0,0,0,0,55,0,0,92,0,1
0,0,0,-36,0,0,0,0,0,0,0,0,0,0,0,0,0,0,0,0,-1
0,0,0,0,18,0,0,0,0,0,0,21,0,0,-55,0,0,0,0,-32,-1
0,0,0,5,-13,0,0,90,0,0,97,0,0,0,0,0,0,0,0,0,1
0,18,0,0,0,0,0,86,0,0,93,66,-27,0,0,60,0,0,0,0,1
-74,0,0,0,22,0,0,52,0,0,0,0,0,-24,-53,-14,0,0,94,0,-1
0,17,0,7,-10,-24,90,0,71,-47,0,0,-29,0,0,0,39,0,0,-82,1
0,18,-46,0,0,-17,0,95,0,0,99,0,-25,0,0,0,0,0,101,0,1
-33,0,0,0,0,0,94,94,0,0,0,0,0,0,0,0,0,0,0,0,1
0,0,0,0,0,0,0,59,0,-89,0,0,0,0,0,-15,0,0,0,0,-1
-34,0,-50,0,-7,0,0,0,0,0,97,0,0,0,0,0,0,0,0,0,1
-37,24,-47,0,0,0,0,0,76,-47,0,0,0,0,0,0,0,98,0,0,1
0,0,0,0,0,0,0,0,0,-42,0,65,0,0,0,0,0,98,0,-87,1
-30,0,0,0,0,0,0,0,0,0,0,73,0,41,0,64,0,99,96,0,1
-82,0,-25,0,0,0,0,0,-34,0,0,0,0,-30,-60,0,0,0,0,-39,-1
0,0,0,0,0,0,0,0,0,0,0,0,0,0,0,0,0,0,98,0,-1
0,0,0,-28,0,0,0,0,-36,0,-46,0,-23,0,0,0,0,0,0,0,-1
0,0,0,0,0,0,0,0,65,-45,0,0,-33,0,0,61,32,91,0,0,1
0,22,0,0,0,0,0,86,0,-45,0,63,-31,38,0,0,0,0,0,0,1
0,0,-51,0,0,0,0,92,0,0,96,66,0,0,0,0,0,98,0,0,1
-70,0,-18,0,0,0,0,0,0,0,0,0,-21,0,0,0,0,0,0,0,-1
0,0,-17,-29,0,-89,0,56,-29,0,0,0,0,0,0,0,8,0,95,-25,-1
0,44,-23,0,0,0,-3,47,0,0,0,16,-21,-25,0,0,0,0,95,0,-1
0,0,0,0,-8,0,0,0,72,0,0,63,0,0,0,59,0,100,93,0,1
0,0,-23,0,0,-95,0,0,0,0,0,0,-18,0,0,0,0,0,0,-30,-1
-75,0,0,0,0,0,0,0,0,-90,0,0,0,0,0,-18,0,0,94,0,-1
0,0,0,0,0,0,0,0,0,0,95,0,0,0,0,0,0,0,0,0,1
0,0,-19,0,17,0,0,0,0,0,0,0,0,0,0,-18,0,0,0,0,-1
0,0,-48,0,-12,0,0,0,0,0,0,0,0,0,0,0,0,99,0,0,1
0,0,0,-31,19,0,-7,0,0,-91,-37,19,-23,0,0,0,5,0,0,-34,-1
-72,0,0,0,0,-91,0,53,0,0,-37,18,0,0,0,0,7,52,96,-30,-1
0,0,0,-33,16,0,0,0,0,0,-46,18,-25,0,0,0,0,47,0,0,-1
-40,0,0,8,0,0,0,0,0,0,97,60,0,0,0,0,0,0,0,0,1
-77,0,-22,0,0,-94,0,0,-34,0,-46,0,0,0,0,0,0,0,0,0,-1
0,0,0,8,0,0,90,0,0,-50,0,0,0,38,0,65,0,0,98,0,1
-41,0,0,0,-15,0,0,0,0,0,0,0,0,36,0,0,34,0,0,0,1
-39,25,-48,9,0,0,0,0,66,0,0,0,-32,0,32,62,0,98,97,0,1
0,0,-51,0,0,0,0,0,0,0,96,0,0,39,0,63,34,0,0,0,1
-36,20,0,0,0,-26,0,0,0,0,0,0,0,46,0,0,0,104,98,0,1
0,20,0,14,0,0,0,0,0,-46,0,0,0,0,0,0,38,0,0,0,1
0,0,0,0,12,0,0,0,0,0,0,0,-26,0,-64,-12,0,49,0,-34,-1
0,48,0,0,0,0,0,0,0,0,-40,18,0,-26,0,-15,0,52,0,0,-1
0,23,0,10,0,0,98,0,0,0,0,0,0,0,28,0,0,0,0,0,1
0,0,-22,0,0,0,0,0,0,-93,0,0,0,0,0,0,0,0,0,0,-1
0,0,-23,0,16,0,0,0,0,0,0,0,0,0,0,0,0,0,96,0,-1
0,0,0,0,0,0,0,94,0,0,98,0,0,45,0,0,39,95,0,0,1
0,0,0,0,19,0,-2,0,-30,-89,0,0,-21,0,0,0,0,0,0,0,-1
-35,0,0,0,0,0,0,85,73,-44,0,0,0,40,0,62,0,96,0,0,1
0,0,0,9,0,0,0,0,0,0,0,0,-32,38,29,60,0,0,0,-80,1
0,43,-21,-34,0,-98,0,0,0,-83,0,0,0,-24,-59,-11,0,0,95,-34,-1
0,46,0,0,0,0,0,0,0,-88,0,0,-20,0,0,0,0,50,95,0,-1
0,0,0,0,0,-22,0,0,0,0,95,62,0,40,0,0,0,0,0,0,1
0,0,-19,0,22,-95,0,0,0,0,0,0,0,0,0,0,0,53,95,-29,-1
0,47,0,0,0,-93,0,0,0,0,0,0,0,0,0,0,4,0,0,0,-1
-70,46,0,0,0,0,0,0,0,-85,-39,0,0,0,-57,0,0,0,98,-35,-1
0,0,0,0,-12,0,0,0,0,-45,0,0,0,0,28,68,0,105,0,0,1
0,0,0,-33,0,0,0,50,0,-87,0,0,-22,0,0,0,0,51,0,0,-1
-81,0,0,0,0,0,0,0,0,0,0,0,-22,0,0,0,-5,0,0,0,-1
-77,0,0,0,17,0,0,0,0,0,-44,0,0,0,0,0,0,0,0,-41,-1
0,0,0,9,0,0,0,0,0,0,0,66,0,0,0,68,0,0,0,0,1
0,0,0,0,-13,-19,0,0,0,0,0,68,0,0,27,0,0,0,97,0,1
-73,44,-20,0,19,0,0,0,0,0,0,0,-20,0,0,-18,0,0,0,-32,-1
0,27,0,10,0,0,0,0,0,0,95,0,0,43,0,65,41,0,0,0,1
0,0,-52,0,-12,0,0,0,0,0,93,0,0,0,31,0,0,0,0,-84,1
0,0,0,-29,20,0,0,0,-27,-85,-40,0,0,0,0,0,0,0,0,-32,-1
-38,26,0,0,-11,0,0,0,0,0,0,0,-29,0,0,0,0,0,0,0,1
0,48,-20,-33,20,0,-4,0,0,-88,0,0,0,0,0,0,7,0,0,0,-1
0,19,0,0,0,0,0,93,74,-43,95,70,-26,43,31,0,0,0,0,0,1
0,48,0,0,21,0,0,0,0,0,0,0,0,0,0,0,0,0,100,0,-1
0,0,0,0,0,-19,0,0,0,0,0,0,0,0,0,0,0,0,97,0,1
-70,43,0,0,23,0,0,0,-29,0,-34,21,0,0,-55,0,0,0,0,-28,-1
-40,0,0,0,0,0,0,0,0,0,0,0,0,40,24,0,0,0,0,0,1
-37,0,0,0,0,0,0,0,0,0,0,64,0,38,30,0,0,0,0,0,1
0,0,-20,0,0,0,0,0,-33,-92,0,0,0,0,0,0,0,0,0,0,-1
-38,0,0,0,0,0,0,0,0,0,0,0,0,39,0,0,0,0,92,0,1
-33,18,-50,8,0,0,0,0,69,0,0,0,0,0,0,0,39,0,0,0,1
0,0,0,0,-6,-21,0,0,0,0,0,0,0,46,0,0,0,0,0,-79,1
0,0,0,0,-14,-20,0,0,0,0,95,0,0,0,0,0,38,0,0,0,1
0,45,0,-31,18,0,0,0,0,0,0,0,0,0,0,0,3,0,96,0,-1
0,17,0,0,0,-21,0,0,0,0,0,0,0,38,0,0,0,98,0,0,1
-36,0,0,0,-9,0,0,0,0,0,97,0,0,0,0,0,44,0,0,0,1
0,0,0,0,0,0,0,0,0,-45,0,63,0,37,0,68,0,101,0,0,1
0,0,0,0,0,0,0,88,0,0,97,64,0,40,0,0,0,0,0,0,1
-35,25,-52,0,0,0,93,0,0,-44,102,66,0,43,0,0,0,0,94,0,1
-32,0,0,0,0,0,0,0,70,-44,0,0,0,0,0,0,0,0,0,0,1
0,0,-48,0,0,0,98,0,0,0,0,69,0,0,0,0,0,0,96,-79,1
0,0,0,0,0,0,0,0,0,-90,0,0,-23,0,-61,0,0,50,0,0,-1
0,23,0,0,0,-20,95,0,0,0,0,0,0,0,0,0,0,97,0,0,1
0,0,-25,0,0,0,0,0,0,0,-42,19,0,0,0,-17,-1,49,0,0,-1
0,0,0,0,0,-92,0,0,0,0,0,0,-23,-24,0,-17,2,0,0,0,-1
-75,0,0,-31,0,0,0,0,-32,0,0,0,0,0,0,0,0,55,0,0,-1
0,50,0,0,0,-90,3,0,0,0,-44,0,0,0,-54,0,0,0,0,0,-1
-32,0,0,0,0,0,94,0,66,0,0,65,0,0,0,63,0,0,0,0,1
-73,0,-18,0,22,0,0,0,0,0,0,0,-20,0,0,0,0,0,0,0,-1
0,0,0,0,0,-94,0,53,0,-91,0,18,0,0,0,0,0,0,0,-34,-1
0,21,0,0,-9,0,95,86,0,0,0,69,0,0,0,68,0,0,102,0,1
0,46,0,-29,0,-93,3,0,0,0,0,0,0,0,-56,0,0,0,0,0,-1
0,0,0,0,0,0,89,0,0,0,98,0,0,0,0,0,41,0,0,0,1
0,24,0,11,0,0,0,0,0,-48,0,0,0,41,0,0,0,97,0,0,1
0,43,0,-37,19,0,-6,0,0,-96,0,0,0,0,0,0,2,0,89,0,-1
0,0,-47,0,0,0,0,0,0,-44,0,0,0,0,0,0,0,0,0,0,1
0,0,0,0,0,-24,0,92,70,-39,103,0,0,0,0,68,0,0,0,-78,1
0,50,0,0,0,-94,0,55,0,0,0,20,0,-23,0,0,0,0,0,-31,-1
0,0,0,0,22,0,0,0,0,-86,0,0,-14,0,0,0,0,0,100,0,-1
0,0,0,0,0,0,1,0,-35,0,0,0,0,-22,0,0,0,0,0,0,-1
0,0,0,-35,0,0,0,0,0,0,0,0,-24,0,0,0,0,0,0,0,-1
0,22,0,0,-12,-20,0,88,0,0,102,66,0,37,0,0,0,0,0,0,1
0,0,0,0,0,0,0,52,0,0,0,18,0,0,0,0,0,48,0,-29,-1
0,44,0,-31,20,0,1,0,0,0,0,0,0,-32,0,0,0,0,0,0,-1
0,0,-44,0,0,-21,0,0,0,0,0,0,0,0,0,0,43,0,0,0,1
0,0,0,0,0,0,0,0,0,0,-40,17,0,0,0,0,0,50,0,-32,-1
0,40,0,0,0,-99,0,42,0,-94,0,0,-29,0,-58,-13,0,44,0,0,-1
0,0,0,15,0,-17,0,0,0,-43,0,0,0,0,33,64,0,0,0,0,1
0,0,0,0,-12,0,0,0,0,0,0,70,0,0,0,60,0,0,0,0,1
-30,0,0,17,0,0,0,0,0,0,0,0,0,0,28,63,42,0,0,0,1
0,0,-47,12,-8,-17,0,0,0,0,0,69,0,0,0,0,45,0,0,-77,1
0,0,-20,-32,20,0,0,0,0,0,-46,0,-25,-23,0,0,-1,0,0,0,-1
0,0,-10,-33,22,0,0,0,0,-83,-35,19,-16,-24,0,0,0,0,0,0,-1
0,0,0,-34,0,0,0,59,0,0,0,0,0,-25,0,0,0,0,0,0,-1
0,0,-50,0,-9,0,92,0,74,-43,0,0,-30,0,0,0,0,0,0,0,1
0,0,0,0,0,0,0,44,0,0,-39,0,0,0,0,0,0,0,0,0,-1
-72,0,-16,-29,20,0,0,56,0,0,0,27,0,0,0,0,0,0,0,-35,-1
0,52,-24,0,11,0,-3,0,-31,0,0,0,-23,0,-57,0,2,0,0,0,-1
0,0,0,0,0,0,0,87,0,-49,0,0,-32,0,28,0,33,0,0,0,1
0,0,0,0,0,0,0,53,0,-87,0,19,0,0,0,-11,0,0,0,0,-1
0,0,-42,0,0,0,0,0,73,0,101,0,-25,0,0,0,0,94,0,-83,1
0,0,0,0,0,0,0,57,0,0,0,0,0,0,0,-18,0,52,0,0,-1
0,51,0,0,0,0,0,0,0,0,0,0,0,0,0,0,0,51,96,0,-1
0,0,-55,0,0,0,0,0,0,-45,0,0,0,0,0,0,0,94,98,0,1
0,27,0,0,-8,0,0,0,0,0,0,69,0,0,0,0,0,0,0,0,1
0,44,-20,-29,0,0,-3,52,0,0,0,0,-21,0,0,-14,0,0,0,0,-1
-34,0,-46,17,-12,0,0,91,0,-45,0,0,-24,0,0,0,0,100,94,-78,1
0,0,0,0,0,0,0,0,77,0,100,0,0,45,32,0,0,0,0,-79,1
0,0,0,0,0,0,0,0,0,0,-42,0,-23,0,0,0,0,53,98,0,-1
0,21,-47,0,0,0,0,0,72,0,103,0,0,0,33,0,0,0,98,0,1
0,0,0,0,0,0,-1,0,-28,0,-44,0,0,0,0,0,7,0,0,-29,-1
0,0,-44,11,-9,0,94,0,0,0,0,0,0,0,0,63,34,0,0,0,1
0,0,0,-32,0,-96,-4,0,0,0,0,0,0,-28,-60,0,0,0,0,-39,-1
0,0,0,0,0,0,0,53,0,-85,0,0,0,0,0,0,3,0,0,-36,-1
0,0,0,0,0,0,0,0,-31,0,0,0,0,0,0,0,2,0,0,0,-1
0,0,-24,0,0,0,0,0,0,0,-47,0,0,0,-60,0,1,42,0,-34,-1
0,0,0,0,-12,0,0,0,0,0,0,0,0,0,0,63,0,0,0,-82,1
0,0,0,0,0,-24,0,0,0,0,98,0,0,0,0,62,40,0,0,-84,1
0,0,-43,0,0,0,0,88,0,-46,93,0,-30,0,0,0,38,0,0,0,1
0,0,0,0,0,0,0,0,0,0,0,0,0,-24,0,0,0,0,0,-33,-1
0,0,-46,0,-11,0,0,0,0,0,99,0,0,0,0,0,0,0,0,0,1
0,0,0,12,-15,0,0,87,0,-44,0,0,0,0,0,0,0,0,0,0,1
0,0,0,7,-14,0,0,0,0,-48,95,0,0,0,0,0,0,0,0,0,1
0,0,-51,0,0,-19,0,90,0,0,0,0,0,0,0,0,0,96,0,0,1
-79,0,0,0,0,0,0,0,-32,0,0,0,0,-24,0,-15,0,0,94,0,-1
-77,0,0,-27,0,0,0,0,0,0,0,24,0,-22,0,0,0,0,0,0,-1
-74,0,0,-28,18,0,0,0,0,-86,-35,0,0,0,0,0,3,51,0,0,-1
0,0,0,0,0,0,0,0,0,0,0,0,0,0,-56,0,0,0,0,-36,-1
0,44,-26,0,0,0,0,0,0,0,0,0,0,0,0,-15,0,52,0,0,-1
0,0,0,0,0,-21,0,90,0,0,0,0,0,0,0,0,0,0,0,0,1
0,0,0,0,0,0,0,0,0,0,0,0,-22,0,0,0,0,53,0,0,-1
-78,0,0,-34,0,0,0,0,0,-88,0,0,0,0,-62,0,4,0,0,-33,-1
0,47,0,0,0,0,-1,0,0,0,0,0,-24,0,0,0,0,0,0,-34,-1
0,0,-24,0,17,0,0,47,0,0,0,18,0,0,0,0,2,0,95,-36,-1
-34,0,0,0,0,0,0,0,0,0,0,0,0,0,28,60,0,0,0,0,1
0,0,-49,10,0,0,91,0,0,0,0,0,0,0,30,0,0,0,0,0,1
0,21,0,0,0,0,92,90,65,0,0,0,0,38,0,0,0,97,0,0,1
0,0,-48,0,0,0,0,0,0,0,95,68,-28,0,0,0,0,104,0,0,1
0,0,-22,0,16,0,0,48,0,0,-41,0,0,-28,0,0,0,0,0,0,-1
0,0,0,6,0,0,0,0,0,0,0,0,0,0,27,59,0,0,0,0,1
0,0,-21,0,0,-93,0,0,0,0,0,0,0,0,0,0,0,0,0,-33,-1
-70,0,0,-32,0,-95,0,0,0,0,0,0,0,0,-54,0,0,0,0,0,-1
-37,0,-50,10,0,0,0,0,0,0,0,0,0,36,0,0,0,0,0,0,1
0,0,0,0,-14,0,0,0,0,0,0,65,0,0,26,0,0,0,0,0,1
0,50,0,0,0,0,0,55,0,-83,0,16,0,0,0,-14,4,53,0,0,-1
0,47,0,0,12,0,0,0,0,0,0,0,0,0,-53,-15,0,0,0,0,-1
0,0,0,10,0,0,0,85,0,-42,0,0,0,0,0,59,32,91,89,-81,1
0,0,0,0,16,-94,-2,0,0,-89,-38,21,0,-24,0,0,0,0,0,-35,-1
0,0,0,0,0,0,0,90,0,-42,94,0,0,0,0,0,0,96,0,0,1
-27,0,0,0,0,0,0,0,79,0,0,0,0,0,31,0,43,99,100,0,1
0,0,0,-32,0,0,-2,0,0,-88,0,18,0,0,0,0,0,0,0,0,-1
0,46,0,0,0,0,0,57,-32,0,-48,26,0,-19,-53,-8,0,0,0,0,-1
-36,21,0,0,0,0,0,0,0,0,0,0,0,0,0,62,0,95,97,-86,1
-32,0,-44,9,0,0,0,0,0,0,0,66,0,40,32,0,0,99,0,-85,1
0,51,0,0,0,0,0,0,0,-86,0,18,0,0,0,0,0,0,96,-33,-1
0,0,0,0,0,0,0,0,0,0,0,0,0,0,0,0,0,0,0,0,1
-30,0,-48,0,0,-14,0,0,0,0,0,0,0,0,0,63,0,96,0,-74,1
-41,0,0,0,0,0,89,0,0,-41,0,0,0,0,32,0,0,98,95,0,1
0,23,-48,10,0,-23,0,92,0,0,0,0,-30,0,0,0,0,0,98,0,1
-36,0,0,12,-17,0,0,0,0,0,0,68,0,43,0,0,0,0,0,-81,1
