-4.682088e-05,-8.228248e-05
-6.5380104e-06,-7.133619e-05
9.063509e-05,7.662367e-05
8.260541e-05,-0.00013236828
-0.00017524445,0.0001002449
5.4480945e-05,0.00018951608
-7.693574e-05,-0.0001403096
-6.324675e-05,-5.5887365e-05
-0.00012332315,-4.395035e-05
9.147872e-05,2.6504093e-05
-0.00013833701,6.8551184e-05
4.5609093e-05,-4.6137426e-05
9.470031e-06,-0.00015428117
0.00024793696,4.5686676e-05
-3.1387277e-05,2.103738e-06
9.607931e-05,5.8482897e-06
-4.4603217e-05,3.1919713e-05
8.411686e-05,-0.0001532762
-2.8158425e-05,0.00017444526
-6.742389e-05,5.8840124e-05
0.00018043634,0.00020562502
0.00014545817,-1.3841168e-05
3.4287186e-05,-7.2761846e-05
-0.0001403946,-0.00012406112
-4.4348213e-05,-4.732516e-06
7.576843e-05,-1.5208592e-05
-2.71279e-05,-5.9984e-05
-0.00020269041,3.303424e-05
-3.30831e-05,-3.4942161e-06
2.8974804e-05,-6.0626993e-05
-2.6840427e-05,0.00011914775
1.576133e-05,0.00011748247
0.000132091,-8.480373e-05
7.457074e-05,-3.116213e-05
-0.00010510653,-0.000107649685
4.5060966e-05,4.087408e-05
-0.00014295414,0.00010174272
-8.177073e-06,-3.839184e-05
-2.3822517e-05,8.788617e-07
5.2046835e-05,4.037045e-05
-4.0178216e-05,-6.972452e-05
6.459827e-05,-2.7553313e-05
-3.792103e-05,0.00019680349
2.0249694e-05,3.7269725e-05
9.8134595e-05,7.3646224e-05
0.00014113008,-1.26517725e-05
5.5315733e-05,-8.15536e-05
5.387025e-05,-0.00022177948
-9.062922e-05,-0.00014621248
-6.775648e-05,0.00015228038
-2.2606551e-05,-8.786303e-05
-9.7160475e-05,5.4164852e-06
6.109074e-06,0.00011738153
0.00011435913,3.858847e-05
5.3404707e-05,5.435937e-05
-2.668553e-05,-4.0340015e-05
-2.254045e-05,-6.1499835e-05
0.00014237827,0.00011376763
-6.5502456e-05,9.621732e-05
6.467164e-05,4.975071e-05
-0.000121200595,-0.00018179926
9.067543e-05,0.00010290279
4.971298e-05,0.00016056532
-9.454118e-06,1.9657115e-05
0.00010864441,5.3417694e-05
3.6750636e-05,-0.00025464944
-1.0733232e-05,-1.1267745e-05
-9.549128e-07,-5.4141954e-05
-9.4413925e-05,5.361886e-05
-4.156532e-05,3.2346932e-05
4.49468e-05,0.00024772328
-1.8050938e-05,8.263587e-07
-4.380744e-05,0.000109101864
1.2117859e-05,-5.3489297e-05
0.00014629775,-0.00010113785
1.2499566e-05,-0.0001671814
0.00017232326,7.009365e-05
0.00018796232,0.00016803757
-4.1346557e-05,-5.1397925e-05
-4.4832486e-05,-4.3450025e-05
4.9726743e-05,4.496306e-05
-4.246837e-05,-0.00017277234
-6.0376686e-05,4.8052356e-05
1.959036e-05,0.0001535082
-9.515613e-06,-0.000121880425
-9.7326076e-05,0.00013376088
-2.301789e-06,-7.9542246e-05
6.154326e-05,-6.414693e-05
-4.798217e-05,-7.9414065e-05
-7.079227e-05,-1.6170034e-05
3.1143063e-05,-0.00023585939
9.068248e-05,0.00013283003
5.3113687e-05,6.3290085e-05
6.921332e-05,-0.000117133175
8.616722e-05,-0.00021067748
-4.707399e-05,-5.0277922e-05
-2.7729842e-05,0.00011570842
0.000113110196,-0.00011282022
-2.683606e-05,8.1429454e-05
-9.701569e-05,3.9039358e-07
8.500545e-05,0.00013890903
2.1194499e-05,0.00013591017
1.663018e-06,-4.1968447e-05
-1.4556999e-05,-8.997066e-05
-1.9220555e-05,0.000114828355
0.00012258255,-0.000122054706
7.912269e-05,-2.5144633e-05
-9.7566284e-05,-7.869744e-06
-4.7590616e-05,-0.00018902177
-6.1289898e-06,-3.5991154e-06
-2.8341692e-05,-1.8653163e-05
7.0899596e-06,-1.668459e-05
-1.5593974e-05,-2.5396537e-05
3.214118e-05,-5.5363194e-05
-7.3640826e-05,-1.2324407e-05
7.299551e-05,-1.2176383e-05
-4.3928783e-05,-0.00012756814
-7.905143e-05,-0.00013460296
5.068854e-05,-6.5207554e-05
0.00014302305,-4.459046e-05
-0.00011754069,4.0724495e-05
-0.0001499319,-5.72108e-05
0.00017551154,1.8193969e-06
0.0001821283,9.120151e-06
-7.471407e-05,4.173753e-05
-1.5528265e-05,1.7667453e-05
9.139239e-05,-0.00022192807
-0.00026561492,-4.4200788e-06
1.814807e-06,-8.407978e-05
0.00012051607,7.795975e-05
0.00015950884,2.9377004e-05
-0.00011480635,-3.4284105e-05
2.6824562e-05,0.00018925937
-0.00019313241,-7.072805e-05
4.4027824e-05,-8.81797e-05
5.83804e-05,3.0847343e-05
-6.1583356e-05,-5.1137435e-05
-4.1618085e-05,0.00012243562
4.343467e-05,3.218545e-05
8.118567e-05,7.531437e-05
5.997981e-05,7.173441e-05
-5.4066524e-05,0.00012999903
-0.00010549416,8.62381e-06
3.8528164e-05,-0.00017152926
5.21706e-07,-0.00016122917
4.2230175e-05,-0.00012450267
-0.000133517,-0.0001429445
0.00012420588,5.5981676e-05
0.00019490678,-1.4309896e-05
1.5809512e-05,1.862535e-05
0.0001421901,-0.00019101017
3.1781594e-05,0.00013202027
-0.00011620339,4.302782e-07
3.205708e-05,-0.00025671368
-5.4664175e-05,-0.00010665585
3.7195183e-05,-7.103676e-05
8.963297e-06,3.3025968e-05
3.3047796e-05,-0.0001940002
2.1789034e-05,9.0863454e-05
2.7439723e-05,9.22816e-05
-2.7719045e-06,-2.4786763e-05
7.641161e-05,7.498364e-06
-5.437042e-05,0.0001458554
-6.1853476e-05,5.0097087e-06
5.682684e-05,0.00018437207
2.742337e-06,6.631014e-05
5.5362296e-05,0.00018831537
2.719793e-06,-6.895511e-05
-5.5600154e-05,-1.6470329e-05
-6.4987114e-05,-6.230242e-05
-0.00013526667,1.5135191e-05
0.00021342833,-9.011504e-06
0.00017169386,0.00011082971
1.334003e-05,-0.00015309991
1.8467397e-05,6.374243e-05
7.07951e-05,-9.6777956e-05
-0.00011145768,-0.00010143432
-0.00017354121,2.1941054e-05
-5.2504132e-05,0.00020854874
2.1531712e-05,-3.8511964e-05
0.00012858938,-0.00016809546
5.5341297e-06,5.223692e-05
-4.8003047e-05,4.359897e-05
0.000104323,-6.468639e-05
6.243474e-05,-5.924226e-05
0.00020006609,2.705157e-05
0.00010949678,-5.7927875e-05
0.00010077949,-0.00025503084
-2.943173e-05,-0.00020291917
1.5321852e-05,-3.0049076e-05
-0.00010199765,-1.1521498e-05
-1.3923299e-05,-0.000109434055
6.801288e-05,-6.1049886e-06
-4.6914054e-05,0.000100801146
-1.0407205e-05,-9.399128e-05
6.040439e-05,-4.7288315e-05
-8.1959886e-05,0.00010680839
0.0001455522,2.8439368e-05
1.802435e-05,-6.745418e-05
-0.000103300845,-1.6376589e-05
0.00022468304,5.4630396e-05
-9.789643e-05,-9.207184e-05
1.8668143e-06,2.1258467e-05
0.000109142304,9.840199e-05
0.000118266864,-8.186002e-05
-1.6512542e-05,0.00020048636
-2.7894657e-05,-2.9681047e-05
6.639025e-05,8.582582e-05
0.00017181953,-2.709186e-05
8.854841e-06,-2.7728225e-05
-7.8217905e-05,-0.00018571877
-0.00021485148,-8.83176e-05
6.7509955e-06,2.0589212e-05
0.00023156394,-9.448458e-06
-5.4681855e-06,9.214503e-05
-3.4038705e-05,-0.00018398603
-2.7137587e-05,6.127288e-05
0.00011729674,-0.00012800693
6.241761e-05,-9.513142e-05
-0.00013914799,4.3436674e-05
5.5036042e-05,-0.00017526156
2.304484e-05,-3.609957e-05
-8.0586815e-06,-0.00010291848
3.3537865e-05,0.00014192109
-8.1290535e-05,0.00014166096
2.0830823e-05,-0.00010880093
7.186838e-05,0.00012836287
-7.527962e-05,9.090197e-05
1.04630035e-05,0.00016830543
-0.000119771896,1.8740058e-05
-3.1087446e-05,-5.085154e-05
7.2882353e-06,0.00015800023
-5.182148e-05,0.0001485176
3.1483283e-05,-0.000105763436
-4.0866635e-05,-2.8277092e-05
-0.00019120002,4.217446e-06
9.541893e-05,-0.00010951525
-1.4829291e-05,2.424587e-05
2.2731545e-05,2.5911227e-06
6.75143e-05,-2.3445315e-05
-0.00013489634,-8.916628e-05
-4.8256883e-05,1.3701973e-05
0.00016092585,0.00014796953
-0.0002358308,5.787586e-05
-7.02895e-05,4.41277e-05
-0.00010650601,-7.644589e-05
1.3209929e-06,0.00016408681
4.040346e-05,-7.602868e-05
-0.0001310762,-0.00013077384
5.434728e-05,-5.9061633e-05
0.0001192826,0.00016056522
1.0250477e-05,9.212611e-06
5.430555e-05,0.0002211724
-9.261758e-05,-5.4375432e-05
-6.419422e-05,4.6104564e-05
2.79671e-05,-2.2986838e-05
-8.696841e-05,-4.5828885e-05
8.0216305e-06,-3.1120057e-05
-0.00012233299,3.0825058e-06
-0.00011548508,-0.00015888351
6.687969e-06,2.8043734e-05
-8.4763975e-05,0.00013435878
-9.498451e-06,2.1536443e-05
3.6130703e-05,1.8835813e-06
7.3326635e-05,-3.4227265e-05
5.6371955e-05,-2.2063849e-05
8.901759e-05,4.5636076e-05
-0.00019186511,6.1180026e-06
-0.00014174492,4.6958474e-05
-0.00016689632,7.393778e-05
-2.509084e-05,-9.289856e-06
2.476798e-05,9.271942e-05
0.00013739029,0.00016526323
-7.872213e-05,7.9413294e-05
4.3867225e-05,-8.953806e-05
-5.7928246e-05,2.4030543e-05
-9.3092916e-05,2.8594208e-05
-0.00013507005,-9.831859e-05
2.5915211e-05,7.4107325e-06
-7.240175e-05,1.4078778e-05
0.00015918982,-0.00011414632
-0.000110958135,0.00010120008
-5.4691624e-05,6.7751293e-06
0.00012383694,2.612765e-06
-0.0001570976,0.0003316077
0.00016318579,-5.632503e-05
7.300661e-05,0.00010993304
1.0982706e-05,0.00019195676
4.284434e-05,-6.5886334e-06
-0.00010340131,-2.3036964e-05
6.618339e-05,0.00020710146
-1.8140576e-05,-5.1458475e-05
-0.00019454834,4.3354084e-05
0.00010529555,2.25019e-05
-2.0224164e-05,-4.7449717e-05
0.00014217128,-9.8905926e-05
8.203779e-05,2.5722486e-05
3.638458e-05,-5.9823516e-05
0.00014231102,-0.00014690362
0.00024473973,8.9927635e-05
-0.00014211076,-1.6792657e-05
0.00013895967,5.898837e-05
3.351134e-05,0.00012618548
-2.476863e-05,3.4995268e-05
3.6561098e-05,-9.809139e-06
4.3192573e-05,9.6197946e-05
4.6757512e-05,0.00011608078
-6.328481e-05,-6.1865656e-05
6.396605e-05,2.6338335e-05
1.5857002e-07,7.464815e-05
-5.661298e-05,-0.00011601258
-0.00015042564,-4.166108e-05
0.00013575568,1.7922066e-05
-2.1883448e-05,0.00014251123
4.4796965e-05,-0.00020946538
4.2769993e-06,-2.708638e-05
-9.133433e-05,-2.7205064e-05
0.00010924525,-0.00013468986
-1.2366201e-05,-0.00012854832
-8.848524e-05,-1.9250589e-05
-9.3492636e-05,-6.1650953e-06
0.00024101038,0.00017121986
8.094673e-05,6.94254e-05
-3.9074857e-05,5.162109e-05
-5.534026e-05,-0.00017234743
6.8092355e-05,0.00010798478
0.00011182011,5.491769e-05
6.6745124e-06,-6.107865e-05
-6.2159834e-06,-8.042492e-05
-1.5986334e-05,0.00012573613
4.8038117e-05,0.0001514608
1.2624393e-05,6.175872e-05
-9.229541e-05,5.6554738e-05
0.00015461989,-8.257198e-05
-1.3746462e-05,0.00016006855
-8.838738e-05,6.23922e-05
-1.5222606e-05,5.179892e-05
0.00016477847,-4.105041e-05
-8.7796965e-05,0.00010271545
0.00012847563,0.00012284474
3.509674e-05,-1.1283201e-05
0.00013764552,9.1113914e-05
0.00013878488,2.3923356e-05
-0.00013569744,3.5168563e-05
4.0164696e-06,0.00012867824
0.00013653938,9.890369e-05
0.00016571427,2.9730423e-05
-0.00012861642,3.3175573e-05
2.8625925e-06,-2.5085774e-05
1.6600681e-05,4.4871555e-05
-5.63312e-05,-0.00010919065
-1.1904879e-05,-0.000102045306
-0.00016179787,-0.00013369395
0.00012399092,-0.0001291639
0.00013652294,-0.000105836116
5.4970096e-05,9.56028e-05
0.0001705107,-0.00015436365
0.00014636976,-6.9190096e-06
2.1145655e-05,-0.00022890589
3.2765234e-05,0.00018583123
-2.1825344e-05,-1.329411e-05
7.6494056e-05,0.00010109527
7.3187635e-05,5.3816846e-05
-1.0200604e-05,-1.8237844e-05
-4.5883735e-06,1.6900221e-05
0.00020020567,3.2453932e-05
0.00010043768,2.6071675e-05
-0.00012768983,0.0001802544
-3.4553294e-05,-0.00013996912
1.3382165e-05,0.00014221216
-3.795773e-05,9.4236086e-05
5.3927866e-05,3.8345486e-05
-0.00018018592,0.000108689936
-2.5699755e-05,6.5891385e-05
-7.2253766e-05,-8.252479e-05
7.297687e-05,-7.26759e-05
3.7005466e-05,0.00010155545
0.00012280773,4.5583165e-05
8.590261e-05,7.460388e-05
-2.5243717e-05,0.00010397806
-2.0248011e-05,0.00013113926
-5.2532207e-05,-0.00010071057
-8.1226084e-05,0.00019613297
-3.5941786e-05,-0.00012255246
-0.0001304033,6.859662e-05
0.00012659148,8.840628e-05
-0.0001407413,6.1245286e-05
4.8015267e-05,-0.000100312645
-1.5172039e-05,0.00034647714
-2.2216738e-05,8.047656e-05
0.0002585675,-9.23037e-05
0.00011343032,-7.4525196e-06
0.00015090342,-3.515617e-05
0.00016313855,-7.964605e-05
-7.993759e-05,6.115525e-05
-1.0831465e-05,-5.535041e-05
-0.00021463854,9.007571e-05
-9.8907716e-05,5.020835e-08
0.00014948401,4.6717818e-05
0.00010280177,-0.00013425983
-0.00013780815,-4.3437947e-05
-5.208036e-06,6.020144e-05
-0.000112916576,-8.734889e-05
5.26902e-05,0.0001250253
0.0001479353,-7.0723356e-05
1.806073e-05,-0.00017426304
3.321803e-05,-0.000206809
-9.877072e-05,-4.8846814e-05
-1.364351e-05,-0.00010164
-0.000119545686,7.185894e-05
4.2931595e-05,-0.00018933126
0.00015699495,6.164366e-05
0.00015714073,6.843354e-05
0.00017172599,-9.004509e-05
-0.00010745157,0.00024874602
-0.00013603087,0.000242612
-5.7174617e-05,8.632433e-05
0.00011786998,-9.333673e-05
0.00010125599,-0.000113300164
-0.00023085107,-4.808148e-05
-6.7664885e-05,-0.00013130678
4.782371e-05,-9.113415e-05
-6.814282e-05,-1.0597745e-05
9.098203e-06,0.00014583199
-0.00018428781,-4.8078728e-05
-2.9807752e-05,-9.7391174e-05
6.1139675e-05,0.00010518687
-5.1783678e-05,-3.2601387e-05
-3.3501077e-05,-9.6143944e-05
0.00013961409,4.4922665e-05
-1.3650226e-05,-9.949392e-05
-0.00013976678,8.147009e-05
0.00018606427,7.90943e-06
5.9387457e-05,0.0001488677
-8.096127e-05,0.00013389745
1.2916674e-05,3.3296088e-05
-9.509515e-05,2.6872258e-05
-0.0001700003,-1.4488667e-05
-5.7888465e-05,-0.00023052393
3.2596326e-05,0.000109107554
-2.9603386e-06,-2.9266685e-05
9.357188e-05,1.0024937e-05
0.0001307968,5.3314707e-05
-0.00011929013,6.309346e-05
-0.00016691582,-6.2097366e-05
5.079066e-05,6.0269263e-05
3.8445276e-05,-0.00012945214
-0.00015267526,-0.0001026331
-6.270744e-05,0.00020964094
6.882994e-05,-2.6243239e-05
0.00017029916,4.742026e-05
-0.00024562006,-0.0001811374
-0.00013040636,0.00026334892
-5.080595e-05,-2.1915797e-05
-6.5126784e-05,5.5334676e-06
-3.402143e-05,-1.9443649e-05
-2.2788363e-05,-0.00016040797
0.0001802448,-0.0001509989
-0.000111051486,-0.00012917962
-3.0035462e-05,-9.126852e-05
0.000116778036,0.00011975449
-0.00018133808,0.00023173072
-0.000100396726,-1.4898495e-05
-6.4573964e-05,0.00011586574
6.762271e-05,-0.0001370683
-0.00013217973,5.7345867e-05
-0.000113291026,-5.567529e-05
0.00016541319,-0.00013745423
-2.1446855e-05,-0.00014505233
2.1540423e-05,-5.964122e-05
6.114902e-05,2.0780277e-05
0.00015830214,0.00014731362
7.388371e-05,-0.00010616965
-3.7121754e-05,-1.9973535e-05
-0.00011559903,0.000119300625
-5.355603e-05,2.46108e-05
7.438414e-05,6.118209e-05
-9.538358e-05,-2.5180689e-05
-0.000104392886,-4.3372584e-05
3.1930813e-05,8.678274e-05
7.626654e-05,0.00010370793
-4.5552104e-05,3.420449e-05
-1.938053e-05,1.3519032e-05
-0.0001576906,-2.900857e-05
5.2731142e-05,2.1180362e-05
6.932198e-05,1.5478228e-05
-0.000121111654,7.132651e-05
-2.9242046e-05,0.0001242481
-0.00018956947,4.5614843e-06
8.422762e-05,-8.601737e-05
0.00025859475,0.00017750752
1.9818992e-05,5.246161e-05
-3.108908e-05,-0.00020327605
-3.1476993e-05,-1.758534e-05
8.834642e-07,2.6151762e-05
-4.4637014e-05,3.78843e-05
0.00021916768,1.3385528e-05
-0.0001043015,-3.7832513e-05
9.110959e-05,-0.00015037706
-1.0847835e-05,2.8614511e-05
-6.52446e-05,-6.818079e-05
4.0928793e-05,8.532936e-05
4.1564683e-05,-7.578961e-05
4.2672957e-05,0.00012146884
-0.00015828034,-5.8208916e-05
9.804394e-05,7.475457e-05
2.3798233e-05,0.00011684371
-6.864362e-06,-2.0172045e-05
6.3266576e-05,-5.9465838e-05
-9.960089e-05,-0.00021575023
5.80307e-05,-6.147994e-05
-7.435271e-05,5.778947e-05
-2.2112967e-05,-2.0685613e-05
-0.0001443463,-0.00012513199
0.00010194002,7.1558185e-05
-8.962781e-05,-0.000112993264
-4.6859863e-05,3.1983294e-05
-0.00013711526,5.7783356e-05
6.9327914e-05,2.3079905e-05
9.0195535e-05,8.417898e-05
0.00022742739,4.726525e-05
-5.8607457e-05,-3.105177e-05
-0.00021804389,0.00017941449
6.243791e-05,0.00013541293
-5.7569563e-05,4.921583e-06
-1.4794002e-05,0.00013943379
-4.012229e-05,-0.0001216631
-0.00011467882,-6.218819e-05
-1.2131715e-05,0.00010250634
-3.3164815e-05,-0.00015131079
3.7770824e-05,0.00010209739
-4.0835374e-05,0.00011439979
9.517425e-05,6.4054795e-05
-0.00016903882,-0.00012972587
-5.1977782e-05,5.837364e-07
6.321355e-05,-0.00011891696
-0.00015636288,0.00010925746
7.123444e-05,7.1463284e-05
-7.18268e-06,0.0001197944
4.6513327e-05,3.9524188e-05
6.864986e-05,3.8832168e-05
9.644097e-05,0.00013924569
1.0245064e-05,-5.5489534e-05
1.8313203e-05,-6.524309e-05
3.993863e-05,-5.415284e-05
-9.025481e-05,4.4235236e-05
3.2290052e-05,0.00013810924
0.00012584975,7.7464225e-05
-7.8939185e-05,4.21561e-05
0.00016558774,6.108169e-06
0.00010832116,-2.020401e-05
-3.7579477e-05,0.00015103439
-0.00023489131,-3.887049e-05
0.00011529746,-0.00021745672
5.8470832e-05,-0.00010984498
-6.0217426e-05,9.3372415e-07
4.207782e-06,-2.8018823e-05
-2.537724e-05,-4.5942463e-05
3.465781e-05,0.00015543995
6.841199e-06,-8.84423e-05
-6.496644e-05,-0.00021419131
-6.281299e-05,-0.00011437205
-0.00013413673,-1.8146278e-05
6.104587e-05,-8.208559e-05
0.00017448081,-9.543201e-05
-4.1164032e-05,8.312745e-05
5.7023655e-05,0.00013206076
5.5658315e-05,-8.271851e-05
8.5944135e-05,0.0001413981
4.8381244e-05,6.7714063e-06
-0.00018430494,-2.0058134e-05
-7.2921175e-05,-0.00013464894
0.00013014344,7.937288e-05
-9.9758196e-05,0.00020282311
-0.00025173274,-2.3215302e-05
-2.327747e-05,0.00010924305
2.8515104e-05,0.00016353474
3.259288e-05,0.00010565807
-0.00023845208,-0.00024841857
-0.0001584533,3.6684826e-06
0.00012815936,-3.002133e-05
3.4351772e-06,-4.0916304e-05
-4.242799e-05,-6.13329e-05
-0.00013860462,9.163312e-05
4.400534e-05,-1.4145393e-05
-9.624303e-05,-0.00015823572
-0.00012749046,2.171562e-05
3.2370815e-05,8.608227e-05
0.00011188311,2.9602625e-06
0.00027487986,-4.055681e-05
-7.4432886e-05,-6.2007915e-05
5.9338567e-05,-8.0036705e-05
-3.0358091e-05,-0.00022847041
-4.311854e-05,0.00017886175
-0.0002059692,3.0393942e-06
-9.486097e-05,0.00015224738
-0.00016615282,2.9825502e-05
0.00013805038,0.00015983425
0.00016830479,7.6765755e-05
-1.9288908e-07,-0.00023702842
1.2935782e-05,-0.000121061275
9.3252274e-05,9.728028e-05
-6.864989e-07,-4.072455e-06
9.3455186e-05,-0.00014690621
-0.00012992752,-2.3955332e-05
-0.00030903678,0.00013950461
4.5697478e-05,3.7125334e-05
4.108227e-05,-0.0001037527
-6.346082e-05,-4.8820486e-05
5.896803e-05,1.7164379e-05
5.6194403e-06,9.693114e-05
7.762585e-05,9.683036e-05
3.343507e-05,-0.00013642988
0.00012929291,5.8833866e-05
4.1072828e-05,0.00022852287
2.3973727e-05,7.0407856e-05
9.071847e-05,5.8170413e-06
1.6582666e-05,8.394266e-05
-0.00012948416,-9.928741e-05
1.0896616e-05,1.3206042e-05
4.632361e-06,-6.109316e-05
-2.9427632e-05,6.392906e-05
6.798617e-05,5.4203207e-05
-1.4964355e-05,-0.00012403695
-1.6162738e-05,-0.00011214417
-4.483449e-05,-0.00029693218
4.1296076e-05,0.00020946721
-7.7508725e-05,-3.539996e-05
7.017184e-05,0.00013261651
4.9776187e-05,-0.0001669166
-1.4166121e-05,-8.455078e-05
-5.3102962e-05,1.3824406e-05
1.2434735e-05,-0.00012572401
0.00016246756,0.00015735865
-3.3556273e-05,0.00012245677
4.0707328e-05,-1.1810217e-05
2.5311518e-05,0.0004270708
-5.25785e-05,-3.78988e-05
8.064752e-05,5.0015584e-05
1.949517e-06,9.763432e-05
5.209884e-05,0.00011981341
-1.8118e-05,3.1117677e-05
-6.8391026e-05,0.00023536786
-9.820926e-05,4.70386e-05
-3.993831e-05,-0.00019990487
2.3192444e-05,1.8018984e-05
0.00011508498,-7.1851406e-05
0.00014286918,7.9564765e-05
0.00010003163,5.7682453e-05
6.0033795e-05,0.00017349231
6.8967296e-05,0.00018740783
-6.792418e-05,-8.6940745e-05
5.897225e-05,-8.0278216e-05
-3.3609966e-05,3.1196607e-05
0.00010175484,-3.8267503e-05
5.1814404e-05,-3.91463e-05
-8.487191e-05,-0.000122414
3.0547042e-05,-0.00023592326
-0.000113772345,0.00020162374
2.9069968e-05,-0.00018801675
9.658063e-05,-8.392918e-05
0.00021403973,-0.00013081069
0.00015392841,0.00012552115
4.3110034e-05,-1.2845614e-05
-0.00014027642,-3.960256e-05
5.744901e-05,2.1659742e-05
0.00013058951,-7.198551e-05
9.779956e-06,-0.00012313163
0.00016720765,-3.6089306e-05
-9.921364e-06,-0.0001132205
5.171298e-05,7.206316e-05
-5.1289837e-05,0.00012694963
-5.653187e-05,-1.651342e-05
0.00016384579,-1.3368526e-05
-0.00019475263,0.000131336
-5.454294e-05,0.000112132366
-1.600433e-05,-5.4234097e-05
3.822061e-05,9.33959e-05
5.9481023e-05,0.00011648029
-0.00017379924,-5.4673815e-06
2.963785e-05,-0.00018957199
2.0696348e-06,-8.343076e-05
5.8554237e-05,0.0001480476
0.0002751181,0.00012693391
9.9134295e-06,6.065264e-06
-2.630017e-06,-5.8092046e-05
9.971842e-06,-0.00011138878
-6.347086e-05,-6.9175316e-05
-5.7190642e-05,-0.0001498455
-8.66432e-05,-8.68866e-05
-6.3387044e-05,0.00013579792
1.5015338e-05,6.9664384e-05
7.0382107e-06,-9.0112866e-05
5.0305185e-05,5.576813e-05
-2.0232925e-05,-4.972839e-05
-7.730222e-05,-0.000103787745
-0.00019027278,-3.604242e-05
5.0875995e-05,-0.00013459589
7.253906e-05,-0.0001425279
-4.3449825e-05,-8.075053e-05
-2.1657974e-05,-5.9028338e-05
0.00031673643,0.00010618901
-0.00010037383,-0.00010685776
-4.0058144e-06,-1.403157e-05
-9.5820884e-05,9.9083365e-05
-2.4374503e-05,-6.2442405e-06
-7.454494e-05,7.89741e-05
9.037963e-05,-9.050161e-05
-0.0001310132,6.412485e-05
3.9300136e-05,-5.9052334e-05
-1.6985648e-05,0.00020249929
3.921813e-05,-0.00012135086
-2.1900092e-05,3.9999653e-05
-7.547974e-06,0.0001375561
8.936965e-05,4.234493e-05
-3.119507e-05,-5.07824e-05
0.00011060767,-0.000157736
3.2024902e-05,2.4897246e-05
-6.816624e-05,-9.5018375e-05
-9.0586414e-05,-1.9053643e-05
-3.670346e-05,4.5507928e-05
0.00020452839,-2.8170894e-05
9.418839e-05,-0.00012328112
-4.646314e-05,7.622244e-05
-9.834715e-05,7.303829e-05
4.6335692e-05,0.00011685036
-0.00012522654,6.139269e-05
5.488297e-05,-0.00013321666
3.1730273e-05,0.0002230603
0.000108302986,0.00030066448
-3.1781215e-06,-9.412362e-05
5.0658422e-05,5.8605543e-05
2.5451409e-05,-3.917199e-05
0.00021848947,-3.998715e-05
4.2391533e-05,-8.37343e-06
4.9011873e-05,-2.5070827e-05
-8.0854246e-05,-0.000107763524
-7.274813e-05,7.030717e-05
-0.00013767164,7.776975e-05
-7.551378e-05,-5.0079343e-05
-7.312644e-06,-2.9371253e-05
-4.9505008e-05,2.033731e-05
-7.413739e-06,5.235247e-05
-4.9724804e-05,2.8766883e-06
-0.00014560572,-3.7526554e-06
-3.972063e-05,-2.954925e-05
-0.00010253521,-8.842034e-05
3.9470488e-05,0.00020168566
9.912777e-05,0.00016200752
9.614802e-05,4.5791083e-05
-0.00027533103,-9.02327e-05
-0.00025472228,-8.752e-05
-1.5571837e-05,-5.716001e-06
-0.000114764494,1.4761956e-06
0.00010117041,-0.00012345874
0.00011959873,0.00012941113
-0.00025493,6.0114967e-06
-6.4608605e-05,-2.5102145e-05
0.00020311393,0.00011125975
3.6374513e-06,6.0884253e-05
-0.00020366539,4.124448e-05
4.2340314e-05,-6.9740076e-05
0.000114871786,-2.5457766e-05
-1.8861349e-05,0.00012982258
4.6719855e-05,5.288156e-06
0.00012017202,-4.319217e-05
1.8458002e-05,2.6361606e-05
0.00024276835,3.1181808e-05
-3.086868e-05,-2.407947e-06
2.9565365e-06,8.483321e-06
0.00011511104,-7.313543e-05
-0.00010731606,0.00011043639
5.3361236e-05,-0.00013033467
-6.5419335e-05,-6.394156e-05
-0.00023325538,0.00020770775
3.9908053e-05,7.013692e-05
-0.00012327598,3.4189768e-06
7.211252e-05,-1.0436507e-05
8.014863e-05,-0.00026945228
-0.00026445647,4.958282e-05
4.0425193e-06,-6.9633046e-05
-3.0698637e-05,-4.921163e-05
7.8825695e-05,7.941301e-05
1.8860339e-05,-3.800746e-05
-5.386219e-05,-8.318113e-05
-0.0001490463,-9.701456e-05
-1.7689526e-05,0.0001108217
-4.925303e-05,-0.000111287234
7.659267e-05,0.0001484577
-4.7687558e-05,5.472814e-05
0.00016078664,6.317833e-05
1.9084104e-05,0.00018189038
-0.000106332314,-0.00041200704
-2.4930154e-05,3.427068e-05
-8.397752e-05,0.00013976295
0.0002514184,3.8926024e-05
-2.4152112e-05,-9.6503776e-05
0.00016409425,-9.374521e-05
8.009116e-05,1.7844928e-05
-0.00012974489,3.043757e-05
2.8566392e-05,-5.7965783e-05
4.360201e-05,-2.8315248e-05
-0.0001618176,3.0053374e-05
0.00012289081,-1.5322128e-05
9.475069e-06,0.000120482546
0.00010115997,-7.7733865e-05
0.00021652205,-2.9747172e-05
0.00017829824,2.7095055e-06
4.387236e-05,-3.4141096e-06
7.656765e-05,9.0863585e-05
0.0001306311,-3.5552723e-05
1.2762741e-06,-0.0001721182
2.1686292e-05,3.1716472e-06
4.141761e-05,4.019374e-06
9.446793e-05,7.624908e-05
0.00026709714,-4.347458e-05
3.7095233e-06,0.00011851036
-1.3942847e-06,9.9743236e-05
0.00010356354,-5.7703328e-05
3.066911e-05,9.468197e-05
1.2660811e-05,0.00013721867
7.805767e-05,7.489522e-05
5.9617923e-05,-9.271007e-05
2.0091467e-05,-0.00010850185
2.3371134e-05,5.6982073e-05
1.064197e-05,-9.1246264e-05
-0.00018617802,-6.920215e-05
-0.00012230618,-7.552596e-05
0.000119243094,5.789637e-05
2.2846465e-05,-0.000119440694
4.4739454e-06,4.3173794e-05
-6.6888126e-05,-6.774603e-06
7.293689e-05,6.01429e-05
-0.000119387565,0.00010845758
-7.539632e-05,-6.5780496e-06
-0.00011973127,6.2849474e-05
-9.7866214e-05,2.5050651e-05
4.8881553e-05,3.619833e-05
8.803951e-05,-6.165381e-05
4.6049896e-05,0.00020044135
2.527729e-05,-3.856742e-05
7.668709e-05,9.4042725e-06
-0.000196241,5.4199612e-05
0.00020935814,-4.1999076e-05
-3.9774128e-05,0.00010888861
6.856905e-05,2.664649e-05
-2.1036467e-05,0.00020813393
4.715045e-05,5.4397777e-05
0.0001077219,-5.625652e-05
-5.0594626e-05,0.00010782283
4.201106e-05,-0.00016954166
1.5757478e-05,7.517501e-05
-0.0001191484,-0.00018931474
2.7823864e-05,8.749114e-05
-0.00015168921,-4.5906995e-06
9.22716e-05,-2.0168902e-06
0.00018896814,0.00014496662
0.00022796373,-0.00023022243
-3.856542e-05,-5.1520157e-05
-3.537416e-05,-4.6389494e-05
-2.884429e-05,6.056422e-05
3.9149353e-07,-0.00019401964
-3.6922804e-05,6.7909255e-05
0.00021259024,-5.967037e-05
2.6761805e-05,-0.000136706
-4.965959e-05,3.6259855e-05
3.1059673e-05,-3.351969e-05
-8.457641e-05,3.51507e-05
6.317491e-05,-9.438553e-05
4.9163235e-05,0.0001482583
-1.797305e-05,-6.825383e-05
0.0002384358,-6.460885e-05
-3.3254713e-05,1.0112378e-05
-4.963666e-05,1.0929141e-05
-5.217961e-05,1.9162342e-05
-3.892641e-05,0.00021271949
-2.5883444e-05,8.9575915e-06
0.000119936405,-3.56731e-05
-1.0734455e-05,-0.0001603523
4.121991e-05,5.7592544e-05
6.7018336e-05,-4.666251e-05
-0.00012300466,4.1997555e-05
-3.3544275e-05,-6.0902974e-05
-0.000102184364,-7.396014e-05
-2.1454976e-05,3.780643e-05
3.171091e-05,-0.00011406785
0.00019738084,-6.308691e-05
-3.9549395e-05,-0.00019960874
-0.00018685688,-4.0021303e-05
-4.4575496e-05,6.662299e-05
-4.6502413e-05,-6.619347e-05
-3.7259215e-05,5.0265025e-05
2.1821153e-05,-0.00016114017
-2.1269047e-05,3.8594375e-05
7.448296e-06,-0.00017960643
0.00013032912,-6.104179e-05
0.00019343843,0.00011411707
1.5937392e-05,-5.2768224e-05
-0.00018557702,0.00012345678
6.649921e-05,-0.00022934517
0.00015479056,-8.800969e-05
-8.449734e-05,-1.8966186e-05
-6.862651e-05,6.402125e-06
0.00010834797,-7.805217e-05
2.374252e-05,2.5214224e-05
0.000119406875,1.6041878e-06
0.00018600949,8.207898e-05
-6.475909e-05,-6.613679e-06
1.6708493e-05,6.76672e-05
3.2036416e-05,-0.00013320426
5.4803884e-05,0.00015342305
5.6210873e-05,4.9382124e-05
8.210075e-06,-3.317221e-05
7.216446e-05,-3.951147e-05
9.734723e-05,-0.00015723467
4.1412623e-06,-4.459631e-05
-0.00014119761,-3.479206e-05
-0.00011962454,9.047482e-05
-0.0001687476,-4.226812e-05
0.00012633923,6.2270876e-05
-9.3909606e-05,-5.7245976e-05
-7.625895e-05,4.0258074e-05
-0.0002078582,-1.4584362e-05
1.7588738e-05,-0.00012297928
-1.4478316e-05,0.00012545665
-2.6717204e-05,-7.692107e-05
0.00019793649,-0.0001336003
1.6806014e-05,0.00013711349
9.045426e-05,-7.2120565e-05
-3.0736046e-05,-7.070681e-05
-5.1323543e-05,0.00013052502
0.00017552148,0.00019074466
-6.03555e-05,-2.2634282e-05
-4.4135963e-05,0.00014054189
1.1360813e-05,6.5939224e-05
-0.000177914,1.4936201e-05
0.00015405573,-0.00010919868
-0.00014876913,-6.1531646e-05
6.644767e-05,4.6488727e-05
-0.00015212806,3.3707387e-05
-2.8471133e-05,-0.00013696733
3.269076e-05,0.00021377439
9.2123824e-05,-0.00017857252
1.0209585e-05,0.0001479245
7.098177e-05,-0.00010382423
-5.52837e-05,0.0001824578
-6.2179606e-05,0.00014150776
-0.0001379533,-0.00016715075
2.9572862e-05,-3.666603e-05
3.2802294e-05,3.9343773e-05
3.9262613e-05,2.8190067e-05
4.0738327e-05,9.985955e-05
-0.00016319362,-0.00014473453
8.083036e-05,0.00010462324
9.440564e-05,-0.00016242884
-1.7153274e-05,-7.007843e-06
0.00013624446,8.116795e-05
-0.0001444435,2.9929188e-05
-6.544738e-05,-9.3693325e-06
6.0078335e-05,-2.1935823e-05
-3.38955e-05,0.00011249387
-0.00021504889,9.633177e-05
-7.755887e-05,0.00020306096
-8.9935005e-05,-0.00017577365
-0.000101064215,-2.00703e-05
-0.00014925729,-5.585299e-05
-2.5193792e-06,-0.00010518397
1.7248763e-05,-4.8430455e-05
-0.00015252882,-7.73306e-05
0.00011019669,7.4251766e-05
-2.9043453e-05,-0.00014471343
-2.6049825e-05,0.00010499619
-6.0706196e-05,-6.486969e-05
-4.001382e-05,-0.00011295723
-4.5001965e-05,-2.5777352e-05
0.00016365614,4.8224658e-05
0.00010312829,-0.00018236479
-1.0805733e-05,3.7985123e-05
7.7470024e-05,4.837161e-05
7.7885634e-05,-1.5383514e-05
6.1946375e-05,1.9571366e-05
1.2598407e-05,2.822476e-05
-6.3453066e-05,-6.674027e-05
2.4470417e-06,4.8504044e-05
-0.00015269846,0.00017658982
-4.865033e-05,6.546023e-05
-0.00011254246,2.9209616e-05
-0.00016146118,8.8322304e-05
-0.00023738836,4.2316256e-05
-9.180001e-05,-6.4437016e-05
-3.4809353e-05,-8.001357e-05
-2.6502894e-05,1.3128388e-06
0.00014229404,-5.2895164e-05
4.8767906e-05,-0.00023555662
-3.150885e-05,1.8600345e-05
0.00017683541,-3.4907174e-05
0.00017490634,1.86474e-05
-6.4104046e-05,-0.00012900025
-8.299842e-05,5.4560893e-05
4.972453e-05,6.294818e-05
-4.0891944e-05,6.361613e-05
-9.565298e-05,-0.00023729343
-8.518437e-05,2.8577908e-05
2.1992237e-05,1.4681024e-05
-0.00011203868,4.4369193e-07
-2.0352243e-06,-5.5949688e-05
0.00014300994,-0.00010282664
0.00024598272,-2.926737e-05
4.9673745e-05,1.7384209e-05
0.0002120572,-6.860608e-05
-0.00012828445,0.000107960615
7.893399e-05,5.8981488e-05
-3.661461e-05,-9.562637e-06
2.4159108e-06,-1.6918364e-05
5.578423e-06,-7.996442e-05
-0.00010946053,0.00011288738
3.7878308e-05,6.4624066e-05
3.2840806e-05,-0.00016855796
-7.756225e-06,0.00014046606
1.0642035e-05,6.520261e-05
1.2625646e-05,-2.191777e-05
9.48088e-05,-7.0614515e-05
8.1267506e-05,-7.7358236e-05
-4.7371537e-05,2.3072365e-05
-0.0001551223,0.00017435661
7.301095e-05,-1.2677961e-05
2.9581608e-05,-1.1314745e-05
7.5452745e-06,0.00020471716
-0.0001756731,8.785438e-05
-8.566651e-05,-3.8985e-05
6.128236e-05,-1.1839993e-05
4.3519067e-05,-3.049736e-05
-0.00014502772,5.707879e-05
0.000113817594,3.7188962e-05
0.0001383351,7.137116e-05
-0.000138256,-8.359214e-05
-3.60664e-05,-4.7825444e-05
-0.00015213367,-8.795194e-05
1.1359955e-05,6.497608e-05
-5.599079e-05,-0.00010765781
-0.00012783095,-9.585064e-05
1.069479e-05,5.0484276e-05
5.84759e-05,-5.8156973e-05
-0.00017587308,-7.195068e-05
8.076471e-05,0.00012443158
3.1199244e-05,-0.00011787697
0.00015712272,4.2867927e-05
2.6083584e-05,-3.028432e-05
-5.5738998e-05,3.4784687e-05
-2.0572828e-05,-0.00013784721
0.00033408028,9.912324e-05
5.9167014e-05,-1.5241576e-05
-5.086684e-05,5.223749e-05
1.9950327e-05,0.00012733959
0.00010014355,5.342045e-05
-1.0221535e-05,-0.00012955269
0.00014100621,-1.9209932e-05
7.3622454e-05,0.00020957644
-8.65671e-05,-1.9592004e-05
-3.126462e-05,-4.6997113e-05
-0.00015514142,9.05593e-06
8.226869e-05,2.8709082e-05
9.492001e-05,9.5261676e-05
5.9799213e-06,3.465836e-05
6.0529583e-05,-7.682929e-05
6.443282e-05,-0.00014446671
-3.812131e-05,9.364729e-05
4.46637e-05,4.4464014e-05
-8.440771e-05,0.000121585865
-5.0612252e-05,4.3626005e-05
-0.000112103866,4.807332e-05
-4.3410007e-05,0.0001596369
2.9721108e-05,0.00011452465
3.1345442e-06,1.8850544e-05
4.9093862e-05,-5.6131736e-05
0.00013519448,4.384085e-05
-0.0001763583,-1.7456263e-05
-0.00012020622,-6.263484e-05
-0.00018171163,-2.2709217e-05
-1.8504348e-05,6.710362e-05
3.5314777e-05,5.4266566e-05
-2.9162087e-05,-9.819111e-05
-3.9092665e-05,-1.4088803e-05
1.080059e-05,-2.5746644e-05
-9.926742e-05,0.0001416007
-6.62753e-05,6.674943e-05
-4.1405136e-05,0.0001485487
0.00030179782,0.00013541343
-9.34001e-06,5.8454327e-05
-5.258603e-05,0.00010934995
7.582733e-06,9.990538e-05
-0.0001914977,-3.919676e-05
-1.5009951e-05,-0.00013560777
0.00015097116,3.3656004e-05
-7.5988864e-06,8.371945e-05
-3.0420251e-05,-1.2232043e-05
0.00030932637,-7.033171e-05
-6.0237835e-05,-0.00020680937
0.00019730584,0.00019464696
-6.926013e-05,2.847203e-06
5.4612832e-05,1.9779498e-05
0.00015918417,3.9526192e-05
8.554594e-05,-1.4819522e-05
2.6110056e-05,-4.9096063e-05
0.00011546992,4.1442665e-05
-0.00011071081,-4.0091356e-05
-4.8055117e-05,-0.000113118884
0.00012896027,-4.82843e-05
-4.6279794e-05,-1.8650988e-05
4.728219e-06,-0.0001246693
7.2218056e-05,-2.466022e-05
-0.00018547721,0.0001412766
-8.50225e-05,-7.162406e-05
-1.7602542e-05,0.00010363896
4.7635433e-05,3.3451165e-06
0.00018029365,1.8690034e-05
-0.00012285252,-0.00016539494
-4.9326725e-05,-0.00016184294
3.7975045e-05,6.151797e-05
-6.710367e-05,6.664532e-05
1.1457248e-05,-3.2304551e-06
-3.848703e-05,4.455139e-05
8.7921675e-05,0.00017527025
-0.00013086367,6.486763e-05
-0.00010419417,-0.00010308815
4.143189e-05,0.00011709691
4.935768e-05,-8.6519736e-05
-2.0815338e-05,-9.325717e-06
-0.00012847771,-9.761095e-05
1.5257821e-05,-2.8141503e-05
-6.97802e-05,6.605184e-05
-4.1033134e-05,9.321712e-05
1.5465343e-05,4.6953053e-05
0.000121738456,-8.256687e-05
9.539829e-05,0.00012367009
4.6757345e-06,-0.00022252144
-3.4969922e-05,0.000120262026
0.0001373832,0.000120298166
-3.439871e-05,0.00010424604
-8.194202e-05,-8.138881e-05
-0.00013258823,-7.132104e-05
-3.142243e-05,-0.00017491232
2.2498294e-05,0.00018952866
-0.00016205262,1.00174775e-05
9.145351e-06,1.6733831e-05
-4.8212765e-05,-3.2671538e-05
1.8030403e-05,-0.00013250615
-0.000114189905,6.4952925e-05
-5.298122e-05,-0.00013342153
-0.00012307959,-1.6747004e-05
2.644507e-05,-1.3132319e-05
3.0406296e-05,-6.702332e-05
0.00015872228,3.9674527e-05
-8.361825e-05,4.825039e-05
7.900599e-05,-2.6034963e-05
6.0752503e-05,0.00030098733
-5.793206e-05,2.1503147e-05
6.953438e-05,9.872779e-05
1.3010876e-05,0.00017635591
8.313975e-05,-0.00017897027
1.5659885e-05,7.779471e-05
-1.8849371e-06,0.0002626483
0.00017515736,5.8193433e-05
-0.00013735394,-0.00013109719
-7.181732e-05,9.540432e-05
-2.812294e-05,0.00011007012
-3.7121201e-06,-0.00017303326
-0.0001324799,-2.2862272e-05
3.3844274e-06,-5.8931837e-05
0.00010451332,-6.0054943e-05
-0.00014467153,0.00019812508
-2.4905841e-05,1.9657418e-05
0.00011582382,-1.8229983e-05
-9.929439e-05,9.9126635e-05
-3.3861932e-05,-1.5437805e-05
9.132729e-05,6.616502e-05
-1.1100541e-05,8.135751e-05
-9.470406e-05,-0.00010783926
0.0001458721,-1.2078424e-05
2.3942424e-05,0.00013147101
-7.3839483e-06,2.778999e-05
5.202335e-05,3.1351974e-05
7.5694465e-05,-7.366212e-05
-2.9691731e-05,5.4903023e-05
-0.0002137175,4.190259e-06
6.4633685e-05,-2.7762018e-05
-0.00010561643,-0.00014790715
-0.00012919455,-8.303633e-05
5.9935235e-05,7.913398e-06
-9.560661e-05,0.00012953552
-5.2716157e-05,2.2688885e-06
-4.8108242e-05,0.00014452505
4.747639e-05,8.5994696e-05
-0.0001364373,-4.2395437e-05
2.4005409e-05,2.7252278e-05
2.6200232e-06,-0.00010110896
-0.00010796765,-0.0001580751
6.23375e-05,-1.0387823e-05
9.440014e-05,1.8000253e-05
0.00022037818,-0.00025074734
-0.00024434345,5.5531287e-05
5.8279453e-05,-9.3914095e-05
-0.00020415428,9.005368e-05
-0.000106720734,8.191921e-05
2.8856399e-05,0.00021718447
0.000119768316,-4.09735e-05
-0.00010829238,9.208077e-05
-8.452494e-05,-0.0003594159
4.19654e-05,0.00016724804
1.4580737e-05,-7.707206e-05
-6.16817e-05,0.00021454923
7.411064e-06,3.260269e-05
-6.578392e-05,-5.229754e-05
-4.1931842e-05,-0.00012477933
-7.760521e-05,4.627676e-05
6.5972556e-05,-0.00010810772
7.2834504e-05,-2.3186576e-05
-5.4652035e-05,-2.8038698e-05
9.922729e-05,-1.430502e-05
-1.6315289e-05,0.00010460866
-8.521891e-06,-0.00014707797
-0.00011116205,0.00017460193
-1.5064071e-05,-0.00017685516
-0.0001139537,8.642654e-05
-0.0001760072,6.225062e-05
0.00018467227,-0.0001244555
-7.179891e-05,-1.4862774e-05
7.9508834e-05,5.6098997e-05
-1.9845374e-05,-8.759839e-05
0.00022698092,9.371033e-05
-4.673936e-06,9.288893e-05
-0.000113943155,3.32073e-05
-0.00015310055,-2.526138e-05
-6.934464e-05,9.608121e-05
-3.5327488e-05,-0.00013235796
-4.6069723e-05,-0.00019961815
-6.796879e-05,9.804079e-05
-0.00014020882,9.3760515e-05
-3.443368e-06,8.6880646e-05
-0.00019237427,-2.4120025e-05
4.658329e-05,-1.149683e-05
-0.00010406071,-0.00023931243
7.6344324e-05,-5.645898e-05
6.70743e-05,5.32702e-05
-0.000106509826,5.6881898e-05
0.00017024166,-0.00021672448
0.00013637001,-1.5730413e-05
0.00014036304,9.095776e-05
3.4891953e-05,1.0822449e-05
6.508661e-05,-1.3327328e-06
-5.4050706e-05,4.2487514e-05
0.0001211987,-4.601973e-05
0.00019325732,-9.397406e-05
0.00017805879,1.0820481e-05
7.0290065e-05,-7.5794975e-05
0.00016525402,4.560022e-05
-0.00016035774,0.00014301212
0.00012594325,-0.0001386334
-2.9646837e-05,7.280493e-05
2.7505188e-05,4.1060754e-05
-4.410997e-05,-0.000110229324
8.774449e-05,-0.00013636792
-0.00016555583,-2.5854468e-05
-0.00010380123,-0.00010012608
7.328397e-05,7.1859686e-05
9.971151e-05,6.7013956e-05
-0.00012985236,-1.0108817e-05
-3.2128122e-05,0.00011018819
-1.3841897e-05,-0.00016093977
0.00015276871,3.634373e-05
2.9539942e-05,1.266075e-05
-0.00015889884,-5.6488887e-05
0.00015978653,0.00029742604
-5.5104112e-05,0.00011659293
6.715077e-05,-5.9453614e-06
-0.00010898026,-6.408158e-05
-7.272967e-05,0.00012699164
-9.9845465e-06,-8.3962186e-05
-0.00011371637,-6.7493506e-06
0.00025064975,1.6984226e-05
-0.00011208844,-0.00010715106
0.00012044633,8.053794e-06
-8.294796e-06,-0.00017488324
-1.30362505e-05,-0.0002016085
-2.569974e-05,-6.2860185e-05
-5.9189406e-05,0.00014531145
-0.00015300968,-1.0963451e-05
-0.00012410404,-0.00023894472
-9.450439e-05,-3.5105066e-05
0.000109638844,-4.5635636e-05
-0.0002947675,0.00014681545
-5.7398138e-05,-9.668469e-05
-9.3405484e-05,-1.2975598e-05
1.1294015e-06,5.8030568e-05
2.657879e-05,-5.244039e-05
3.8969105e-05,7.5463344e-05
7.837271e-05,-0.00017362648
3.6552272e-05,5.261582e-05
-1.5836575e-05,0.00011490049
-0.00019488443,0.00017680669
3.6497004e-05,3.9758626e-05
-6.471379e-05,-1.1136222e-05
-7.778305e-05,2.7198555e-05
8.603749e-05,-5.2699423e-05
-5.1779145e-05,1.3660883e-05
7.767434e-05,1.7816914e-05
-3.554998e-05,-5.3283475e-05
-7.830631e-05,-2.9079842e-05
-0.00020620384,-5.653636e-07
1.4240707e-05,-5.416277e-06
0.00012471812,2.9019797e-05
0.00012517656,6.428217e-05
-3.5560013e-05,1.8664854e-05
-1.1897097e-05,-0.0002691674
0.0002278894,0.00024036119
3.8572216e-05,5.9791964e-05
-9.357844e-05,-4.934813e-05
-0.0002169261,-7.988187e-05
7.5413365e-05,0.000103746504
5.8970818e-05,8.103646e-07
6.1747895e-05,-7.520811e-05
9.73135e-05,0.0001232642
0.00018526954,-0.000103202234
0.00012682911,0.00010354216
-0.0001547938,8.240524e-05
-3.6584418e-06,7.108008e-05
0.00012438289,0.000115654286
4.750648e-06,-0.00012688719
0.00020415222,-7.797989e-05
-1.6046852e-07,0.00026791665
-0.00016888374,-0.00018132835
-0.00011271321,4.9552173e-06
-3.900899e-05,-0.00018308486
-7.026234e-05,0.00020616919
-6.128545e-05,-6.4562635e-05
3.553788e-05,8.731546e-06
5.3369862e-05,8.34765e-05
-9.097873e-06,-3.3411918e-05
8.374029e-06,-6.107813e-05
1.3748952e-05,0.00017464589
-0.000195299,0.00015348986
0.000119592434,-8.7617416e-05
3.8966886e-05,3.3990753e-05
-6.534836e-05,2.0835252e-05
0.00023562158,9.7983575e-05
4.968021e-05,-0.000106838284
-6.324179e-05,-0.00015016785
7.2639064e-05,6.445349e-06
-4.00891e-05,-8.3251376e-05
-3.572172e-05,3.0797193e-05
-4.1770276e-05,-0.00019276763
0.00010065936,-0.00014750622
1.3077683e-05,9.995515e-05
-7.281904e-05,2.2689137e-05
2.5129568e-05,-9.979285e-05
3.658551e-05,4.4460838e-05
-1.6753493e-05,-7.014453e-05
-2.2615724e-05,-1.7226308e-05
-3.3601227e-05,2.868545e-05
5.3574393e-05,-0.00022630428
-3.6236794e-05,7.8041005e-05
-0.00011249568,8.410951e-06
0.00023006015,-1.4917372e-06
1.0359876e-05,0.00017666364
-4.2738175e-05,-5.349276e-05
-9.918856e-05,-7.485865e-05
-4.7164995e-05,6.854686e-05
1.95272e-06,6.168821e-05
0.00010043752,2.9742709e-05
9.920807e-05,0.00012991157
-6.946454e-05,3.8855367e-05
-4.7814217e-05,6.610042e-05
1.4433666e-06,-0.00011518774
9.0949e-06,0.00010434729
-8.116274e-05,-0.0001073892
-9.797998e-06,-0.000103734776
7.899549e-06,2.549447e-05
6.034166e-05,-6.818522e-05
7.056947e-05,-6.125963e-06
-4.5740326e-06,9.200092e-05
1.6485473e-06,-0.00018008874
9.6982396e-05,-1.3141797e-05
7.9378646e-05,-6.0652248e-05
7.741789e-05,-1.4370112e-05
3.6583377e-05,-6.142668e-05
1.2502201e-05,6.764142e-05
-0.00012556017,-9.89374e-05
0.00013502022,1.4417222e-05
0.00011082041,-3.8060876e-05
-1.7422248e-05,-6.3858365e-06
5.0704424e-05,-0.00012637564
7.5804484e-05,-2.3008672e-05
-4.233235e-05,0.00018034871
8.2718594e-05,-7.664679e-05
0.0001431266,0.00019758102
-0.00011323653,-2.003504e-05
5.4172586e-05,-0.00012192318
-7.9964215e-05,-4.5845422e-06
3.3253586e-05,-7.61955e-05
-0.00024196756,6.438127e-05
-7.690673e-05,0.00010941027
-0.00014575543,6.195279e-05
9.683146e-05,3.204762e-05
3.163077e-05,-5.5234388e-05
-7.710934e-06,-5.489515e-05
-6.128037e-05,4.961634e-05
8.9620866e-05,-3.672451e-05
-1.26474315e-05,-6.342514e-05
-0.0001627312,-3.6109827e-06
-9.489057e-06,-0.000116503485
0.00017992374,2.1485166e-05
-7.056052e-05,0.0001171407
-2.4190502e-05,-0.00013435476
-9.234683e-05,6.8955065e-05
4.2754356e-05,-8.390952e-05
2.396068e-05,-9.830551e-05
3.100576e-05,-2.9734447e-05
5.361718e-05,6.414349e-05
-0.00012434435,2.4614257e-05
3.6157406e-05,-4.046904e-05
-4.4285167e-05,1.8440503e-05
-4.6145433e-05,8.66495e-05
-3.9018767e-05,4.304808e-05
-1.3377593e-05,-5.6637255e-05
-6.630944e-05,-4.7386842e-05
0.00014970345,0.00012006156
-0.00013138856,0.00016387326
-0.00010252199,0.00019967197
-9.371327e-06,-6.406848e-05
-0.00014366975,7.9902966e-05
-4.057844e-06,-0.00011209776
-4.2297062e-05,4.145899e-05
-5.1004495e-06,0.00014527101
3.6118116e-05,7.595838e-05
9.2057235e-05,-8.719861e-05
-1.5873353e-05,-6.2169165e-05
0.00013121372,7.6704455e-05
0.00013559246,-3.959542e-05
0.00010136024,0.00023856126
6.449404e-05,3.917021e-05
2.8083956e-05,-2.2055961e-05
4.3367323e-05,4.221911e-05
-4.452964e-05,-8.45327e-05
-3.6930385e-05,0.00011809159
4.1177304e-05,-8.740901e-06
-0.0001339969,8.632269e-05
7.1496106e-05,6.348034e-05
3.6391823e-05,0.00013702769
-4.8539845e-05,0.00010703487
0.00012520385,-7.904878e-05
0.00010419427,-5.519847e-05
0.00026868837,-4.818421e-05
-2.1092428e-05,0.00011065153
6.92336e-05,0.00019072446
-4.548034e-05,-5.965048e-05
1.3996218e-05,-9.5424155e-05
-0.00012390022,0.00023341527
-6.350804e-05,1.4595593e-05
-1.7603317e-05,0.00012804457
-0.00011430131,0.00019802914
3.0798743e-05,-0.00015279061
0.00016186705,0.00019369548
-2.2247592e-05,3.8959293e-05
0.00023397274,-2.863347e-05
5.3514003e-05,-3.0300902e-05
6.524853e-05,0.0001542832
0.00012214217,1.27990525e-05
0.000113810405,-0.00013912965
-6.445875e-05,-1.4467598e-05
-0.0001454744,0.00012849901
-0.0001842126,0.00013648893
-8.65179e-05,4.2077925e-05
2.005654e-05,3.5409947e-05
-0.00015434848,-0.00012502697
-0.00011651814,-1.1421071e-05
-3.160205e-05,0.00014428559
7.423574e-05,-9.68532e-05
-5.493812e-05,3.862481e-05
4.4301534e-05,-0.000109583925
-6.85151e-05,-5.1581865e-05
-0.000102631864,-0.0001614347
8.227881e-05,-0.00010371226
9.346618e-05,0.00013000346
-0.00016285144,-0.00010904386
-0.00010686502,-0.00016795623
9.62588e-05,-7.376263e-05
-3.14975e-05,-2.5014691e-05
-3.832902e-08,-0.000130594
0.00015087653,0.00016264942
0.00013586215,8.124015e-05
-0.00012287204,-5.5643075e-05
-2.5341264e-05,5.1239847e-05
-6.3758045e-05,-3.9069677e-05
8.344821e-05,-0.0001289583
0.000111664805,-0.00015994557
1.1451129e-05,9.759319e-05
0.000111956484,-3.1631844e-05
1.5691905e-05,5.308541e-05
-4.058933e-05,-5.626981e-05
-3.7431688e-05,-5.974431e-05
-1.5988982e-05,2.82249e-05
-0.00012741853,1.7295e-05
7.201999e-05,2.142467e-06
-9.213691e-06,1.7104394e-05
2.3357856e-05,4.725346e-05
-9.292206e-06,6.35526e-05
0.00014911892,0.00013495026
-1.0085485e-06,-0.00012571468
-0.00012507608,-7.132931e-05
8.112897e-05,5.1508374e-07
0.00015649208,-2.3012422e-05
1.7499231e-05,-0.00014610184
-8.584142e-05,0.00013842943
0.00026453796,-0.00016199482
-3.0254558e-05,-1.3191358e-05
-3.6337668e-05,9.700125e-05
3.9304177e-05,-4.547831e-05
2.5496151e-06,2.5721582e-05
0.00012529305,6.522191e-05
8.553544e-05,1.0638833e-05
-8.932386e-06,-5.300586e-05
4.6584883e-05,8.082027e-06
6.5617394e-05,0.00015492264
0.00015796465,-7.3060175e-05
-0.00014489559,0.00010072734
0.0001564814,-0.00013793085
-9.5930285e-05,2.9403378e-05
-0.00032925626,8.048903e-05
8.7202396e-05,9.321247e-05
-5.456293e-05,0.00024037994
1.7713859e-06,0.000114102935
4.8414568e-05,-2.6267367e-06
-4.835778e-05,1.1583091e-05
1.5358308e-05,-3.5109824e-06
-1.6035649e-05,-9.947854e-05
-1.4316669e-05,-0.00015061522
-7.0757974e-06,5.4275155e-05
-5.3548e-06,4.4162585e-05
8.690761e-06,2.1040352e-05
2.2172611e-05,-0.00015498593
8.869924e-05,-3.1290103e-05
2.1872618e-05,0.000109976536
4.619567e-05,-6.04297e-05
-0.00010760265,-3.871293e-05
0.0001422933,0.00011308536
-9.554447e-05,7.383015e-05
-6.2736675e-05,3.38459e-05
6.7262605e-05,-6.956367e-05
9.162734e-05,-9.1033144e-05
0.0001036844,4.2097097e-05
8.007386e-05,6.847652e-05
-2.3110893e-05,-0.000102036654
-0.00013699666,-9.852726e-05
-1.8888839e-05,-9.9304e-06
1.2446945e-05,-0.00023486558
-3.291048e-05,2.8688733e-05
0.00025826288,-0.00016284817
0.00014176352,-5.8161597e-05
7.17474e-05,-1.2383699e-05
6.306649e-05,-3.833108e-05
-6.9950554e-05,6.592915e-05
0.00023561019,-0.00010600955
2.127233e-06,-4.604623e-05
-1.4806456e-05,-0.0001426036
4.9493656e-06,-9.132134e-05
8.9092155e-06,0.00015516061
-0.00012337496,7.874798e-05
0.000111110276,1.8460018e-05
-2.3240562e-05,-0.0001275808
1.3164876e-05,-8.877257e-05
-4.1316143e-05,-0.00011562136
1.3367611e-05,-0.0001426646
-8.022966e-05,-1.1146706e-05
1.7278564e-05,9.661387e-05
-6.967485e-05,4.0676765e-05
-8.215134e-05,-5.097624e-05
-6.505109e-05,9.7415425e-05
3.43045e-05,0.000105194995
-4.577199e-06,-5.8008634e-05
-6.3494044e-05,1.3672104e-05
0.00019945206,-0.000109435045
2.747279e-05,-2.6038697e-05
-9.059573e-05,-0.00010862212
0.0001410279,8.9795685e-05
2.5279649e-05,-3.2676453e-05
-4.5562378e-05,4.1386338e-05
-0.0001547758,-1.1134701e-05
2.988595e-05,-2.2531995e-05
1.517517e-06,0.00013063342
-1.1910873e-05,-8.537142e-05
-0.00020638472,-0.00018452998
-0.00010659266,-0.000114060145
-0.00013707615,0.00013923568
-6.596744e-05,-2.5905054e-05
-5.5711764e-05,-3.6374215e-05
0.00016040092,2.9722518e-05
-6.6547575e-05,4.9893246e-05
-6.94959e-05,7.285652e-05
-0.000121107514,-8.457717e-06
0.000110290726,0.00018512068
-3.3313012e-05,-4.7488185e-05
-8.55092e-05,6.435018e-06
5.805736e-05,1.889642e-05
0.0002069954,0.00014055132
-1.8446588e-05,2.6307465e-05
-8.301717e-05,5.4698554e-05
-8.6591564e-05,-0.00012398808
1.1377816e-05,8.627886e-05
2.960006e-05,1.4116575e-05
1.7197626e-05,-2.3483724e-05
5.5166867e-05,-5.970764e-05
0.0001653917,0.00010757798
-8.0096164e-05,2.8916465e-05
7.634056e-05,0.00014804858
3.4272365e-05,-0.00012336421
4.9923066e-05,4.9731367e-05
-4.1733594e-05,7.116147e-07
-9.191185e-05,-0.00011772941
-0.00012667333,0.00016006587
-0.000112633534,5.3622196e-05
-0.00015771539,-2.4143616e-05
6.162863e-05,5.193024e-05
1.9873378e-05,-6.6636436e-05
-1.8820732e-05,4.00846e-06
3.9123584e-05,-6.5423475e-05
8.136499e-06,6.238181e-06
-1.6279093e-05,5.6908925e-06
-4.1849402e-05,5.22215e-06
-3.565501e-05,0.00020554563
2.4516627e-05,-6.231389e-05
-0.00013842725,-2.8226475e-05
-5.5014774e-05,4.624866e-05
4.0696952e-05,0.00014485864
1.1798703e-05,2.5034322e-05
-0.00015814038,0.00012718348
-0.00017939118,2.5318306e-05
5.2995954e-05,-7.776537e-06
7.808187e-05,-0.00010634944
-6.028405e-05,1.9071971e-05
-0.00012308662,0.00010188716
-0.00020361027,7.292316e-05
7.349395e-05,-0.0001591358
6.765514e-05,4.8210397e-05
9.909543e-05,6.203863e-05
0.00020684568,8.641173e-06
2.2901078e-05,-6.688683e-06
-0.00019263438,-1.7332772e-05
-0.0002369151,0.00010561696
3.0617637e-05,8.6680375e-06
-7.0401715e-05,3.4259327e-05
-0.00012196463,-0.00021486329
1.42455265e-05,-5.6037527e-05
6.762815e-05,-9.7393735e-05
-4.3028755e-05,4.881405e-05
3.595233e-05,-7.281973e-05
8.721025e-05,0.00020783248
0.0001810923,-0.00014497575
-6.3575644e-06,-0.00012659209
9.858513e-05,-0.00013268935
-0.00016395652,-0.00012037794
-7.906369e-06,0.00010767701
-4.9392324e-06,-3.905394e-05
-7.956582e-05,-2.3893055e-05
1.7296172e-05,0.000114241884
5.367692e-05,-6.003017e-05
-0.000106266736,7.19565e-05
-8.021523e-05,-0.000100585676
-5.59284e-05,-3.891361e-05
-3.6894246e-05,-6.742869e-05
5.967155e-05,8.203905e-05
-2.6358279e-05,-9.246134e-05
-0.00011662181,-5.5063658e-05
-8.974311e-06,9.908348e-05
9.720601e-05,3.1796706e-05
-0.000104992876,-7.286945e-05
-5.648967e-05,1.1994168e-05
0.00012771977,1.10629195e-07
-7.658265e-05,-6.697341e-05
0.00012698695,4.283104e-05
6.5977554e-05,-0.00013556682
4.022786e-05,0.00020207335
4.6371002e-05,-5.7921225e-05
3.0610074e-05,-1.62687e-05
-6.409877e-05,-3.561693e-05
-0.00020736028,-6.2685016e-05
-6.682054e-05,-3.3260236e-05
-7.438519e-05,-3.4544704e-05
-0.00010114164,3.432383e-05
-8.907705e-05,-3.569539e-05
-0.00015993859,-0.000104902465
-0.0002181524,3.8261744e-05
9.673989e-05,-4.4068973e-05
2.432908e-05,-7.658935e-05
5.1007555e-05,-2.4913972e-05
3.5900398e-06,2.224976e-05
3.5272683e-06,-2.2329928e-05
-3.5777335e-05,-0.00018743383
-0.00023613691,3.0125326e-05
-1.2431684e-05,-6.570332e-05
-0.00018747598,-7.455469e-05
-1.9600562e-05,3.2412783e-05
-4.9808517e-05,-0.00017639449
-1.8551604e-05,-9.4524024e-05
0.00017544831,6.38685e-05
-3.52456e-05,-7.894275e-05
-3.182304e-05,-4.585508e-05
-6.7955343e-06,-0.00015194256
2.7907186e-05,-2.112794e-05
-8.3640094e-05,-4.730626e-05
-1.6908481e-05,-3.218544e-05
-0.00013579533,1.975079e-05
9.10717e-05,8.263931e-05
-1.0657122e-05,-5.1497893e-05
-0.00015436568,0.00011023111
8.193252e-05,-2.3562775e-06
-4.216829e-05,8.808818e-05
-0.00011584793,-3.175654e-05
-0.00015580677,-6.295223e-05
0.00015108114,-9.890015e-05
-7.608596e-05,-6.380313e-05
9.442664e-05,-0.00012706997
-7.035757e-06,8.540635e-05
-4.7607737e-06,2.278409e-06
-1.0294461e-05,2.0703266e-05
-2.1068012e-05,7.692738e-05
3.7371967e-05,5.1865536e-05
5.745651e-05,4.836182e-05
0.00020170462,-0.0003079142
7.361366e-05,-5.3364e-05
-4.5684712e-05,-0.0001364121
2.8121516e-05,8.899771e-05
2.4467887e-05,7.455495e-05
-6.831907e-05,1.6008047e-05
0.00013712935,3.6439607e-05
5.8827874e-05,-0.00015184218
-0.00013109583,-0.00015764256
-6.533122e-05,4.0498988e-05
0.00012225723,0.00031836622
-2.7279317e-05,-9.409437e-05
-7.2170136e-05,8.954266e-05
-9.9641984e-05,0.00016278362
-0.00011023708,-8.179321e-05
-9.8097444e-05,1.516398e-05
-0.00016846621,2.5395304e-06
8.602007e-05,1.4975124e-05
-0.0001888095,1.9057248e-05
-4.632322e-05,1.2562534e-06
2.8369026e-05,-0.000118651355
1.8455794e-05,-6.817479e-05
4.610012e-06,-2.769227e-05
1.0329204e-05,0.00012367546
-0.00012042392,9.64149e-05
5.8657628e-05,0.00024198538
0.000105058454,-6.9081994e-05
-4.553215e-07,8.828922e-06
0.0002480204,-0.00016552651
-8.7818604e-05,-3.891891e-05
-4.3138618e-05,-0.00015538775
-5.591403e-05,8.559774e-05
2.576724e-05,3.0241856e-05
0.00010448332,-0.00010145947
-3.1760497e-05,1.7173486e-05
-7.892216e-05,-5.7932633e-05
8.672679e-06,0.00011079508
-1.5781347e-05,8.873217e-05
-9.4893265e-05,7.5175885e-05
0.00010342432,-0.00014571412
-0.00013809936,0.00012223762
-1.2549029e-06,0.00012607922
0.00017466236,-6.784157e-05
-0.0001315885,-1.0984919e-06
-1.03797975e-05,5.775326e-05
1.7640583e-05,-3.719758e-05
-2.6225903e-06,-0.0001553528
-0.00011586206,-0.00011019121
-4.4921584e-05,3.2932828e-06
6.220849e-05,7.026086e-05
-7.075437e-05,-7.915824e-05
4.4221368e-05,-4.7957983e-05
0.0001907798,-0.00013890519
7.609614e-06,0.00010922438
-0.00015931841,-0.00019050084
0.00012429799,1.3649728e-05
-4.8806945e-05,-4.874406e-05
2.5208017e-05,1.0604975e-05
3.473099e-05,4.867056e-05
8.2079394e-05,9.054965e-06
-5.2162424e-05,0.00013097239
0.00014350368,1.7405466e-05
-2.2546983e-05,-0.00010549591
-8.566384e-05,-0.000100804886
3.534332e-05,-1.8779929e-05
-1.5258307e-05,0.00019931718
2.5408684e-05,-5.2859465e-05
0.0001214466,0.00020963044
0.000225551,-2.8950764e-05
-1.4168989e-05,1.582385e-05
